id,name,localId,rarity,supertype,cm_updated,cm_unit,cm_idProduct,cm_avg,cm_low,cm_trend,cm_avg1,cm_avg7,cm_avg30,cm_avg_holo,cm_low_holo,cm_trend_holo,cm_avg1_holo,cm_avg7_holo,cm_avg30_holo,tp_updated,tp_unit,tp_reverse_holofoil_productId,tp_reverse_holofoil_lowPrice,tp_reverse_holofoil_midPrice,tp_reverse_holofoil_highPrice,tp_reverse_holofoil_marketPrice,tp_reverse_holofoil_directLowPrice,tp_normal_productId,tp_normal_lowPrice,tp_normal_midPrice,tp_normal_highPrice,tp_normal_marketPrice,tp_normal_directLowPrice,tp_holofoil_productId,tp_holofoil_lowPrice,tp_holofoil_midPrice,tp_holofoil_highPrice,tp_holofoil_marketPrice,tp_holofoil_directLowPrice
me04-001,Weedle,001,Common,,2026-07-25T08:03:04.302Z,EUR,886393,0.04,0.02,0.03,0.02,0.04,0.04,0.09,0.02,0.06,0.08,0.09,0.1,2026-07-25T08:03:02.306Z,USD,693561.0,0.01,0.25,20.0,0.22,0.25,693561.0,0.01,0.15,5.0,0.1,0.01,,,,,,
me04-002,Kakuna,002,Common,,2026-07-25T08:03:03.827Z,EUR,886394,0.05,0.02,0.03,0.02,0.04,0.05,0.1,0.02,0.09,0.14,0.1,0.11,2026-07-25T08:03:02.306Z,USD,693502.0,0.01,0.25,6.99,0.24,0.1,693502.0,0.01,0.15,12.0,0.13,0.04,,,,,,
me04-003,Beedrill ex,003,Double rare,,2026-07-25T08:03:03.827Z,EUR,886395,0.88,0.22,0.68,0.61,0.8,0.93,,,0.0,,,,2026-07-25T08:03:02.306Z,USD,,,,,,,,,,,,,693453.0,0.1,0.9,60.0,0.7,0.89
me04-004,Carnivine,004,Common,,2026-07-25T08:03:03.827Z,EUR,886396,0.02,0.02,0.03,0.03,0.02,0.02,0.07,0.02,0.07,0.06,0.08,0.06,2026-07-25T08:03:02.306Z,USD,693459.0,0.01,0.2,6.99,0.17,0.07,693459.0,0.01,0.13,6.99,0.09,0.01,,,,,,
me04-005,Chespin,005,Common,,2026-07-25T08:03:04.261Z,EUR,886397,0.02,0.02,0.02,0.02,0.02,0.02,0.07,0.02,0.08,0.08,0.08,0.07,2026-07-25T08:03:02.306Z,USD,693461.0,0.01,0.21,6.99,0.2,0.1,693461.0,0.01,0.14,8.0,0.1,0.01,,,,,,
me04-006,Quilladin,006,Common,,2026-07-25T08:03:04.261Z,EUR,886398,0.03,0.02,0.03,0.1,0.04,0.03,0.09,0.02,0.1,0.11,0.09,0.09,2026-07-25T08:03:02.306Z,USD,693537.0,0.01,0.25,6.99,0.27,0.05,693537.0,0.01,0.17,6.99,0.15,0.01,,,,,,
me04-007,Chesnaught,007,Rare,,2026-07-25T08:03:03.827Z,EUR,886399,0.05,0.02,0.06,0.03,0.06,0.05,0.11,0.02,0.13,0.18,0.13,0.1,2026-07-25T08:03:02.306Z,USD,693460.0,0.01,0.25,6.99,0.28,0.25,,,,,,,693460.0,0.01,0.2,25.0,0.15,0.07
me04-008,Vulpix,008,Common,,2026-07-25T08:03:03.827Z,EUR,886400,0.03,0.02,0.03,0.04,0.04,0.03,0.09,0.02,0.1,0.09,0.09,0.09,2026-07-25T08:03:02.306Z,USD,693558.0,0.02,0.25,6.99,0.29,0.25,693558.0,0.01,0.15,21.0,0.11,0.01,,,,,,
me04-009,Ninetales,009,Uncommon,,2026-07-25T08:03:03.827Z,EUR,886401,0.03,0.02,0.03,0.04,0.04,0.03,0.09,0.02,0.09,0.13,0.09,0.1,2026-07-25T08:03:02.306Z,USD,693526.0,0.01,0.25,6.99,0.24,0.25,693526.0,0.01,0.15,2.0,0.08,0.01,,,,,,
me04-010,Ho-Oh,010,Rare,,2026-07-25T08:03:03.827Z,EUR,886402,0.05,0.02,0.05,0.05,0.06,0.05,0.11,0.02,0.11,0.11,0.12,0.12,2026-07-25T08:03:02.306Z,USD,693500.0,0.01,0.26,6.99,0.28,0.25,,,,,,,693500.0,0.01,0.2,6.99,0.21,0.14
me04-011,Fennekin,011,Common,,2026-07-25T08:03:03.827Z,EUR,886403,0.03,0.02,0.03,0.04,0.03,0.03,0.08,0.02,0.05,0.08,0.07,0.08,2026-07-25T08:03:02.306Z,USD,693484.0,0.01,0.24,6.99,0.23,0.07,693484.0,0.01,0.15,6.99,0.09,0.01,,,,,,
me04-012,Braixen,012,Common,,2026-07-25T08:03:03.827Z,EUR,886404,0.03,0.02,0.03,0.03,0.03,0.03,0.09,0.02,0.08,0.1,0.09,0.09,2026-07-25T08:03:02.306Z,USD,693457.0,0.01,0.25,45.0,0.21,0.24,693457.0,0.01,0.15,6.99,0.14,0.01,,,,,,
me04-013,Delphox,013,Rare,,2026-07-25T08:03:03.827Z,EUR,888552,1.45,0.5,1.81,1.99,1.75,1.49,,,0.0,,,,2026-07-25T08:03:02.306Z,USD,693473.0,0.01,0.26,10.0,0.27,0.25,,,,,,,693473.0,0.01,0.2,10.0,0.15,0.07
me04-014,Litleo,014,Common,,2026-07-25T08:03:03.827Z,EUR,886406,0.02,0.02,0.03,0.03,0.03,0.02,0.06,0.02,0.06,0.07,0.06,0.06,2026-07-25T08:03:02.306Z,USD,693505.0,0.01,0.2,6.99,0.18,0.07,693505.0,0.01,0.13,6.99,0.12,0.01,,,,,,
me04-015,Mega Pyroar ex,015,Double rare,,2026-07-25T08:03:04.261Z,EUR,886407,0.43,0.08,0.41,0.38,0.41,0.43,,,0.0,,,,2026-07-25T08:03:02.306Z,USD,,,,,,,,,,,,,693519.0,0.04,0.67,125.0,0.62,0.83
me04-016,Remoraid,016,Common,,2026-07-25T08:03:03.827Z,EUR,886408,0.02,0.02,0.02,0.02,0.03,0.02,0.07,0.02,0.07,0.11,0.07,0.06,2026-07-25T08:03:02.306Z,USD,693539.0,0.01,0.23,6.99,0.26,0.12,693539.0,0.01,0.15,6.99,0.14,0.01,,,,,,
me04-017,Octillery,017,Common,,2026-07-25T08:03:03.827Z,EUR,886409,0.02,0.02,0.03,0.02,0.03,0.02,0.08,0.02,0.09,0.08,0.08,0.08,2026-07-25T08:03:02.306Z,USD,693528.0,0.01,0.23,6.99,0.23,0.14,693528.0,0.01,0.15,6.99,0.07,0.01,,,,,,
me04-018,Delibird,018,Uncommon,,2026-07-25T08:03:03.827Z,EUR,886410,0.02,0.02,0.02,0.02,0.03,0.02,0.08,0.02,0.08,0.12,0.09,0.08,2026-07-25T08:03:02.306Z,USD,693472.0,0.01,0.24,11.0,0.24,0.23,693472.0,0.01,0.13,6.99,0.07,0.01,,,,,,
me04-019,Keldeo,019,Rare,,2026-07-25T08:03:03.827Z,EUR,886411,0.05,0.02,0.05,0.03,0.04,0.05,0.1,0.02,0.09,0.07,0.1,0.09,2026-07-25T08:03:02.306Z,USD,693503.0,0.01,0.25,6.99,0.27,0.25,,,,,,,693503.0,0.01,0.16,6.99,0.13,0.01
me04-020,Froakie,020,Common,,2026-07-25T08:03:03.827Z,EUR,886412,0.05,0.02,0.03,0.03,0.04,0.05,0.1,0.02,0.09,0.11,0.14,0.1,2026-07-25T08:03:02.306Z,USD,693488.0,0.01,0.26,6.99,0.28,0.18,693488.0,0.01,0.17,2.99,0.15,0.12,,,,,,
me04-021,Frogadier,021,Common,,2026-07-25T08:03:04.261Z,EUR,886413,0.06,0.02,0.04,0.03,0.04,0.06,0.12,0.02,0.11,0.09,0.14,0.12,2026-07-25T08:03:02.306Z,USD,693490.0,0.01,0.3,6.99,0.39,1.71,693490.0,0.01,0.18,12.0,0.15,0.07,,,,,,
me04-022,Mega Greninja ex,022,Double rare,,2026-07-25T08:03:04.261Z,EUR,886414,1.67,0.8,1.31,1.38,1.48,1.71,,,0.0,,,,2026-07-25T08:03:02.306Z,USD,,,,,,,,,,,,,693515.0,0.4,1.4,90.0,1.1,1.26
me04-023,Bergmite,023,Common,,2026-07-25T08:03:04.261Z,EUR,886415,0.02,0.02,0.02,0.02,0.03,0.03,0.07,0.02,0.06,0.09,0.06,0.07,2026-07-25T08:03:02.306Z,USD,693456.0,0.01,0.2,6.99,0.15,0.07,693456.0,0.01,0.15,6.99,0.11,0.01,,,,,,
me04-024,Avalugg,024,Uncommon,,2026-07-25T08:03:04.261Z,EUR,886416,0.03,0.02,0.03,0.02,0.03,0.03,0.09,0.02,0.08,0.09,0.08,0.08,2026-07-25T08:03:02.306Z,USD,693448.0,0.01,0.24,6.99,0.28,0.1,693448.0,0.01,0.15,6.99,0.09,0.01,,,,,,
me04-025,Wimpod,025,Common,,2026-07-25T08:03:03.827Z,EUR,886417,0.04,0.02,0.02,0.02,0.02,0.04,0.06,0.02,0.06,0.08,0.06,0.06,2026-07-25T08:03:02.306Z,USD,693562.0,0.01,0.2,6.99,0.2,0.05,693562.0,0.01,0.14,6.99,0.1,0.01,,,,,,
me04-026,Golisopod,026,Uncommon,,2026-07-25T08:03:03.827Z,EUR,886418,0.02,0.02,0.03,0.03,0.02,0.02,0.09,0.02,0.09,0.14,0.1,0.08,2026-07-25T08:03:02.306Z,USD,693494.0,0.01,0.24,6.99,0.24,0.22,693494.0,0.01,0.15,6.99,0.14,0.01,,,,,,
me04-027,Mareep,027,Common,,2026-07-25T08:03:04.261Z,EUR,886419,0.03,0.02,0.03,0.02,0.02,0.03,0.08,0.02,0.07,0.08,0.07,0.08,2026-07-25T08:03:02.306Z,USD,693507.0,0.01,0.21,6.99,0.18,0.07,693507.0,0.01,0.15,6.99,0.11,0.01,,,,,,
me04-028,Flaaffy,028,Common,,2026-07-25T08:03:03.827Z,EUR,886420,0.03,0.02,0.03,0.04,0.03,0.03,0.08,0.02,0.08,0.08,0.08,0.08,2026-07-25T08:03:02.306Z,USD,693487.0,0.01,0.24,6.99,0.24,0.1,693487.0,0.01,0.15,6.99,0.09,0.01,,,,,,
me04-029,Ampharos,029,Rare,,2026-07-25T08:03:04.261Z,EUR,888542,1.36,0.44,1.54,2.48,2.08,1.36,,,0.0,,,,2026-07-25T08:03:02.306Z,USD,693445.0,0.01,0.25,6.99,0.24,0.25,,,,,,,693445.0,0.01,0.2,6.99,0.19,0.07
me04-030,Emolga,030,Common,,2026-07-25T08:03:04.261Z,EUR,886422,0.02,0.02,0.02,0.03,0.02,0.02,0.09,0.02,0.09,0.11,0.09,0.09,2026-07-25T08:03:02.306Z,USD,693481.0,0.01,0.24,6.99,0.28,0.2,693481.0,0.01,0.15,6.99,0.08,0.01,,,,,,
me04-031,Deoxys,031,Uncommon,,2026-07-25T08:03:03.827Z,EUR,886423,0.03,0.02,0.03,0.07,0.04,0.03,0.09,0.02,0.1,0.14,0.1,0.09,2026-07-25T08:03:02.306Z,USD,693474.0,0.01,0.25,6.99,0.36,0.25,693474.0,0.01,0.15,6.99,0.13,0.01,,,,,,
me04-032,Deoxys,032,Uncommon,,2026-07-25T08:03:04.261Z,EUR,886424,0.03,0.02,0.04,0.02,0.04,0.03,0.1,0.02,0.11,0.13,0.12,0.1,2026-07-25T08:03:02.306Z,USD,693475.0,0.01,0.27,6.99,0.27,0.25,693475.0,0.01,0.15,6.99,0.11,0.01,,,,,,
me04-033,Deoxys,033,Uncommon,,2026-07-25T08:03:04.261Z,EUR,886425,0.03,0.02,0.03,0.02,0.03,0.03,0.1,0.02,0.09,0.08,0.09,0.1,2026-07-25T08:03:02.306Z,USD,693476.0,0.03,0.25,6.99,0.24,0.25,693476.0,0.01,0.15,15.0,0.09,0.01,,,,,,
me04-034,Deoxys,034,Uncommon,,2026-07-25T08:03:04.261Z,EUR,886426,0.03,0.02,0.03,0.02,0.03,0.03,0.09,0.02,0.1,0.08,0.11,0.09,2026-07-25T08:03:02.306Z,USD,693477.0,0.01,0.25,6.99,0.24,0.18,693477.0,0.01,0.15,6.99,0.1,0.01,,,,,,
me04-035,Mega Floette ex,035,Double rare,,2026-07-25T08:03:03.827Z,EUR,886427,0.5,0.09,0.49,0.64,0.5,0.5,,,0.0,,,,2026-07-25T08:03:02.306Z,USD,,,,,,,,,,,,,693511.0,0.1,0.73,19.99,0.58,0.89
me04-036,Espurr,036,Common,,2026-07-25T08:03:04.261Z,EUR,886428,0.03,0.02,0.03,0.06,0.04,0.03,0.09,0.02,0.1,0.1,0.09,0.09,2026-07-25T08:03:02.306Z,USD,693483.0,0.01,0.25,6.99,0.26,0.21,693483.0,0.01,0.15,2.99,0.11,0.01,,,,,,
me04-037,Meowstic,037,Uncommon,,2026-07-25T08:03:04.261Z,EUR,886429,0.03,0.02,0.03,0.03,0.03,0.02,0.08,0.02,0.1,0.13,0.08,0.08,2026-07-25T08:03:02.306Z,USD,693521.0,0.01,0.25,6.99,0.3,0.23,693521.0,0.01,0.15,2.99,0.11,0.01,,,,,,
me04-038,Phantump,038,Common,,2026-07-25T08:03:03.827Z,EUR,886430,0.03,0.02,0.02,0.02,0.02,0.02,0.08,0.02,0.08,0.09,0.09,0.08,2026-07-25T08:03:02.306Z,USD,693531.0,0.01,0.24,48.0,0.24,0.21,693531.0,0.01,0.15,25.0,0.15,0.01,,,,,,
me04-039,Trevenant,039,Rare,,2026-07-25T08:03:04.261Z,EUR,886431,0.04,0.02,0.04,0.03,0.04,0.04,0.09,0.02,0.09,0.09,0.1,0.09,2026-07-25T08:03:02.306Z,USD,693556.0,0.01,0.24,6.99,0.25,0.21,,,,,,,693556.0,0.01,0.17,6.99,0.14,0.05
me04-040,Pumpkaboo,040,Common,,2026-07-25T08:03:04.624Z,EUR,886432,0.03,0.02,0.02,0.03,0.02,0.02,0.09,0.02,0.1,0.1,0.1,0.09,2026-07-25T08:03:02.306Z,USD,693536.0,0.01,0.22,6.99,0.19,0.07,693536.0,0.01,0.15,6.99,0.13,0.01,,,,,,
me04-041,Gourgeist ex,041,Double rare,,2026-07-25T08:03:04.261Z,EUR,886433,0.36,0.02,0.35,0.28,0.33,0.35,,,0.0,,,,2026-07-25T08:03:02.306Z,USD,,,,,,,,,,,,,693497.0,0.02,0.6,26.0,0.49,1.21
me04-042,Xerneas,042,Rare,,2026-07-25T08:03:04.302Z,EUR,886434,0.05,0.02,0.05,0.03,0.06,0.05,0.1,0.02,0.09,0.13,0.1,0.1,2026-07-25T08:03:02.306Z,USD,693563.0,0.01,0.25,6.99,0.22,0.21,,,,,,,693563.0,0.01,0.18,6.99,0.17,0.08
me04-043,Sudowoodo,043,Uncommon,,2026-07-25T08:03:03.827Z,EUR,886435,0.02,0.02,0.02,0.02,0.02,0.02,0.08,0.02,0.08,0.07,0.09,0.08,2026-07-25T08:03:02.306Z,USD,693550.0,0.01,0.21,6.99,0.21,0.12,693550.0,0.01,0.13,6.99,0.08,0.01,,,,,,
me04-044,Phanpy,044,Common,,2026-07-25T08:03:03.827Z,EUR,886436,0.03,0.02,0.03,0.03,0.03,0.02,0.08,0.02,0.09,0.11,0.08,0.09,2026-07-25T08:03:02.306Z,USD,693530.0,0.01,0.23,6.99,0.25,0.12,693530.0,0.01,0.15,6.99,0.14,0.01,,,,,,
me04-045,Donphan,045,Common,,2026-07-25T08:03:04.624Z,EUR,886437,0.03,0.02,0.02,0.03,0.03,0.02,0.08,0.02,0.08,0.13,0.08,0.08,2026-07-25T08:03:02.306Z,USD,693478.0,0.01,0.22,6.99,0.23,0.2,693478.0,0.01,0.14,6.99,0.09,0.01,,,,,,
me04-046,Baltoy,046,Common,,2026-07-25T08:03:03.827Z,EUR,886438,0.02,0.02,0.02,0.02,0.02,0.02,0.08,0.02,0.07,0.07,0.08,0.08,2026-07-25T08:03:02.306Z,USD,693452.0,0.01,0.24,6.99,0.24,0.22,693452.0,0.01,0.13,6.99,0.07,0.01,,,,,,
me04-047,Claydol,047,Uncommon,,2026-07-25T08:03:03.827Z,EUR,886439,0.02,0.02,0.03,0.02,0.02,0.02,0.08,0.02,0.08,0.1,0.08,0.08,2026-07-25T08:03:02.306Z,USD,693466.0,0.01,0.21,10.0,0.25,0.19,693466.0,0.01,0.14,6.99,0.09,0.01,,,,,,
me04-048,Mega Gallade ex,048,Double rare,,2026-07-25T08:03:04.261Z,EUR,886440,0.43,0.03,0.42,0.41,0.44,0.43,,,0.0,,,,2026-07-25T08:03:02.306Z,USD,,,,,,,,,,,,,693514.0,0.1,0.7,9.99,0.63,0.7
me04-049,Zubat,049,Common,,2026-07-25T08:03:03.827Z,EUR,886441,0.02,0.02,0.03,0.04,0.02,0.02,0.09,0.02,0.09,0.11,0.1,0.09,2026-07-25T08:03:02.306Z,USD,693565.0,0.01,0.25,6.99,0.25,0.12,693565.0,0.01,0.16,6.99,0.16,0.02,,,,,,
me04-050,Golbat,050,Common,,2026-07-25T08:03:03.827Z,EUR,886442,0.02,0.02,0.03,0.02,0.03,0.02,0.09,0.02,0.09,0.16,0.11,0.09,2026-07-25T08:03:02.306Z,USD,693493.0,0.01,0.24,6.99,0.27,0.22,693493.0,0.01,0.15,6.99,0.13,0.02,,,,,,
me04-051,Crobat,051,Rare,,2026-07-25T08:03:03.827Z,EUR,888531,1.55,0.2,1.68,2.0,2.1,1.59,,,0.0,,,,2026-07-25T08:03:02.306Z,USD,693470.0,0.01,0.25,6.99,0.27,0.25,,,,,,,693470.0,0.01,0.17,6.99,0.17,0.05
me04-052,Qwilfish,052,Common,,2026-07-25T08:03:03.827Z,EUR,886444,0.03,0.02,0.02,0.03,0.02,0.02,0.08,0.02,0.09,0.1,0.1,0.09,2026-07-25T08:03:02.306Z,USD,693538.0,0.01,0.25,6.99,0.26,0.25,693538.0,0.01,0.17,6.99,0.18,0.01,,,,,,
me04-053,Stunky,053,Common,,2026-07-25T08:03:03.827Z,EUR,886445,0.03,0.02,0.03,0.03,0.02,0.03,0.08,0.02,0.08,0.09,0.09,0.08,2026-07-25T08:03:02.306Z,USD,693549.0,0.01,0.25,6.99,0.27,0.25,693549.0,0.01,0.15,6.99,0.15,0.01,,,,,,
me04-054,Skuntank,054,Uncommon,,2026-07-25T08:03:03.827Z,EUR,886446,0.02,0.02,0.03,0.02,0.02,0.02,0.08,0.02,0.07,0.1,0.07,0.09,2026-07-25T08:03:02.306Z,USD,693544.0,0.01,0.22,6.99,0.24,0.16,693544.0,0.01,0.13,6.99,0.1,0.01,,,,,,
me04-055,Krookodile ex,055,Double rare,,2026-07-25T08:03:03.827Z,EUR,886447,0.36,0.02,0.37,0.3,0.35,0.36,,,0.0,,,,2026-07-25T08:03:02.306Z,USD,,,,,,,,,,,,,693504.0,0.14,0.59,25.0,0.58,0.75
me04-056,Trubbish,056,Common,,2026-07-25T08:03:04.261Z,EUR,886448,0.03,0.02,0.02,0.04,0.02,0.03,0.08,0.02,0.08,0.08,0.08,0.08,2026-07-25T08:03:02.306Z,USD,693557.0,0.02,0.25,6.99,0.25,0.12,693557.0,0.01,0.15,6.99,0.12,0.01,,,,,,
me04-057,Garbodor,057,Uncommon,,2026-07-25T08:03:04.302Z,EUR,886449,0.02,0.02,0.02,0.02,0.02,0.02,0.08,0.02,0.08,0.08,0.09,0.08,2026-07-25T08:03:02.306Z,USD,693492.0,0.01,0.24,6.99,0.23,0.24,693492.0,0.01,0.15,7.0,0.08,0.01,,,,,,
me04-058,Skrelp,058,Common,,2026-07-25T08:03:03.827Z,EUR,886450,0.03,0.02,0.03,0.02,0.03,0.03,0.08,0.02,0.09,0.07,0.07,0.08,2026-07-25T08:03:02.306Z,USD,693543.0,0.01,0.25,19.0,0.28,0.25,693543.0,0.01,0.15,6.99,0.11,0.01,,,,,,
me04-059,Beldum,059,Common,,2026-07-25T08:03:04.261Z,EUR,886451,0.04,0.02,0.04,0.06,0.05,0.04,0.08,0.02,0.09,0.08,0.09,0.08,2026-07-25T08:03:02.306Z,USD,693455.0,0.01,0.23,6.99,0.23,0.12,693455.0,0.01,0.19,1.6,0.19,0.04,,,,,,
me04-060,Metang,060,Common,,2026-07-25T08:03:04.261Z,EUR,886452,0.02,0.02,0.02,0.02,0.02,0.02,0.07,0.02,0.08,0.09,0.07,0.07,2026-07-25T08:03:02.306Z,USD,693523.0,0.01,0.23,6.99,0.25,0.2,693523.0,0.01,0.15,6.99,0.17,0.01,,,,,,
me04-061,Metagross,061,Uncommon,,2026-07-25T08:03:04.261Z,EUR,886453,0.05,0.02,0.05,0.07,0.06,0.05,0.12,0.02,0.12,0.1,0.13,0.12,2026-07-25T08:03:02.306Z,USD,693522.0,0.01,0.3,6.99,0.43,0.58,693522.0,0.01,0.2,2.99,0.19,0.16,,,,,,
me04-062,Ferroseed,062,Common,,2026-07-25T08:03:04.624Z,EUR,886454,0.02,0.02,0.03,0.02,0.02,0.02,0.07,0.02,0.07,0.07,0.07,0.06,2026-07-25T08:03:02.306Z,USD,693485.0,0.01,0.2,6.99,0.22,0.1,693485.0,0.01,0.12,6.99,0.05,0.01,,,,,,
me04-063,Ferrothorn,063,Uncommon,,2026-07-25T08:03:04.302Z,EUR,886455,0.02,0.02,0.02,0.02,0.02,0.02,0.09,0.02,0.08,0.08,0.07,0.08,2026-07-25T08:03:02.306Z,USD,693486.0,0.01,0.22,6.99,0.21,0.1,693486.0,0.01,0.12,6.99,0.09,0.01,,,,,,
me04-064,Cobalion ex,064,Double rare,,2026-07-25T08:03:03.827Z,EUR,886456,0.35,0.02,0.31,0.3,0.32,0.35,,,0.0,,,,2026-07-25T08:03:02.306Z,USD,,,,,,,,,,,,,693468.0,0.04,0.58,40.0,0.62,0.89
me04-065,Mega Dragalge ex,065,Double rare,,2026-07-25T08:03:04.261Z,EUR,886457,0.49,0.05,0.43,0.46,0.47,0.49,,,0.0,,,,2026-07-25T08:03:02.306Z,USD,,,,,,,,,,,,,693508.0,0.08,0.75,65.0,0.64,0.89
me04-066,Goomy,066,Common,,2026-07-25T08:03:04.261Z,EUR,886458,0.02,0.02,0.02,0.02,0.02,0.02,0.07,0.02,0.06,0.09,0.07,0.07,2026-07-25T08:03:02.306Z,USD,693496.0,0.01,0.21,6.99,0.22,0.12,693496.0,0.01,0.15,6.99,0.1,0.01,,,,,,
me04-067,Sliggoo,067,Common,,2026-07-25T08:03:04.397Z,EUR,886459,0.02,0.02,0.02,0.02,0.03,0.02,0.09,0.02,0.09,0.08,0.1,0.08,2026-07-25T08:03:02.306Z,USD,693545.0,0.01,0.22,6.99,0.21,0.15,693545.0,0.01,0.15,6.99,0.14,0.01,,,,,,
me04-068,Goodra,068,Rare,,2026-07-25T08:03:04.261Z,EUR,888530,1.6,0.06,1.87,1.99,1.99,1.6,,,0.0,,,,2026-07-25T08:03:02.306Z,USD,693495.0,0.01,0.25,6.99,0.27,0.24,,,,,,,693495.0,0.01,0.19,6.99,0.2,0.1
me04-069,Tauros,069,Uncommon,,2026-07-25T08:03:04.261Z,EUR,886461,0.02,0.02,0.03,0.02,0.03,0.02,0.09,0.02,0.09,0.09,0.08,0.08,2026-07-25T08:03:02.306Z,USD,693552.0,0.01,0.22,6.99,0.22,0.2,693552.0,0.01,0.15,6.99,0.14,0.01,,,,,,
me04-070,Patrat,070,Common,,2026-07-25T08:03:04.397Z,EUR,886462,0.04,0.02,0.05,0.05,0.05,0.04,0.09,0.02,0.08,0.12,0.1,0.09,2026-07-25T08:03:02.306Z,USD,693529.0,0.01,0.22,6.99,0.23,0.21,693529.0,0.01,0.15,2.99,0.11,0.01,,,,,,
me04-071,Watchog,071,Common,,2026-07-25T08:03:04.261Z,EUR,886463,0.03,0.02,0.03,0.03,0.02,0.02,0.08,0.02,0.09,0.2,0.1,0.08,2026-07-25T08:03:02.306Z,USD,693559.0,0.01,0.21,6.99,0.23,0.1,693559.0,0.01,0.13,6.99,0.08,0.01,,,,,,
me04-072,Minccino,072,Common,,2026-07-25T08:03:04.261Z,EUR,886464,0.03,0.02,0.02,0.03,0.03,0.03,0.09,0.02,0.1,0.09,0.09,0.09,2026-07-25T08:03:02.306Z,USD,693525.0,0.01,0.25,25.0,0.27,0.1,693525.0,0.01,0.15,6.99,0.15,0.01,,,,,,
me04-073,Cinccino ex,073,Double rare,,2026-07-25T08:03:04.261Z,EUR,886465,0.42,0.02,0.38,0.41,0.39,0.42,,,0.0,,,,2026-07-25T08:03:02.306Z,USD,,,,,,,,,,,,,693463.0,0.05,0.75,32.5,0.69,0.92
me04-074,Adversity Policy,074,Uncommon,,2026-07-25T08:03:04.261Z,EUR,886466,0.03,0.02,0.02,0.02,0.02,0.03,0.1,0.02,0.09,0.05,0.11,0.1,2026-07-25T08:03:02.306Z,USD,693444.0,0.01,0.22,6.99,0.23,0.12,693444.0,0.01,0.13,6.99,0.12,0.01,,,,,,
me04-075,Ange Floette,075,Uncommon,,2026-07-25T08:03:04.302Z,EUR,886467,0.03,0.02,0.03,0.02,0.03,0.03,0.08,0.02,0.09,0.12,0.08,0.08,2026-07-25T08:03:02.306Z,USD,693447.0,0.01,0.25,6.99,0.25,0.25,693447.0,0.01,0.15,7.0,0.15,0.01,,,,,,
me04-076,AZ's Tranquility,076,Uncommon,,2026-07-25T08:03:04.302Z,EUR,886468,0.04,0.02,0.05,0.08,0.05,0.04,0.11,0.02,0.11,0.08,0.11,0.11,2026-07-25T08:03:02.306Z,USD,693449.0,0.01,0.23,6.99,0.21,0.15,693449.0,0.01,0.16,16.0,0.11,0.05,,,,,,
me04-077,Emma,077,Uncommon,,2026-07-25T08:03:04.261Z,EUR,886470,0.03,0.02,0.02,0.02,0.05,0.03,0.09,0.02,0.09,0.13,0.12,0.09,2026-07-25T08:03:02.306Z,USD,693479.0,0.01,0.24,6.99,0.23,0.17,693479.0,0.01,0.15,6.99,0.13,0.01,,,,,,
me04-078,Great Haul Net,078,Uncommon,,2026-07-25T08:03:04.261Z,EUR,886469,0.05,0.02,0.05,0.06,0.05,0.05,0.1,0.02,0.09,0.07,0.1,0.1,2026-07-25T08:03:02.306Z,USD,693499.0,0.01,0.25,6.99,0.24,0.1,693499.0,0.01,0.17,2.99,0.14,0.06,,,,,,
me04-079,Philippe,079,Uncommon,,2026-07-25T08:03:04.261Z,EUR,886471,0.04,0.02,0.04,0.05,0.05,0.04,0.09,0.02,0.11,0.08,0.11,0.09,2026-07-25T08:03:02.306Z,USD,693532.0,0.01,0.24,6.99,0.22,0.07,693532.0,0.01,0.15,1.99,0.07,0.01,,,,,,
me04-080,Prism Tower,080,Uncommon,,2026-07-25T08:03:04.261Z,EUR,886472,0.07,0.02,0.07,0.06,0.08,0.07,0.13,0.02,0.14,0.08,0.14,0.13,2026-07-25T08:03:02.306Z,USD,693534.0,0.01,0.31,6.99,0.36,0.7,693534.0,0.01,0.18,12.0,0.18,0.12,,,,,,
me04-081,Roxie's Performance,081,Uncommon,,2026-07-25T08:03:04.261Z,EUR,886473,0.04,0.02,0.04,0.05,0.03,0.04,0.11,0.02,0.13,0.16,0.12,0.11,2026-07-25T08:03:02.306Z,USD,693540.0,0.01,0.24,6.99,0.24,0.25,693540.0,0.01,0.15,6.99,0.11,0.01,,,,,,
me04-082,Special Red Card,082,Uncommon,,2026-07-25T08:03:04.261Z,EUR,886474,0.14,0.02,0.16,0.16,0.14,0.14,0.24,0.02,0.33,0.35,0.33,0.23,2026-07-25T08:03:02.306Z,USD,693547.0,0.01,0.42,25.0,0.38,0.91,693547.0,0.01,0.23,4321.0,0.19,0.14,,,,,,
me04-083,Transformation Tome,083,Uncommon,,2026-07-25T08:03:04.261Z,EUR,886475,0.06,0.02,0.06,0.07,0.07,0.06,0.13,0.02,0.12,0.16,0.11,0.14,2026-07-25T08:03:02.306Z,USD,693555.0,0.01,0.39,6.99,1.05,4.98,693555.0,0.01,0.18,20.0,0.18,0.06,,,,,,
me04-084,Bubbly Water Energy,084,Rare,,2026-07-25T08:03:04.261Z,EUR,886476,0.09,0.02,0.11,0.12,0.11,0.09,0.13,0.02,0.16,0.21,0.15,0.14,2026-07-25T08:03:02.306Z,USD,693458.0,0.01,0.25,6.99,0.2,0.25,,,,,,,693458.0,0.01,0.2,20.0,0.19,0.15
me04-085,Magnetic Metal Energy,085,Rare,,2026-07-25T08:03:04.624Z,EUR,886477,0.09,0.02,0.13,0.09,0.13,0.09,0.13,0.02,0.18,0.1,0.14,0.12,2026-07-25T08:03:02.306Z,USD,693506.0,0.01,0.25,6.99,0.23,0.25,,,,,,,693506.0,0.01,0.2,6.99,0.19,0.15
me04-086,Nitro Fire Energy,086,Rare,,2026-07-25T08:03:04.261Z,EUR,886478,0.08,0.02,0.08,0.11,0.09,0.08,0.14,0.02,0.19,0.06,0.16,0.14,2026-07-25T08:03:02.306Z,USD,693527.0,0.01,0.25,25.0,0.25,0.1,,,,,,,693527.0,0.01,0.2,6.99,0.19,0.15
me04-087,Chespin,087,Illustration rare,,2026-07-25T08:03:04.397Z,EUR,886479,5.4,1.5,4.72,4.94,4.9,5.47,,,0.0,,,,2026-07-25T08:03:02.306Z,USD,,,,,,,,,,,,,693462.0,4.2,6.15,55.55,5.08,5.34
me04-088,Froakie,088,Illustration rare,,2026-07-25T08:03:04.261Z,EUR,886480,10.69,6.0,9.64,10.08,9.93,10.83,,,0.0,,,,2026-07-25T08:03:02.306Z,USD,,,,,,,,,,,,,693489.0,10.0,13.77,249.99,11.38,12.99
me04-089,Frogadier,089,Illustration rare,,2026-07-25T08:03:04.261Z,EUR,886481,9.04,5.85,8.26,8.79,8.43,9.1,,,0.0,,,,2026-07-25T08:03:02.306Z,USD,,,,,,,,,,,,,693491.0,6.75,9.6,5401.25,7.68,7.58
me04-090,Ampharos,090,Illustration rare,,2026-07-25T08:03:03.827Z,EUR,886482,10.71,4.15,9.44,9.98,10.05,11.01,,,0.0,,,,2026-07-25T08:03:02.306Z,USD,,,,,,,,,,,,,693446.0,6.99,10.74,5401.25,8.77,9.87
me04-091,Xerneas,091,Illustration rare,,2026-07-25T08:03:04.624Z,EUR,886483,9.31,4.0,8.22,9.01,8.59,9.58,,,0.0,,,,2026-07-25T08:03:02.306Z,USD,,,,,,,,,,,,,693564.0,8.75,12.0,109.86,10.03,11.8
me04-092,Claydol,092,Illustration rare,,2026-07-25T08:03:04.624Z,EUR,886484,3.01,1.0,2.71,2.53,2.77,3.03,,,0.0,,,,2026-07-25T08:03:02.306Z,USD,,,,,,,,,,,,,693467.0,1.69,3.05,50.0,2.61,3.29
me04-093,Crobat,093,Illustration rare,,2026-07-25T08:03:04.261Z,EUR,886485,4.34,2.0,3.52,3.14,3.82,4.44,,,0.0,,,,2026-07-25T08:03:02.306Z,USD,,,,,,,,,,,,,693471.0,2.37,4.25,29.99,3.6,4.29
me04-094,Metang,094,Illustration rare,,2026-07-25T08:03:04.302Z,EUR,886487,3.73,1.35,3.66,3.46,3.68,3.74,,,0.0,,,,2026-07-25T08:03:02.306Z,USD,,,,,,,,,,,,,693524.0,1.5,3.98,29.99,3.11,3.84
me04-095,Sliggoo,095,Illustration rare,,2026-07-25T08:03:04.261Z,EUR,886486,3.01,0.95,2.5,2.86,2.66,3.06,,,0.0,,,,2026-07-25T08:03:02.306Z,USD,,,,,,,,,,,,,693546.0,1.0,3.03,5401.25,2.62,3.28
me04-096,Tauros,096,Illustration rare,,2026-07-25T08:03:03.827Z,EUR,886488,5.95,2.7,5.51,5.89,5.71,6.01,,,0.0,,,,2026-07-25T08:03:02.306Z,USD,,,,,,,,,,,,,693553.0,2.29,5.0,29.99,4.01,5.0
me04-097,Watchog,097,Illustration rare,,2026-07-25T08:03:04.261Z,EUR,886489,2.08,0.9,1.86,1.97,1.98,2.16,,,0.0,,,,2026-07-25T08:03:02.306Z,USD,,,,,,,,,,,,,693560.0,1.0,2.5,25.0,2.17,3.07
me04-098,Beedrill ex,098,Ultra Rare,,2026-07-25T08:03:04.261Z,EUR,886490,3.82,1.8,3.43,3.43,3.76,3.98,,,0.0,,,,2026-07-25T08:03:02.306Z,USD,,,,,,,,,,,,,693454.0,2.0,5.0,44.44,4.0,
me04-099,Mega Pyroar ex,099,Ultra Rare,,2026-07-25T08:03:03.827Z,EUR,886491,4.5,2.0,3.76,4.22,4.18,4.36,,,0.0,,,,2026-07-25T08:03:02.306Z,USD,,,,,,,,,,,,,693520.0,2.0,4.5,535.0,3.48,3.49
me04-100,Mega Greninja ex,100,Ultra Rare,,2026-07-25T08:03:03.827Z,EUR,886492,12.91,8.0,12.05,10.42,12.77,12.91,,,0.0,,,,2026-07-25T08:03:02.306Z,USD,,,,,,,,,,,,,693516.0,11.94,16.55,99.99,13.96,
me04-101,Mega Floette ex,101,Ultra Rare,,2026-07-25T08:03:03.827Z,EUR,886493,5.5,3.0,4.84,5.04,5.07,5.29,,,0.0,,,,2026-07-25T08:03:02.306Z,USD,,,,,,,,,,,,,693512.0,3.18,5.51,35.0,4.58,3.7
me04-102,Gourgeist ex,102,Ultra Rare,,2026-07-25T08:03:04.261Z,EUR,886494,1.72,0.65,1.63,1.85,1.65,1.73,,,0.0,,,,2026-07-25T08:03:02.306Z,USD,,,,,,,,,,,,,693498.0,0.94,1.89,19.91,1.63,2.18
me04-103,Cobalion ex,103,Ultra Rare,,2026-07-25T08:03:04.261Z,EUR,886495,2.19,0.95,2.12,2.22,2.18,2.22,,,0.0,,,,2026-07-25T08:03:02.306Z,USD,,,,,,,,,,,,,693469.0,1.25,2.25,24.99,2.01,2.5
me04-104,Mega Dragalge ex,104,Ultra Rare,,2026-07-25T08:03:04.302Z,EUR,886496,4.26,1.99,3.84,4.16,4.03,4.15,,,0.0,,,,2026-07-25T08:03:02.306Z,USD,,,,,,,,,,,,,693509.0,2.0,4.5,49.99,3.61,2.49
me04-105,Cinccino ex,105,Ultra Rare,,2026-07-25T08:03:04.302Z,EUR,886497,4.01,1.75,3.18,3.68,3.57,3.88,,,0.0,,,,2026-07-25T08:03:02.306Z,USD,,,,,,,,,,,,,693464.0,3.98,5.9,44.48,4.67,6.0
me04-106,AZ's Tranquility,106,Ultra Rare,,2026-07-25T08:03:04.302Z,EUR,886500,2.91,1.32,2.51,2.13,2.57,2.72,,,0.0,,,,2026-07-25T08:03:02.306Z,USD,,,,,,,,,,,,,693450.0,1.4,2.61,420.69,2.42,2.99
me04-107,Emma,107,Ultra Rare,,2026-07-25T08:03:04.302Z,EUR,886501,3.16,1.5,2.76,2.74,2.96,3.17,,,0.0,,,,2026-07-25T08:03:02.306Z,USD,,,,,,,,,,,,,693480.0,1.89,4.0,19.99,2.94,3.82
me04-108,Energy Retrieval,108,Ultra Rare,,2026-07-25T08:03:04.302Z,EUR,886498,2.32,1.2,1.96,1.83,2.26,2.42,,,0.0,,,,2026-07-25T08:03:02.306Z,USD,,,,,,,,,,,,,693482.0,1.31,2.8,22.0,2.48,4.09
me04-109,Jumbo Ice Cream,109,Ultra Rare,,2026-07-25T08:03:03.827Z,EUR,886503,2.54,1.45,2.44,2.35,2.44,2.55,,,0.0,,,,2026-07-25T08:03:02.306Z,USD,,,,,,,,,,,,,693501.0,3.0,4.8,19.85,4.38,4.52
me04-110,Philippe,110,Ultra Rare,,2026-07-25T08:03:03.827Z,EUR,886502,2.43,0.8,2.19,2.11,2.28,2.32,,,0.0,,,,2026-07-25T08:03:02.306Z,USD,,,,,,,,,,,,,693533.0,0.99,2.08,19.97,1.47,0.99
me04-111,Prism Tower,111,Ultra Rare,,2026-07-25T08:03:03.827Z,EUR,886504,3.19,0.9,3.42,3.21,3.38,3.15,,,0.0,,,,2026-07-25T08:03:02.306Z,USD,,,,,,,,,,,,,693535.0,2.44,3.61,40.0,3.3,
me04-112,Roxie's Performance,112,Ultra Rare,,2026-07-25T08:03:03.827Z,EUR,886505,3.44,1.49,2.6,2.93,2.94,3.27,,,0.0,,,,2026-07-25T08:03:02.306Z,USD,,,,,,,,,,,,,693541.0,1.45,3.0,19.96,2.46,3.11
me04-113,Special Red Card,113,Ultra Rare,,2026-07-25T08:03:03.827Z,EUR,886506,5.35,2.49,4.38,4.18,4.67,5.35,,,0.0,,,,2026-07-25T08:03:02.306Z,USD,,,,,,,,,,,,,693548.0,2.0,5.0,30.99,3.44,
me04-114,Surfing Beach,114,Ultra Rare,,2026-07-25T08:03:04.261Z,EUR,886507,5.13,2.8,4.35,3.65,4.46,4.85,,,0.0,,,,2026-07-25T08:03:02.306Z,USD,,,,,,,,,,,,,693551.0,3.0,6.08,5401.25,4.91,6.4
me04-115,Tool Scrapper,115,Ultra Rare,,2026-07-25T08:03:04.261Z,EUR,886508,2.07,0.85,1.88,1.82,1.97,2.16,,,0.0,,,,2026-07-25T08:03:02.306Z,USD,,,,,,,,,,,,,693554.0,0.5,1.92,90.0,1.71,1.56
me04-116,Mega Greninja ex,116,Special illustration rare,,2026-07-25T08:03:03.827Z,EUR,886509,212.37,150.0,195.53,189.64,204.76,215.0,,,0.0,,,,2026-07-25T08:03:02.306Z,USD,,,,,,,,,,,,,693517.0,225.0,263.25,1249.99,240.58,239.7
me04-117,Mega Floette ex,117,Special illustration rare,,2026-07-25T08:03:03.827Z,EUR,886510,36.62,23.9,33.92,30.76,36.71,37.05,,,0.0,,,,2026-07-25T08:03:02.306Z,USD,,,,,,,,,,,,,693513.0,32.92,42.75,350.0,34.15,33.99
me04-118,Mega Dragalge ex,118,Special illustration rare,,2026-07-25T08:03:04.261Z,EUR,886511,42.38,25.0,39.19,36.79,40.39,42.46,,,0.0,,,,2026-07-25T08:03:02.306Z,USD,,,,,,,,,,,,,693510.0,41.49,53.59,5401.25,45.07,50.49
me04-119,Cinccino ex,119,Special illustration rare,,2026-07-25T08:03:03.827Z,EUR,886512,51.1,25.0,44.12,45.77,48.31,50.7,,,0.0,,,,2026-07-25T08:03:02.306Z,USD,,,,,,,,,,,,,693465.0,55.89,77.23,299.99,68.87,70.12
me04-120,AZ's Tranquility,120,Special illustration rare,,2026-07-25T08:03:03.827Z,EUR,886513,26.52,15.0,24.32,21.11,24.59,25.41,,,0.0,,,,2026-07-25T08:03:02.306Z,USD,,,,,,,,,,,,,693451.0,27.52,35.64,349.99,28.72,32.99
me04-121,Roxie's Performance,121,Special illustration rare,,2026-07-25T08:03:03.827Z,EUR,886514,20.37,10.99,20.7,20.92,20.48,20.44,,,0.0,,,,2026-07-25T08:03:02.306Z,USD,,,,,,,,,,,,,693542.0,22.0,28.83,150.0,23.71,
me04-122,Mega Greninja ex,122,Mega Hyper Rare,,2026-07-25T08:03:04.261Z,EUR,886515,167.1,120.0,163.16,170.99,159.31,170.46,,,0.0,,,,2026-07-25T08:03:02.306Z,USD,,,,,,,,,,,,,693518.0,185.0,229.99,5401.25,197.55,194.25
