id,name,localId,rarity,supertype,cm_updated,cm_unit,cm_idProduct,cm_avg,cm_low,cm_trend,cm_avg1,cm_avg7,cm_avg30,cm_avg_holo,cm_low_holo,cm_trend_holo,cm_avg1_holo,cm_avg7_holo,cm_avg30_holo,tp_updated,tp_unit,tp_normal_productId,tp_normal_lowPrice,tp_normal_midPrice,tp_normal_highPrice,tp_normal_marketPrice,tp_normal_directLowPrice,tp_reverse_holofoil_productId,tp_reverse_holofoil_lowPrice,tp_reverse_holofoil_midPrice,tp_reverse_holofoil_highPrice,tp_reverse_holofoil_marketPrice,tp_reverse_holofoil_directLowPrice,tp_holofoil_productId,tp_holofoil_lowPrice,tp_holofoil_midPrice,tp_holofoil_highPrice,tp_holofoil_marketPrice,tp_holofoil_directLowPrice
me05-001,Tropius,001,Common,,2026-07-20T08:03:04.265Z,EUR,895789,0.02,0.02,0.03,0.03,0.04,0.04,,0.02,0.13,0.08,0.1,0.1,2026-07-20T08:03:02.229Z,USD,704758.0,0.01,0.15,1.65,0.04,,704758.0,0.01,0.2,2.0,0.1,,,,,,,
me05-002,Grubbin,002,Common,,2026-07-20T08:03:04.811Z,EUR,895790,0.09,0.02,0.02,0.03,0.04,0.04,,0.02,0.12,0.06,0.11,0.1,2026-07-20T08:03:02.229Z,USD,704759.0,0.01,0.15,1.65,0.07,,704759.0,0.01,0.18,4.0,0.11,,,,,,,
me05-003,Fomantis,003,Common,,2026-07-20T08:03:04.265Z,EUR,895791,0.02,0.02,0.06,0.03,0.04,0.04,0.05,0.02,0.15,0.1,0.13,0.13,2026-07-20T08:03:02.229Z,USD,704760.0,0.01,0.15,100.0,0.07,,704760.0,0.01,0.22,4.0,0.13,,,,,,,
me05-004,Lurantis ex,004,Double rare,,2026-07-20T08:03:04.265Z,EUR,895792,0.49,0.08,0.74,0.4,0.54,0.54,,,0.0,,,,2026-07-20T08:03:02.229Z,USD,,,,,,,,,,,,,704761.0,0.15,0.52,6.0,0.4,
me05-005,Poltchageist,005,Common,,2026-07-20T08:03:04.265Z,EUR,895793,0.39,0.02,0.1,0.05,0.09,0.1,,0.02,0.02,0.13,0.2,0.21,2026-07-20T08:03:02.229Z,USD,704762.0,0.01,0.15,2.2,0.08,,704762.0,0.04,0.25,3.22,0.19,,,,,,,
me05-006,Sinistcha,006,Uncommon,,2026-07-20T08:03:04.265Z,EUR,895794,0.45,0.02,0.1,0.07,0.12,0.14,,0.02,0.02,0.23,0.23,0.27,2026-07-20T08:03:02.229Z,USD,704763.0,0.01,0.15,2.2,0.09,,704763.0,0.08,0.25,4.99,0.23,,,,,,,
me05-007,Heatran,007,Uncommon,,2026-07-20T08:03:04.265Z,EUR,895795,0.02,0.02,0.06,0.04,0.04,0.04,0.05,0.02,0.18,0.1,0.13,0.13,2026-07-20T08:03:02.229Z,USD,704764.0,0.01,0.15,4.6,0.07,,704764.0,0.02,0.25,25.0,0.14,,,,,,,
me05-008,Mega Delphox ex,008,Double rare,,2026-07-20T08:03:04.265Z,EUR,895796,1.17,0.2,1.06,0.61,0.9,0.95,,,0.0,,,,2026-07-20T08:03:02.229Z,USD,,,,,,,,,,,,,704765.0,0.15,0.69,19.99,0.63,
me05-009,Sizzlipede,009,Common,,2026-07-20T08:03:04.811Z,EUR,895797,0.02,0.02,0.04,0.02,0.03,0.03,0.05,0.02,0.17,0.07,0.11,0.11,2026-07-20T08:03:02.229Z,USD,704766.0,0.01,0.15,4.0,0.04,,704766.0,0.01,0.18,4.0,0.09,,,,,,,
me05-010,Centiskorch,010,Common,,2026-07-20T08:03:04.265Z,EUR,895798,0.02,0.02,0.04,0.03,0.03,0.03,,0.02,0.09,0.1,0.1,0.1,2026-07-20T08:03:02.229Z,USD,704767.0,0.01,0.15,1.65,0.05,,704767.0,0.01,0.19,1.65,0.1,,,,,,,
me05-011,Charcadet,011,Common,,2026-07-20T08:03:04.265Z,EUR,895799,0.02,0.02,0.05,0.07,0.05,0.05,0.2,0.02,0.08,0.08,0.12,0.12,2026-07-20T08:03:02.229Z,USD,704768.0,0.01,0.15,1.65,0.07,,704768.0,0.01,0.2,25.0,0.12,,,,,,,
me05-012,Armarouge,012,Rare,,2026-07-20T08:03:04.811Z,EUR,895800,,0.02,0.17,0.1,0.09,0.08,0.05,0.02,0.17,0.13,0.14,0.14,2026-07-20T08:03:02.229Z,USD,,,,,,,704769.0,0.08,0.29,3.0,0.26,,704769.0,0.01,0.2,1.66,0.11,
me05-013,Goldeen,013,Common,,2026-07-20T08:03:04.811Z,EUR,895801,0.02,0.02,0.07,0.02,0.04,0.04,,0.02,0.23,0.12,0.19,0.19,2026-07-20T08:03:02.229Z,USD,704770.0,0.01,0.15,100.0,0.05,,704770.0,0.02,0.2,4.0,0.11,,,,,,,
me05-014,Seaking,014,Uncommon,,2026-07-20T08:03:04.265Z,EUR,895802,,0.02,0.03,0.02,0.03,0.03,0.04,0.02,0.17,0.11,0.13,0.13,2026-07-20T08:03:02.229Z,USD,704771.0,0.01,0.15,1.65,0.07,,704771.0,0.01,0.2,4.0,0.1,,,,,,,
me05-015,Wailmer,015,Common,,2026-07-20T08:03:04.265Z,EUR,895803,,0.02,0.08,0.04,0.06,0.06,,0.02,0.19,0.11,0.21,0.21,2026-07-20T08:03:02.229Z,USD,704772.0,0.02,0.18,5.0,0.12,,704772.0,0.04,0.27,17.0,0.26,,,,,,,
me05-016,Wailord ex,016,Double rare,,2026-07-20T08:03:04.265Z,EUR,895804,3.36,0.19,0.88,0.59,0.89,0.93,,,0.0,,,,2026-07-20T08:03:02.229Z,USD,,,,,,,,,,,,,704773.0,0.19,0.61,19.99,0.51,
me05-017,Relicanth,017,Uncommon,,2026-07-20T08:03:04.811Z,EUR,895805,0.14,0.02,0.05,0.03,0.04,0.05,0.05,0.02,0.14,0.1,0.15,0.15,2026-07-20T08:03:02.229Z,USD,704774.0,0.01,0.17,1.66,0.09,,704774.0,0.03,0.25,2.99,0.15,,,,,,,
me05-018,Popplio,018,Common,,2026-07-20T08:03:04.265Z,EUR,895806,0.02,0.02,0.05,0.04,0.04,0.04,,0.02,0.15,0.13,0.15,0.15,2026-07-20T08:03:02.229Z,USD,704775.0,0.01,0.15,4.0,0.05,,704775.0,0.01,0.2,6.99,0.1,,,,,,,
me05-019,Brionne,019,Common,,2026-07-20T08:03:04.265Z,EUR,895807,0.02,0.02,0.05,0.04,0.04,0.04,,0.02,0.08,0.08,0.12,0.12,2026-07-20T08:03:02.229Z,USD,704776.0,0.01,0.15,5.0,0.06,,704776.0,0.02,0.2,5.0,0.15,,,,,,,
me05-020,Primarina,020,Rare,,2026-07-20T08:03:04.811Z,EUR,895808,0.08,0.02,0.03,0.11,0.11,0.11,0.28,0.03,0.15,0.17,0.21,0.21,2026-07-20T08:03:02.229Z,USD,,,,,,,704777.0,0.05,0.25,6.99,0.16,,704777.0,0.01,0.19,3.99,0.13,
me05-021,Finizen,021,Common,,2026-07-20T08:03:04.265Z,EUR,895809,0.09,0.02,0.03,0.02,0.04,0.04,,0.02,0.13,0.1,0.14,0.14,2026-07-20T08:03:02.229Z,USD,704778.0,0.01,0.15,1.65,0.05,,704778.0,0.05,0.2,4.0,0.15,,,,,,,
me05-022,Palafin,022,Uncommon,,2026-07-20T08:03:04.265Z,EUR,895810,0.02,0.02,0.03,0.02,0.04,0.04,0.05,0.02,0.13,0.08,0.13,0.13,2026-07-20T08:03:02.229Z,USD,704779.0,0.01,0.15,4.0,0.06,,704779.0,0.02,0.2,4.0,0.07,,,,,,,
me05-023,Electrike,023,Common,,2026-07-20T08:03:04.265Z,EUR,895811,0.02,0.02,0.05,0.05,0.05,0.05,,0.02,0.11,0.06,0.11,0.11,2026-07-20T08:03:02.229Z,USD,704780.0,0.01,0.15,1.65,0.07,,704780.0,0.03,0.2,1.68,0.12,,,,,,,
me05-024,Manectric,024,Uncommon,,2026-07-20T08:03:04.811Z,EUR,895812,0.02,0.02,0.02,0.05,0.05,0.05,,0.03,0.15,0.11,0.18,0.18,2026-07-20T08:03:02.229Z,USD,704781.0,0.01,0.15,1.65,0.06,,704781.0,0.03,0.2,4.0,0.11,,,,,,,
me05-025,Charjabug,025,Common,,2026-07-20T08:03:04.811Z,EUR,895813,0.09,0.02,0.02,0.03,0.04,0.04,,0.02,0.14,0.1,0.14,0.14,2026-07-20T08:03:02.229Z,USD,704782.0,0.01,0.15,100.0,0.07,,704782.0,0.01,0.2,4.0,0.06,,,,,,,
me05-026,Vikavolt,026,Uncommon,,2026-07-20T08:03:04.386Z,EUR,895814,0.14,0.02,0.03,0.03,0.04,0.04,,0.02,0.18,0.14,0.17,0.17,2026-07-20T08:03:02.229Z,USD,704783.0,0.01,0.15,100.0,0.06,,704783.0,0.01,0.19,5.0,0.08,,,,,,,
me05-027,Mega Zeraora ex,027,Double rare,,2026-07-20T08:03:04.265Z,EUR,895787,2.59,0.35,1.18,0.8,1.26,1.34,,,0.0,,,,2026-07-20T08:03:02.229Z,USD,,,,,,,,,,,,,704784.0,0.2,0.88,85.0,0.59,
me05-028,Miraidon,028,Rare,,2026-07-20T08:03:04.265Z,EUR,895815,,0.02,0.08,0.09,0.1,0.1,,0.02,0.11,0.18,0.25,0.25,2026-07-20T08:03:02.229Z,USD,,,,,,,704785.0,0.09,0.25,1.61,0.22,,704785.0,0.01,0.16,1.65,0.11,
me05-029,Slowpoke,029,Common,,2026-07-20T08:03:04.265Z,EUR,895816,0.09,0.02,0.06,0.05,0.06,0.08,,0.02,0.21,0.14,0.26,0.26,2026-07-20T08:03:02.229Z,USD,704786.0,0.01,0.15,25.0,0.09,,704786.0,0.03,0.24,2.0,0.22,,,,,,,
me05-030,Slowbro,030,Uncommon,,2026-07-20T08:03:04.265Z,EUR,895817,0.09,0.02,0.07,0.05,0.07,0.07,0.5,0.03,0.25,0.13,0.23,0.23,2026-07-20T08:03:02.229Z,USD,704787.0,0.01,0.15,100.0,0.07,,704787.0,0.05,0.25,1.72,0.18,,,,,,,
me05-031,Mega Slowbro ex,031,Double rare,,2026-07-20T08:03:04.265Z,EUR,895818,3.47,0.39,1.43,0.9,1.14,1.16,,,0.0,,,,2026-07-20T08:03:02.229Z,USD,,,,,,,,,,,,,704788.0,0.1,0.75,19.99,0.51,
me05-032,Jynx,032,Common,,2026-07-20T08:03:04.265Z,EUR,895819,0.09,0.02,0.04,0.03,0.04,0.04,,0.02,0.16,0.12,0.16,0.16,2026-07-20T08:03:02.229Z,USD,704789.0,0.01,0.15,1.66,0.06,,704789.0,0.02,0.16,4.0,0.13,,,,,,,
me05-033,Shuppet,033,Common,,2026-07-20T08:03:04.265Z,EUR,895820,0.29,0.02,0.12,0.07,0.11,0.12,,0.02,0.1,0.14,0.24,0.24,2026-07-20T08:03:02.229Z,USD,704790.0,0.01,0.2,2.2,0.11,,704790.0,0.03,0.29,4.99,0.22,,,,,,,
me05-034,Banette,034,Uncommon,,2026-07-20T08:03:04.265Z,EUR,895821,0.38,0.02,0.09,0.08,0.11,0.14,,0.03,0.14,0.22,0.24,0.25,2026-07-20T08:03:02.229Z,USD,704791.0,0.03,0.19,2.67,0.1,,704791.0,0.08,0.3,3.99,0.26,,,,,,,
me05-035,Spiritomb,035,Rare,,2026-07-20T08:03:04.265Z,EUR,895822,0.61,0.02,0.22,0.18,0.21,0.24,,0.04,0.3,0.18,0.44,0.46,2026-07-20T08:03:02.229Z,USD,,,,,,,704792.0,0.08,0.38,4.99,0.31,,704792.0,0.01,0.2,30.0,0.11,
me05-036,Litwick,036,Common,,2026-07-20T08:03:04.265Z,EUR,895823,0.09,0.02,0.06,0.03,0.05,0.05,,0.02,0.16,0.11,0.16,0.16,2026-07-20T08:03:02.229Z,USD,704793.0,0.01,0.17,1.68,0.1,,704793.0,0.01,0.25,1.99,0.22,,,,,,,
me05-037,Lampent,037,Uncommon,,2026-07-20T08:03:04.265Z,EUR,895824,0.14,0.02,0.04,0.03,0.05,0.05,,0.02,0.13,0.1,0.15,0.15,2026-07-20T08:03:02.229Z,USD,704794.0,0.01,0.15,1.67,0.08,,704794.0,0.02,0.25,4.0,0.18,,,,,,,
me05-038,Mega Chandelure ex,038,Double rare,,2026-07-20T08:03:04.265Z,EUR,895786,2.99,0.3,1.4,0.82,1.14,1.19,,,0.0,,,,2026-07-20T08:03:02.229Z,USD,,,,,,,,,,,,,704795.0,0.4,1.0,19.99,0.81,
me05-039,Dhelmise,039,Uncommon,,2026-07-20T08:03:04.265Z,EUR,895825,0.13,0.02,0.24,0.16,0.29,0.33,0.05,0.02,0.91,0.24,0.65,0.66,2026-07-20T08:03:02.229Z,USD,704796.0,0.04,0.2,4.6,0.11,,704796.0,0.05,0.39,3.99,0.21,,,,,,,
me05-040,Marshadow,040,Uncommon,,2026-07-20T08:03:04.265Z,EUR,895826,0.17,0.02,0.02,0.03,0.04,0.04,,0.02,0.13,0.11,0.12,0.12,2026-07-20T08:03:02.229Z,USD,704797.0,0.01,0.15,1.65,0.06,,704797.0,0.05,0.2,3.0,0.14,,,,,,,
me05-041,Annihilape,041,Uncommon,,2026-07-20T08:03:04.265Z,EUR,895827,0.29,0.02,0.02,0.03,0.04,0.04,0.29,0.02,0.18,0.13,0.16,0.16,2026-07-20T08:03:02.229Z,USD,704798.0,0.01,0.15,3.0,0.06,,704798.0,0.02,0.19,1.67,0.12,,,,,,,
me05-042,Mankey,042,Common,,2026-07-20T08:03:04.265Z,EUR,895828,0.02,0.02,0.02,0.03,0.04,0.04,,0.02,0.14,0.1,0.12,0.12,2026-07-20T08:03:02.229Z,USD,704799.0,0.01,0.15,2.2,0.07,,704799.0,0.07,0.25,4.99,0.21,,,,,,,
me05-043,Primeape,043,Common,,2026-07-20T08:03:04.265Z,EUR,895829,0.06,0.02,0.04,0.03,0.04,0.04,,0.02,0.08,0.1,0.13,0.15,2026-07-20T08:03:02.229Z,USD,704800.0,0.01,0.15,1.65,0.06,,704800.0,0.02,0.19,1.66,0.1,,,,,,,
me05-044,Cranidos,044,Common,,2026-07-20T08:03:04.265Z,EUR,895830,0.02,0.02,0.07,0.05,0.05,0.05,0.05,0.02,0.18,0.12,0.15,0.16,2026-07-20T08:03:02.229Z,USD,704801.0,0.01,0.16,1.66,0.1,,704801.0,0.04,0.2,4.0,0.14,,,,,,,
me05-045,Rampardos ex,045,Double rare,,2026-07-20T08:03:04.265Z,EUR,895831,1.5,0.2,1.29,0.51,0.88,0.93,,,0.0,,,,2026-07-20T08:03:02.229Z,USD,,,,,,,,,,,,,704802.0,0.1,0.75,19.99,0.55,
me05-046,Drilbur,046,Common,,2026-07-20T08:03:04.265Z,EUR,895832,0.04,0.02,0.1,0.06,0.07,0.08,0.05,0.05,0.39,0.15,0.28,0.28,2026-07-20T08:03:02.229Z,USD,704803.0,0.01,0.16,1.53,0.11,,704803.0,0.08,0.35,2.83,0.24,,,,,,,
me05-047,Koraidon,047,Rare,,2026-07-20T08:03:04.265Z,EUR,895833,,0.02,0.11,0.08,0.11,0.11,0.05,0.03,0.31,0.16,0.2,0.2,2026-07-20T08:03:02.229Z,USD,,,,,,,704804.0,0.01,0.25,1.69,0.18,,704804.0,0.01,0.17,1.65,0.06,
me05-048,Mega Darkrai ex,048,Double rare,,2026-07-20T08:03:04.811Z,EUR,895788,4.0,0.5,2.08,1.25,1.84,1.93,,,0.0,,,,2026-07-20T08:03:02.229Z,USD,,,,,,,,,,,,,704805.0,0.5,1.16,55.0,0.95,
me05-049,Vullaby,049,Common,,2026-07-20T08:03:04.265Z,EUR,895834,0.02,0.02,0.04,0.02,0.03,0.03,,0.02,0.13,0.11,0.12,0.12,2026-07-20T08:03:02.229Z,USD,704806.0,0.01,0.15,5.0,0.05,,704806.0,0.03,0.16,5.0,0.11,,,,,,,
me05-050,Mandibuzz,050,Common,,2026-07-20T08:03:04.265Z,EUR,895835,0.02,0.02,0.06,0.03,0.04,0.04,0.05,0.02,0.21,0.11,0.14,0.14,2026-07-20T08:03:02.229Z,USD,704807.0,0.01,0.15,1.65,0.05,,704807.0,0.02,0.16,4.0,0.11,,,,,,,
me05-051,Inkay,051,Common,,2026-07-20T08:03:04.265Z,EUR,895836,,0.02,0.1,0.02,0.05,0.05,0.04,0.02,0.19,0.12,0.14,0.14,2026-07-20T08:03:02.229Z,USD,704808.0,0.01,0.15,4.0,0.04,,704808.0,0.03,0.2,1.68,0.11,,,,,,,
me05-052,Malamar,052,Uncommon,,2026-07-20T08:03:04.265Z,EUR,895837,0.02,0.02,0.08,0.02,0.05,0.05,,0.02,0.18,0.13,0.13,0.13,2026-07-20T08:03:02.229Z,USD,704809.0,0.01,0.15,1.65,0.05,,704809.0,0.04,0.2,4.0,0.14,,,,,,,
me05-053,Nickit,053,Common,,2026-07-20T08:03:04.265Z,EUR,895838,0.02,0.02,0.05,0.03,0.04,0.04,,0.02,0.17,0.13,0.15,0.15,2026-07-20T08:03:02.229Z,USD,704810.0,0.01,0.15,1.65,0.04,,704810.0,0.02,0.2,4.0,0.07,,,,,,,
me05-054,Thievul,054,Uncommon,,2026-07-20T08:03:04.811Z,EUR,895839,0.02,0.02,0.06,0.03,0.04,0.04,,0.02,0.15,0.1,0.14,0.14,2026-07-20T08:03:02.229Z,USD,704811.0,0.01,0.15,5.0,0.04,,704811.0,0.03,0.2,5.0,0.11,,,,,,,
me05-055,Morpeko ex,055,Double rare,,2026-07-20T08:03:04.265Z,EUR,895840,1.5,0.19,1.01,0.49,0.7,0.72,,,0.0,,,,2026-07-20T08:03:02.229Z,USD,,,,,,,,,,,,,704812.0,0.15,0.69,19.99,0.5,
me05-056,Zarude,056,Rare,,2026-07-20T08:03:04.265Z,EUR,895841,0.04,0.02,0.2,0.06,0.09,0.09,,0.03,0.15,0.17,0.2,0.2,2026-07-20T08:03:02.229Z,USD,,,,,,,704813.0,0.03,0.2,5.0,0.13,,704813.0,0.01,0.2,5.0,0.08,
me05-057,Maschiff,057,Common,,2026-07-20T08:03:04.265Z,EUR,895842,0.09,0.02,0.02,0.02,0.04,0.04,0.2,0.03,0.16,0.12,0.13,0.13,2026-07-20T08:03:02.229Z,USD,704814.0,0.01,0.15,4.0,0.03,,704814.0,0.05,0.2,4.0,0.12,,,,,,,
me05-058,Mabosstiff,058,Common,,2026-07-20T08:03:04.265Z,EUR,895843,0.02,0.02,0.04,0.02,0.03,0.03,0.05,0.02,0.25,0.12,0.14,0.14,2026-07-20T08:03:02.229Z,USD,704815.0,0.01,0.15,1.65,0.03,,704815.0,0.02,0.2,4.0,0.1,,,,,,,
me05-059,Chi-Yu,059,Rare,,2026-07-20T08:03:04.811Z,EUR,895844,0.02,0.02,0.22,0.12,0.13,0.13,,0.02,0.21,0.14,0.19,0.19,2026-07-20T08:03:02.229Z,USD,,,,,,,704816.0,0.02,0.25,4.0,0.17,,704816.0,0.03,0.2,2.0,0.13,
me05-060,Skarmory,060,Common,,2026-07-20T08:03:04.811Z,EUR,895845,0.02,0.02,0.03,0.02,0.03,0.03,,0.02,0.07,0.09,0.11,0.11,2026-07-20T08:03:02.229Z,USD,704817.0,0.01,0.16,1.65,0.12,,704817.0,0.02,0.2,2.0,0.1,,,,,,,
me05-061,Shieldon,061,Common,,2026-07-20T08:03:04.265Z,EUR,895846,0.07,0.02,0.08,0.05,0.06,0.08,,0.02,0.15,0.12,0.17,0.17,2026-07-20T08:03:02.229Z,USD,704818.0,0.01,0.15,35.0,0.09,,704818.0,0.02,0.2,1.69,0.14,,,,,,,
me05-062,Bastiodon,062,Rare,,2026-07-20T08:03:04.811Z,EUR,895847,0.8,0.02,0.51,0.13,0.29,0.33,,0.02,0.26,0.21,0.44,0.44,2026-07-20T08:03:02.229Z,USD,,,,,,,704819.0,0.08,0.41,5.0,0.37,,704819.0,0.01,0.22,2.48,0.18,
me05-063,Bronzor,063,Common,,2026-07-20T08:03:04.811Z,EUR,895848,,0.02,0.04,0.03,0.04,0.04,0.05,0.02,0.13,0.08,0.1,0.1,2026-07-20T08:03:02.229Z,USD,704820.0,0.01,0.15,1.65,0.06,,704820.0,0.02,0.18,4.0,0.1,,,,,,,
me05-064,Bronzong,064,Uncommon,,2026-07-20T08:03:04.265Z,EUR,895849,0.02,0.02,0.04,0.03,0.04,0.04,,0.02,0.13,0.09,0.13,0.13,2026-07-20T08:03:02.229Z,USD,704821.0,0.01,0.15,1.65,0.05,,704821.0,0.02,0.18,4.0,0.1,,,,,,,
me05-065,Mega Excadrill ex,065,Double rare,,2026-07-20T08:03:04.265Z,EUR,895785,2.9,0.5,1.92,1.08,1.52,1.6,,,0.0,,,,2026-07-20T08:03:02.229Z,USD,,,,,,,,,,,,,704822.0,0.49,1.25,19.99,1.06,
me05-066,Pikipek,066,Common,,2026-07-20T08:03:04.265Z,EUR,895850,0.09,0.02,0.1,0.05,0.07,0.07,,0.02,0.16,0.16,0.21,0.21,2026-07-20T08:03:02.229Z,USD,704823.0,0.01,0.15,1.65,0.11,,704823.0,0.01,0.2,2.14,0.14,,,,,,,
me05-067,Trumbeak,067,Common,,2026-07-20T08:03:04.265Z,EUR,895851,0.2,0.02,0.08,0.05,0.06,0.07,,0.02,0.26,0.16,0.22,0.22,2026-07-20T08:03:02.229Z,USD,704824.0,0.01,0.17,1.69,0.12,,704824.0,0.04,0.2,45.0,0.16,,,,,,,
me05-068,Toucannon,068,Uncommon,,2026-07-20T08:03:04.265Z,EUR,895852,0.14,0.02,0.16,0.06,0.09,0.1,,0.02,0.24,0.16,0.27,0.27,2026-07-20T08:03:02.229Z,USD,704825.0,0.01,0.17,1.67,0.12,,704825.0,0.03,0.2,1.67,0.17,,,,,,,
me05-069,Type: Null,069,Common,,2026-07-20T08:03:04.811Z,EUR,895853,0.02,0.02,0.06,0.03,0.04,0.04,,0.02,0.15,0.12,0.16,0.16,2026-07-20T08:03:02.229Z,USD,704826.0,0.01,0.15,1.65,0.05,,704826.0,0.03,0.19,100.0,0.12,,,,,,,
me05-070,Silvally,070,Rare,,2026-07-20T08:03:04.265Z,EUR,895854,0.02,0.02,0.23,0.14,0.13,0.13,,0.02,0.26,0.19,0.2,0.2,2026-07-20T08:03:02.229Z,USD,,,,,,,704827.0,0.09,0.25,2.49,0.18,,704827.0,0.01,0.16,1.66,0.08,
me05-071,Bombirdier,071,Common,,2026-07-20T08:03:04.811Z,EUR,895855,0.02,0.02,0.04,0.02,0.03,0.03,,0.03,0.12,0.07,0.09,0.09,2026-07-20T08:03:02.229Z,USD,704828.0,0.01,0.15,10.0,0.04,,704828.0,0.03,0.17,5.0,0.08,,,,,,,
me05-072,Antique Armor Fossil,072,Common,,2026-07-20T08:03:04.811Z,EUR,895856,0.15,0.02,0.07,0.05,0.07,0.08,,0.05,0.26,0.11,0.29,0.29,2026-07-20T08:03:02.229Z,USD,704829.0,0.01,0.16,1.68,0.1,,704829.0,0.06,0.25,2.0,0.2,,,,,,,
me05-073,Antique Skull Fossil,073,Common,,2026-07-20T08:03:04.811Z,EUR,895857,0.45,0.02,0.05,0.05,0.09,0.09,,0.02,0.13,0.13,0.14,0.14,2026-07-20T08:03:02.229Z,USD,704830.0,0.01,0.15,1.65,0.08,,704830.0,0.02,0.2,3.0,0.15,,,,,,,
me05-074,Backtrack Badge,074,Uncommon,,2026-07-20T08:03:04.811Z,EUR,895858,0.1,0.02,0.16,0.06,0.1,0.1,,0.02,0.13,0.08,0.12,0.12,2026-07-20T08:03:02.229Z,USD,704831.0,0.01,0.15,1.53,0.07,,704831.0,0.01,0.23,3.0,0.15,,,,,,,
me05-075,Dark Bell,075,Uncommon,,2026-07-20T08:03:04.811Z,EUR,895859,0.18,0.02,0.2,0.09,0.14,0.14,,0.02,0.27,0.11,0.24,0.24,2026-07-20T08:03:02.229Z,USD,704832.0,0.01,0.15,1.99,0.13,,704832.0,0.05,0.25,1.59,0.18,,,,,,,
me05-076,Fossil Quarry,076,Uncommon,,2026-07-20T08:03:04.811Z,EUR,895860,0.19,0.02,0.28,0.06,0.11,0.12,,0.02,0.22,0.08,0.17,0.17,2026-07-20T08:03:02.229Z,USD,704833.0,0.01,0.15,1.53,0.08,,704833.0,0.04,0.25,59.0,0.19,,,,,,,
me05-077,Gladion's Final Battle,077,Uncommon,,2026-07-20T08:03:04.811Z,EUR,895861,1.0,0.02,0.04,0.06,0.1,0.12,,0.02,0.24,0.08,0.21,0.21,2026-07-20T08:03:02.229Z,USD,704834.0,0.01,0.15,1.53,0.08,,704834.0,0.01,0.25,3.98,0.15,,,,,,,
me05-078,Gwynn,078,Uncommon,,2026-07-20T08:03:04.265Z,EUR,895862,0.97,0.02,0.1,0.13,0.2,0.23,,0.04,0.46,0.12,0.28,0.28,2026-07-20T08:03:02.229Z,USD,704835.0,0.01,0.19,3.86,0.12,,704835.0,0.08,0.28,4.99,0.24,,,,,,,
me05-079,Jett,079,Uncommon,,2026-07-20T08:03:04.811Z,EUR,895863,,0.02,0.06,0.03,0.05,0.05,0.38,0.02,0.11,0.08,0.12,0.12,2026-07-20T08:03:02.229Z,USD,704836.0,0.01,0.15,1.65,0.04,,704836.0,0.01,0.2,4.0,0.13,,,,,,,
me05-080,Misty's Vitality,080,Uncommon,,2026-07-20T08:03:04.265Z,EUR,895864,0.5,0.02,0.15,0.1,0.15,0.15,0.38,0.03,0.35,0.21,0.29,0.29,2026-07-20T08:03:02.229Z,USD,704837.0,0.01,0.15,3.22,0.07,,704837.0,0.02,0.26,4.99,0.19,,,,,,,
me05-081,Rust Syndicate Grunt,081,Uncommon,,2026-07-20T08:03:04.265Z,EUR,895865,0.25,0.02,0.07,0.04,0.08,0.08,0.25,0.02,0.14,0.07,0.14,0.15,2026-07-20T08:03:02.229Z,USD,704838.0,0.01,0.15,2.2,0.06,,704838.0,0.01,0.2,4.99,0.13,,,,,,,
me05-082,Tremendous Bomb,082,Uncommon,,2026-07-20T08:03:04.265Z,EUR,895866,,0.02,0.1,0.03,0.08,0.08,0.5,0.02,0.12,0.07,0.12,0.12,2026-07-20T08:03:02.229Z,USD,704839.0,0.01,0.15,15.0,0.07,,704839.0,0.01,0.21,5.0,0.12,,,,,,,
me05-083,Shadowy Darkness Energy,083,Rare,,2026-07-20T08:03:04.265Z,EUR,895867,0.25,0.02,0.18,0.18,0.28,0.3,,0.02,0.32,0.19,0.28,0.28,2026-07-20T08:03:02.229Z,USD,,,,,,,704840.0,0.05,0.28,4.99,0.23,,704840.0,0.01,0.2,88.0,0.17,
me05-084,Voltaic Lightning Energy,084,Rare,,2026-07-20T08:03:04.811Z,EUR,895868,0.75,0.02,0.33,0.22,0.36,0.39,,0.02,0.27,0.23,0.34,0.34,2026-07-20T08:03:02.229Z,USD,,,,,,,704841.0,0.03,0.29,3.0,0.26,,704841.0,0.01,0.24,2.49,0.22,
me05-085,Fomantis,085,Illustration rare,,2026-07-20T08:03:04.811Z,EUR,895869,8.0,2.5,4.86,3.86,4.45,4.45,,,0.0,,,,2026-07-20T08:03:02.229Z,USD,,,,,,,,,,,,,704842.0,4.0,6.32,24.19,4.8,
me05-086,Armarouge,086,Illustration rare,,2026-07-20T08:03:04.265Z,EUR,895870,9.0,3.7,5.35,4.69,5.46,5.46,,,0.0,,,,2026-07-20T08:03:02.229Z,USD,,,,,,,,,,,,,704843.0,5.82,8.77,49.99,6.84,
me05-087,Goldeen,087,Illustration rare,,2026-07-20T08:03:04.265Z,EUR,895871,14.5,6.4,14.28,13.25,14.01,14.06,,,0.0,,,,2026-07-20T08:03:02.229Z,USD,,,,,,,,,,,,,704844.0,14.46,18.7,50.0,15.0,
me05-088,Primarina,088,Illustration rare,,2026-07-20T08:03:04.811Z,EUR,895872,15.0,4.9,6.08,5.61,6.45,6.55,,,0.0,,,,2026-07-20T08:03:02.229Z,USD,,,,,,,,,,,,,704845.0,6.66,10.62,99.99,7.56,
me05-089,Manectric,089,Illustration rare,,2026-07-20T08:03:04.265Z,EUR,895873,8.0,2.89,4.59,4.49,5.05,5.16,,,0.0,,,,2026-07-20T08:03:02.229Z,USD,,,,,,,,,,,,,704846.0,3.0,4.95,30.0,3.79,
me05-090,Slowbro,090,Illustration rare,,2026-07-20T08:03:04.265Z,EUR,895874,20.0,12.0,17.54,16.0,17.35,17.38,,,0.0,,,,2026-07-20T08:03:02.229Z,USD,,,,,,,,,,,,,704847.0,20.0,25.0,89.99,20.86,
me05-091,Dhelmise,091,Illustration rare,,2026-07-20T08:03:04.265Z,EUR,895875,24.99,6.22,8.13,6.4,8.08,8.46,,,0.0,,,,2026-07-20T08:03:02.229Z,USD,,,,,,,,,,,,,704848.0,7.07,10.72,69.99,8.62,
me05-092,Thievul,092,Illustration rare,,2026-07-20T08:03:04.265Z,EUR,895876,7.5,2.7,3.57,2.88,3.6,3.6,,,0.0,,,,2026-07-20T08:03:02.229Z,USD,,,,,,,,,,,,,704849.0,2.0,3.0,18.0,2.58,
me05-093,Bastiodon,093,Illustration rare,,2026-07-20T08:03:04.265Z,EUR,895878,7.65,3.5,5.63,4.52,5.14,5.17,,,0.0,,,,2026-07-20T08:03:02.229Z,USD,,,,,,,,,,,,,704850.0,2.7,4.55,435.0,3.22,
me05-094,Toucannon,094,Illustration rare,,2026-07-20T08:03:04.811Z,EUR,895879,10.0,3.38,4.58,4.26,4.81,4.92,,,0.0,,,,2026-07-20T08:03:02.229Z,USD,,,,,,,,,,,,,704851.0,4.5,6.2,34.99,5.2,
me05-095,Silvally,095,Illustration rare,,2026-07-20T08:03:04.265Z,EUR,895880,11.99,4.0,4.37,4.45,5.09,5.14,,,0.0,,,,2026-07-20T08:03:02.229Z,USD,,,,,,,,,,,,,704852.0,4.0,7.5,124.99,4.89,
me05-096,Lurantis ex,096,Ultra Rare,,2026-07-20T08:03:04.265Z,EUR,895881,5.0,2.75,3.63,3.5,3.59,3.59,,,0.0,,,,2026-07-20T08:03:02.229Z,USD,,,,,,,,,,,,,704853.0,1.99,3.32,20.0,2.6,
me05-097,Wailord ex,097,Ultra Rare,,2026-07-20T08:03:04.265Z,EUR,895882,9.0,1.99,4.03,3.25,3.94,3.94,,,0.0,,,,2026-07-20T08:03:02.229Z,USD,,,,,,,,,,,,,704854.0,2.5,4.0,74.99,3.53,
me05-098,Mega Zeraora ex,098,Ultra Rare,,2026-07-20T08:03:04.265Z,EUR,895883,13.72,5.6,8.58,7.34,8.41,8.41,,,0.0,,,,2026-07-20T08:03:02.229Z,USD,,,,,,,,,,,,,704855.0,7.5,10.32,39.99,8.12,
me05-099,Mega Chandelure ex,099,Ultra Rare,,2026-07-20T08:03:04.811Z,EUR,895884,9.99,5.5,8.0,6.97,7.94,7.94,,,0.0,,,,2026-07-20T08:03:02.229Z,USD,,,,,,,,,,,,,704856.0,7.68,11.28,70.0,8.78,
me05-100,Rampardos ex,100,Ultra Rare,,2026-07-20T08:03:04.265Z,EUR,895885,3.5,1.8,5.23,2.49,3.49,3.49,,,0.0,,,,2026-07-20T08:03:02.229Z,USD,,,,,,,,,,,,,704857.0,1.75,4.0,25.0,2.64,
me05-101,Mega Darkrai ex,101,Ultra Rare,,2026-07-20T08:03:04.265Z,EUR,895886,13.3,7.99,12.39,9.04,11.7,11.7,,,0.0,,,,2026-07-20T08:03:02.229Z,USD,,,,,,,,,,,,,704858.0,12.86,16.75,38.75,13.88,
me05-102,Morpeko ex,102,Ultra Rare,,2026-07-20T08:03:04.265Z,EUR,895887,4.5,3.9,6.11,4.37,4.9,4.9,,,0.0,,,,2026-07-20T08:03:02.229Z,USD,,,,,,,,,,,,,704859.0,4.0,7.03,49.99,4.87,
me05-103,Mega Excadrill ex,103,Ultra Rare,,2026-07-20T08:03:04.265Z,EUR,895888,10.49,5.5,8.03,6.12,7.21,7.28,,,0.0,,,,2026-07-20T08:03:02.229Z,USD,,,,,,,,,,,,,704860.0,7.0,12.0,30.0,9.14,
me05-104,Brave Bangle,104,Ultra Rare,,2026-07-20T08:03:04.265Z,EUR,895889,14.99,2.0,3.4,3.48,4.55,4.55,,,0.0,,,,2026-07-20T08:03:02.229Z,USD,,,,,,,,,,,,,704861.0,2.59,5.18,75.0,3.47,
me05-105,Crushing Hammer,105,Ultra Rare,,2026-07-20T08:03:04.265Z,EUR,895890,10.76,3.0,5.24,4.31,4.73,5.0,,,0.0,,,,2026-07-20T08:03:02.229Z,USD,,,,,,,,,,,,,704862.0,4.3,6.25,25.0,4.78,
me05-106,Dark Bell,106,Ultra Rare,,2026-07-20T08:03:04.265Z,EUR,895891,8.0,2.0,4.11,3.24,3.94,3.94,,,0.0,,,,2026-07-20T08:03:02.229Z,USD,,,,,,,,,,,,,704863.0,2.79,3.9,21.0,3.18,
me05-107,Energy Switch,107,Ultra Rare,,2026-07-20T08:03:04.265Z,EUR,895892,5.75,1.75,3.35,2.8,3.54,3.54,,,0.0,,,,2026-07-20T08:03:02.229Z,USD,,,,,,,,,,,,,704864.0,1.5,3.0,20.0,2.24,
me05-108,Gladion's Final Battle,108,Ultra Rare,,2026-07-20T08:03:04.265Z,EUR,895893,4.0,2.5,6.22,4.31,4.99,4.98,,,0.0,,,,2026-07-20T08:03:02.229Z,USD,,,,,,,,,,,,,704865.0,3.68,6.05,39.99,4.62,
me05-109,Gwynn,109,Ultra Rare,,2026-07-20T08:03:04.265Z,EUR,895894,13.45,6.0,7.73,8.03,8.26,8.44,,,0.0,,,,2026-07-20T08:03:02.229Z,USD,,,,,,,,,,,,,704866.0,9.0,12.0,30.28,10.12,
me05-110,Iron Defender,110,Ultra Rare,,2026-07-20T08:03:04.265Z,EUR,895895,2.75,1.4,2.38,1.78,2.1,2.1,,,0.0,,,,2026-07-20T08:03:02.229Z,USD,,,,,,,,,,,,,704867.0,0.75,1.5,20.0,1.19,
me05-111,Misty's Vitality,111,Ultra Rare,,2026-07-20T08:03:04.265Z,EUR,895896,30.0,19.0,21.23,21.94,23.6,23.99,,,0.0,,,,2026-07-20T08:03:02.229Z,USD,,,,,,,,,,,,,704868.0,28.99,40.0,299.99,34.9,
me05-112,Rust Syndicate Grunt,112,Ultra Rare,,2026-07-20T08:03:04.265Z,EUR,895897,7.98,3.0,4.51,3.6,4.67,4.67,,,0.0,,,,2026-07-20T08:03:02.229Z,USD,,,,,,,,,,,,,704869.0,2.25,4.16,250.0,2.75,
me05-113,Tremendous Bomb,113,Ultra Rare,,2026-07-20T08:03:04.265Z,EUR,895898,,0.7,1.18,1.88,1.84,1.84,,,0.0,,,,2026-07-20T08:03:02.229Z,USD,,,,,,,,,,,,,704870.0,1.0,2.5,25.0,1.64,
me05-114,Mega Zeraora ex,114,Special illustration rare,,2026-07-20T08:03:04.265Z,EUR,895899,80.0,51.0,60.69,60.78,66.81,67.73,,,0.0,,,,2026-07-20T08:03:02.229Z,USD,,,,,,,,,,,,,704871.0,68.2,86.0,499.99,68.53,
me05-115,Mega Chandelure ex,115,Special illustration rare,,2026-07-20T08:03:04.265Z,EUR,895900,55.0,34.99,49.98,44.9,47.56,47.56,,,0.0,,,,2026-07-20T08:03:02.229Z,USD,,,,,,,,,,,,,704872.0,52.96,65.0,300.0,53.82,
me05-116,Mega Darkrai ex,116,Special illustration rare,,2026-07-20T08:03:04.265Z,EUR,895901,320.0,280.0,387.89,333.3,396.17,396.61,,,0.0,,,,2026-07-20T08:03:02.229Z,USD,,,,,,,,,,,,,704873.0,290.0,365.94,2999.99,295.74,
me05-117,Morpeko ex,117,Special illustration rare,,2026-07-20T08:03:04.265Z,EUR,895902,8.0,54.0,85.42,76.6,74.25,72.24,,,0.0,,,,2026-07-20T08:03:02.229Z,USD,,,,,,,,,,,,,704874.0,109.0,143.98,499.99,99.1,
me05-118,Gladion's Final Battle,118,Special illustration rare,,2026-07-20T08:03:04.265Z,EUR,895903,46.95,24.0,33.73,27.69,31.57,31.57,,,0.0,,,,2026-07-20T08:03:02.229Z,USD,,,,,,,,,,,,,704875.0,29.99,39.63,94.5,31.11,
me05-119,Gwynn,119,Special illustration rare,,2026-07-20T08:03:04.265Z,EUR,895904,73.0,23.99,27.15,26.36,30.36,31.17,,,0.0,,,,2026-07-20T08:03:02.229Z,USD,,,,,,,,,,,,,704876.0,38.98,47.25,100.0,39.68,
me05-120,Mega Darkrai ex,120,Mega Hyper Rare,,2026-07-20T08:03:04.265Z,EUR,895905,390.0,174.87,237.77,190.0,279.08,279.08,,,0.0,,,,2026-07-20T08:03:02.229Z,USD,,,,,,,,,,,,,704877.0,198.0,284.11,1899.99,201.25,
