id,name,localId,rarity,supertype,cm_updated,cm_unit,cm_idProduct,cm_avg,cm_low,cm_trend,cm_avg1,cm_avg7,cm_avg30,cm_avg_holo,cm_low_holo,cm_trend_holo,cm_avg1_holo,cm_avg7_holo,cm_avg30_holo,tp_updated,tp_unit,tp_normal_productId,tp_normal_lowPrice,tp_normal_midPrice,tp_normal_highPrice,tp_normal_marketPrice,tp_normal_directLowPrice,tp_reverse_holofoil_productId,tp_reverse_holofoil_lowPrice,tp_reverse_holofoil_midPrice,tp_reverse_holofoil_highPrice,tp_reverse_holofoil_marketPrice,tp_reverse_holofoil_directLowPrice,tp_holofoil_productId,tp_holofoil_lowPrice,tp_holofoil_midPrice,tp_holofoil_highPrice,tp_holofoil_marketPrice,tp_holofoil_directLowPrice
me05-001,Tropius,001,Common,,2026-08-05T08:03:04.511Z,EUR,895789,0.03,0.02,0.02,0.02,0.03,0.03,0.08,0.02,0.06,0.08,0.07,0.07,2026-08-05T08:04:34.696Z,USD,704758.0,0.01,0.15,6.99,0.08,0.04,704758.0,0.01,0.2,5.0,0.15,0.06,,,,,,
me05-002,Grubbin,002,Common,,2026-08-05T08:03:04.634Z,EUR,895790,0.03,0.02,0.02,0.02,0.03,0.03,0.07,0.02,0.06,0.05,0.06,0.07,2026-08-05T08:04:34.696Z,USD,704759.0,0.01,0.12,6.99,0.08,0.01,704759.0,0.01,0.18,1.65,0.14,0.1,,,,,,
me05-003,Fomantis,003,Common,,2026-08-05T08:03:04.634Z,EUR,895791,0.04,0.02,0.03,0.04,0.03,0.04,0.09,0.02,0.08,0.06,0.09,0.08,2026-08-05T08:04:34.696Z,USD,704760.0,0.01,0.15,6.99,0.08,0.05,704760.0,0.01,0.2,5.0,0.12,0.12,,,,,,
me05-004,Lurantis ex,004,Double rare,,2026-08-05T08:03:04.511Z,EUR,895792,0.43,0.02,0.18,0.33,0.37,0.41,,,0.0,,,,2026-08-05T08:04:34.696Z,USD,,,,,,,,,,,,,704761.0,0.05,0.5,55.0,0.45,0.55
me05-005,Poltchageist,005,Common,,2026-08-05T08:03:04.511Z,EUR,895793,0.08,0.02,0.02,0.06,0.05,0.07,0.19,0.02,0.02,0.07,0.09,0.14,2026-08-05T08:04:34.696Z,USD,704762.0,0.01,0.15,6.99,0.1,,704762.0,0.01,0.23,5.0,0.2,0.21,,,,,,
me05-006,Sinistcha,006,Uncommon,,2026-08-05T08:03:04.634Z,EUR,895794,0.09,0.02,0.02,0.04,0.05,0.08,0.21,0.02,0.02,0.07,0.1,0.16,2026-08-05T08:04:34.696Z,USD,704763.0,0.01,0.15,6.3,0.12,0.05,704763.0,0.02,0.24,6.0,0.23,0.21,,,,,,
me05-007,Heatran,007,Uncommon,,2026-08-05T08:03:05.076Z,EUR,895795,0.03,0.02,0.03,0.03,0.03,0.03,0.1,0.02,0.07,0.09,0.09,0.09,2026-08-05T08:04:34.696Z,USD,704764.0,0.01,0.15,6.99,0.07,0.05,704764.0,0.01,0.24,2.0,0.26,0.15,,,,,,
me05-008,Mega Delphox ex,008,Double rare,,2026-08-05T08:03:05.076Z,EUR,895796,0.78,0.1,0.2,0.61,0.58,0.68,,,0.0,,,,2026-08-05T08:04:34.696Z,USD,,,,,,,,,,,,,704765.0,0.25,0.75,19.99,0.66,0.62
me05-009,Sizzlipede,009,Common,,2026-08-05T08:03:05.076Z,EUR,895797,0.03,0.02,0.02,0.02,0.03,0.03,0.08,0.02,0.04,0.06,0.06,0.07,2026-08-05T08:04:34.696Z,USD,704766.0,0.01,0.12,6.99,0.03,0.02,704766.0,0.01,0.19,5.0,0.13,0.06,,,,,,
me05-010,Centiskorch,010,Common,,2026-08-05T08:03:05.076Z,EUR,895798,0.03,0.02,0.02,0.02,0.03,0.03,0.07,0.02,0.05,0.06,0.06,0.07,2026-08-05T08:04:34.696Z,USD,704767.0,0.01,0.14,6.99,0.04,0.01,704767.0,0.01,0.18,5.0,0.17,0.08,,,,,,
me05-011,Charcadet,011,Common,,2026-08-05T08:03:05.076Z,EUR,895799,0.03,0.02,0.02,0.02,0.03,0.03,0.08,0.02,0.03,0.09,0.07,0.07,2026-08-05T08:04:34.696Z,USD,704768.0,0.01,0.14,6.99,0.06,0.01,704768.0,0.01,0.2,25.0,0.16,0.1,,,,,,
me05-012,Armarouge,012,Rare,,2026-08-05T08:03:05.076Z,EUR,895800,0.06,0.02,0.02,0.04,0.05,0.06,0.13,0.02,0.17,0.15,0.15,0.14,2026-08-05T08:04:34.696Z,USD,,,,,,,704769.0,0.05,0.28,1.59,0.31,0.4,704769.0,0.01,0.17,1.65,0.13,0.08
me05-013,Goldeen,013,Common,,2026-08-05T08:03:04.511Z,EUR,895801,0.03,0.02,0.02,0.02,0.03,0.03,0.11,0.02,0.05,0.06,0.07,0.09,2026-08-05T08:04:34.696Z,USD,704770.0,0.01,0.12,6.99,0.06,0.02,704770.0,0.01,0.2,1.65,0.18,0.1,,,,,,
me05-014,Seaking,014,Uncommon,,2026-08-05T08:03:04.634Z,EUR,895802,0.03,0.02,0.02,0.02,0.03,0.03,0.09,0.02,0.05,0.08,0.08,0.09,2026-08-05T08:04:34.696Z,USD,704771.0,0.01,0.15,6.99,0.05,0.01,704771.0,0.01,0.2,2.99,0.16,0.1,,,,,,
me05-015,Wailmer,015,Common,,2026-08-05T08:03:04.634Z,EUR,895803,0.05,0.02,0.04,0.04,0.04,0.05,0.15,0.02,0.07,0.11,0.12,0.13,2026-08-05T08:04:34.696Z,USD,704772.0,0.01,0.19,3.0,0.14,0.15,704772.0,0.01,0.25,5.0,0.22,0.19,,,,,,
me05-016,Wailord ex,016,Double rare,,2026-08-05T08:03:05.076Z,EUR,895804,0.71,0.08,0.08,0.47,0.47,0.61,,,0.0,,,,2026-08-05T08:04:34.696Z,USD,,,,,,,,,,,,,704773.0,0.2,0.65,19.9,0.53,
me05-017,Relicanth,017,Uncommon,,2026-08-05T08:03:05.076Z,EUR,895805,0.04,0.02,0.02,0.02,0.04,0.04,0.14,0.02,0.02,0.07,0.08,0.11,2026-08-05T08:04:34.696Z,USD,704774.0,0.01,0.15,6.99,0.1,0.05,704774.0,0.01,0.2,2.99,0.19,0.1,,,,,,
me05-018,Popplio,018,Common,,2026-08-05T08:03:05.076Z,EUR,895806,0.03,0.02,0.03,0.02,0.03,0.03,0.11,0.02,0.03,0.06,0.07,0.09,2026-08-05T08:04:34.696Z,USD,704775.0,0.01,0.15,6.99,0.09,0.02,704775.0,0.01,0.2,5.0,0.17,0.13,,,,,,
me05-019,Brionne,019,Common,,2026-08-05T08:03:05.076Z,EUR,895807,0.03,0.02,0.03,0.02,0.03,0.03,0.11,0.02,0.05,0.09,0.08,0.09,2026-08-05T08:04:34.696Z,USD,704776.0,0.01,0.15,6.99,0.1,0.05,704776.0,0.01,0.2,1.65,0.18,0.12,,,,,,
me05-020,Primarina,020,Rare,,2026-08-05T08:03:05.076Z,EUR,895808,0.08,0.02,0.02,0.04,0.07,0.07,0.18,0.02,0.1,0.1,0.15,0.18,2026-08-05T08:04:34.696Z,USD,,,,,,,704777.0,0.05,0.25,12.0,0.23,0.4,704777.0,0.01,0.18,3.98,0.16,0.07
me05-021,Finizen,021,Common,,2026-08-05T08:03:04.634Z,EUR,895809,0.03,0.02,0.02,0.02,0.03,0.03,0.1,0.02,0.07,0.1,0.09,0.09,2026-08-05T08:04:34.696Z,USD,704778.0,0.01,0.14,6.99,0.09,0.05,704778.0,0.04,0.23,26.0,0.25,0.18,,,,,,
me05-022,Palafin,022,Uncommon,,2026-08-05T08:03:04.634Z,EUR,895810,0.03,0.02,0.02,0.02,0.04,0.03,0.08,0.02,0.06,0.06,0.06,0.07,2026-08-05T08:04:34.696Z,USD,704779.0,0.01,0.14,6.99,0.06,0.03,704779.0,0.01,0.2,3.99,0.15,0.1,,,,,,
me05-023,Electrike,023,Common,,2026-08-05T08:03:04.634Z,EUR,895811,0.04,0.02,0.03,0.04,0.03,0.04,0.1,0.02,0.05,0.07,0.08,0.09,2026-08-05T08:04:34.696Z,USD,704780.0,0.01,0.15,6.99,0.05,0.05,704780.0,0.01,0.2,7.0,0.2,0.15,,,,,,
me05-024,Manectric,024,Uncommon,,2026-08-05T08:03:04.634Z,EUR,895812,0.04,0.02,0.02,0.03,0.03,0.03,0.13,0.02,0.03,0.08,0.1,0.11,2026-08-05T08:04:34.696Z,USD,704781.0,0.01,0.14,6.99,0.07,0.05,704781.0,0.04,0.2,5.0,0.2,0.15,,,,,,
me05-025,Charjabug,025,Common,,2026-08-05T08:03:05.076Z,EUR,895813,0.03,0.02,0.02,0.02,0.03,0.03,0.09,0.02,0.04,0.1,0.07,0.08,2026-08-05T08:04:34.696Z,USD,704782.0,0.01,0.14,6.99,0.08,0.05,704782.0,0.01,0.19,1.53,0.16,0.11,,,,,,
me05-026,Vikavolt,026,Uncommon,,2026-08-05T08:03:04.634Z,EUR,895814,0.03,0.02,0.02,0.02,0.04,0.03,0.11,0.02,0.05,0.08,0.08,0.09,2026-08-05T08:04:34.696Z,USD,704783.0,0.01,0.15,6.99,0.06,0.05,704783.0,0.01,0.19,4.0,0.13,0.07,,,,,,
me05-027,Mega Zeraora ex,027,Double rare,,2026-08-05T08:03:04.634Z,EUR,895787,0.95,0.02,0.02,0.52,0.63,0.77,,,0.0,,,,2026-08-05T08:04:34.696Z,USD,,,,,,,,,,,,,704784.0,0.19,0.8,24.98,0.63,0.56
me05-028,Miraidon,028,Rare,,2026-08-05T08:03:05.076Z,EUR,895815,0.08,0.02,0.02,0.04,0.06,0.07,0.18,0.02,0.04,0.16,0.14,0.16,2026-08-05T08:04:34.696Z,USD,,,,,,,704785.0,0.05,0.25,1.67,0.24,0.25,704785.0,0.01,0.16,1.69,0.15,0.05
me05-029,Slowpoke,029,Common,,2026-08-05T08:03:04.634Z,EUR,895816,0.05,0.02,0.02,0.06,0.05,0.05,0.21,0.02,0.05,0.14,0.11,0.15,2026-08-05T08:04:34.696Z,USD,704786.0,0.01,0.15,25.0,0.11,0.07,704786.0,0.01,0.25,2.0,0.21,0.27,,,,,,
me05-030,Slowbro,030,Uncommon,,2026-08-05T08:03:04.634Z,EUR,895817,0.04,0.02,0.02,0.03,0.04,0.04,0.19,0.02,0.05,0.09,0.12,0.16,2026-08-05T08:04:34.696Z,USD,704787.0,0.01,0.15,6.99,0.12,0.05,704787.0,0.01,0.25,2.0,0.21,0.23,,,,,,
me05-031,Mega Slowbro ex,031,Double rare,,2026-08-05T08:03:04.634Z,EUR,895818,0.88,0.09,0.04,0.6,0.56,0.72,,,0.0,,,,2026-08-05T08:04:34.696Z,USD,,,,,,,,,,,,,704788.0,0.24,0.77,19.99,0.62,0.69
me05-032,Jynx,032,Common,,2026-08-05T08:03:04.634Z,EUR,895819,0.04,0.02,0.02,0.03,0.03,0.03,0.13,0.02,0.04,0.09,0.09,0.1,2026-08-05T08:04:34.696Z,USD,704789.0,0.01,0.15,6.99,0.12,0.05,704789.0,0.01,0.22,2.99,0.22,0.19,,,,,,
me05-033,Shuppet,033,Common,,2026-08-05T08:03:05.076Z,EUR,895820,0.1,0.02,0.02,0.04,0.05,0.08,0.22,0.02,0.02,0.12,0.1,0.16,2026-08-05T08:04:34.696Z,USD,704790.0,0.01,0.17,6.99,0.1,,704790.0,0.02,0.27,4.99,0.25,0.25,,,,,,
me05-034,Banette,034,Uncommon,,2026-08-05T08:03:04.634Z,EUR,895821,0.1,0.02,0.02,0.04,0.05,0.08,0.22,0.02,0.02,0.1,0.11,0.18,2026-08-05T08:04:34.696Z,USD,704791.0,0.01,0.19,2.2,0.16,0.11,704791.0,0.05,0.33,19.99,0.29,3.22,,,,,,
me05-035,Spiritomb,035,Rare,,2026-08-05T08:03:04.511Z,EUR,895822,0.17,0.02,0.02,0.05,0.08,0.13,0.32,0.02,0.02,0.14,0.18,0.24,2026-08-05T08:04:34.696Z,USD,,,,,,,704792.0,0.09,0.35,19.99,0.27,0.4,704792.0,0.01,0.2,6.3,0.15,0.13
me05-036,Litwick,036,Common,,2026-08-05T08:03:05.076Z,EUR,895823,0.05,0.02,0.04,0.06,0.06,0.05,0.13,0.02,0.11,0.08,0.13,0.13,2026-08-05T08:04:34.696Z,USD,704793.0,0.01,0.17,6.99,0.12,0.15,704793.0,0.02,0.25,1.66,0.23,0.23,,,,,,
me05-037,Lampent,037,Uncommon,,2026-08-05T08:03:05.076Z,EUR,895824,0.05,0.02,0.03,0.05,0.05,0.05,0.14,0.02,0.13,0.18,0.15,0.13,2026-08-05T08:04:34.696Z,USD,704794.0,0.01,0.15,6.99,0.06,0.05,704794.0,0.01,0.24,5.0,0.23,0.23,,,,,,
me05-038,Mega Chandelure ex,038,Double rare,,2026-08-05T08:03:05.076Z,EUR,895786,0.94,0.18,0.31,0.67,0.82,0.85,,,0.0,,,,2026-08-05T08:04:34.696Z,USD,,,,,,,,,,,,,704795.0,0.35,0.86,22.74,0.76,0.75
me05-039,Dhelmise,039,Uncommon,,2026-08-05T08:03:05.076Z,EUR,895825,0.21,0.02,0.02,0.05,0.06,0.15,0.43,0.02,0.02,0.13,0.15,0.27,2026-08-05T08:04:34.696Z,USD,704796.0,0.01,0.17,3.99,0.13,0.13,704796.0,0.02,0.29,3.99,0.27,0.32,,,,,,
me05-040,Marshadow,040,Uncommon,,2026-08-05T08:03:05.076Z,EUR,895826,0.03,0.02,0.02,0.02,0.03,0.03,0.1,0.02,0.09,0.09,0.1,0.1,2026-08-05T08:04:34.696Z,USD,704797.0,0.01,0.15,6.99,0.08,0.05,704797.0,0.01,0.21,3.0,0.2,0.21,,,,,,
me05-041,Annihilape,041,Uncommon,,2026-08-05T08:03:04.511Z,EUR,895827,0.03,0.02,0.02,0.03,0.03,0.03,0.13,0.02,0.07,0.11,0.09,0.11,2026-08-05T08:04:34.696Z,USD,704798.0,0.01,0.15,6.99,0.08,0.05,704798.0,0.01,0.22,30.0,0.2,0.22,,,,,,
me05-042,Mankey,042,Common,,2026-08-05T08:03:05.076Z,EUR,895828,0.03,0.02,0.02,0.02,0.03,0.03,0.09,0.02,0.07,0.09,0.11,0.09,2026-08-05T08:04:34.696Z,USD,704799.0,0.01,0.15,6.99,0.12,0.05,704799.0,0.02,0.23,5.0,0.21,0.2,,,,,,
me05-043,Primeape,043,Common,,2026-08-05T08:03:04.511Z,EUR,895829,0.03,0.02,0.02,0.02,0.03,0.03,0.09,0.02,0.02,0.06,0.08,0.08,2026-08-05T08:04:34.696Z,USD,704800.0,0.01,0.14,6.99,0.07,0.02,704800.0,0.01,0.19,5.0,0.14,0.09,,,,,,
me05-044,Cranidos,044,Common,,2026-08-05T08:03:04.511Z,EUR,895830,0.04,0.02,0.02,0.03,0.04,0.04,0.13,0.02,0.05,0.08,0.08,0.11,2026-08-05T08:04:34.696Z,USD,704801.0,0.01,0.15,6.99,0.11,0.05,704801.0,0.02,0.23,1.66,0.18,0.15,,,,,,
me05-045,Rampardos ex,045,Double rare,,2026-08-05T08:03:04.634Z,EUR,895831,0.67,0.05,0.04,0.39,0.51,0.59,,,0.0,,,,2026-08-05T08:04:34.696Z,USD,,,,,,,,,,,,,704802.0,0.01,0.62,19.99,0.52,
me05-046,Drilbur,046,Common,,2026-08-05T08:03:05.076Z,EUR,895832,0.07,0.02,0.04,0.09,0.06,0.07,0.21,0.02,0.08,0.19,0.15,0.18,2026-08-05T08:04:34.696Z,USD,704803.0,0.01,0.15,4.59,0.12,,704803.0,0.01,0.25,5.0,0.18,0.15,,,,,,
me05-047,Koraidon,047,Rare,,2026-08-05T08:03:04.634Z,EUR,895833,0.07,0.02,0.03,0.1,0.06,0.06,0.16,0.02,0.1,0.19,0.13,0.14,2026-08-05T08:04:34.696Z,USD,,,,,,,704804.0,0.01,0.29,1.69,0.32,0.4,704804.0,0.01,0.18,1.65,0.18,0.07
me05-048,Mega Darkrai ex,048,Double rare,,2026-08-05T08:03:04.511Z,EUR,895788,1.51,0.45,0.31,1.11,1.05,1.28,,,0.0,,,,2026-08-05T08:04:34.696Z,USD,,,,,,,,,,,,,704805.0,0.43,1.09,55.0,0.94,0.99
me05-049,Vullaby,049,Common,,2026-08-05T08:03:04.511Z,EUR,895834,0.03,0.02,0.03,0.02,0.03,0.03,0.1,0.02,0.06,0.08,0.08,0.09,2026-08-05T08:04:34.696Z,USD,704806.0,0.01,0.15,6.99,0.06,0.04,704806.0,0.01,0.2,1.52,0.16,0.11,,,,,,
me05-050,Mandibuzz,050,Common,,2026-08-05T08:03:05.076Z,EUR,895835,0.03,0.02,0.03,0.02,0.04,0.03,0.11,0.02,0.06,0.06,0.09,0.09,2026-08-05T08:04:34.696Z,USD,704807.0,0.01,0.14,6.99,0.04,0.02,704807.0,0.01,0.2,8.0,0.18,0.14,,,,,,
me05-051,Inkay,051,Common,,2026-08-05T08:03:04.634Z,EUR,895836,0.04,0.02,0.02,0.02,0.03,0.03,0.1,0.02,0.07,0.11,0.08,0.09,2026-08-05T08:04:34.696Z,USD,704808.0,0.01,0.14,6.99,0.06,0.04,704808.0,0.01,0.22,7.0,0.22,0.1,,,,,,
me05-052,Malamar,052,Uncommon,,2026-08-05T08:03:05.076Z,EUR,895837,0.03,0.02,0.02,0.03,0.03,0.03,0.11,0.02,0.08,0.1,0.09,0.1,2026-08-05T08:04:34.696Z,USD,704809.0,0.01,0.15,6.99,0.03,0.01,704809.0,0.01,0.2,1.65,0.16,0.12,,,,,,
me05-053,Nickit,053,Common,,2026-08-05T08:03:04.634Z,EUR,895838,0.03,0.02,0.02,0.02,0.03,0.03,0.11,0.02,0.03,0.11,0.08,0.09,2026-08-05T08:04:34.696Z,USD,704810.0,0.01,0.14,6.99,0.03,0.03,704810.0,0.01,0.2,5.0,0.18,0.1,,,,,,
me05-054,Thievul,054,Uncommon,,2026-08-05T08:03:04.634Z,EUR,895839,0.03,0.02,0.02,0.02,0.03,0.03,0.11,0.02,0.07,0.09,0.09,0.1,2026-08-05T08:04:34.696Z,USD,704811.0,0.01,0.14,6.99,0.03,0.01,704811.0,0.01,0.2,5.0,0.18,0.14,,,,,,
me05-055,Morpeko ex,055,Double rare,,2026-08-05T08:03:04.511Z,EUR,895840,0.56,0.03,0.07,0.38,0.42,0.48,,,0.0,,,,2026-08-05T08:04:34.696Z,USD,,,,,,,,,,,,,704812.0,0.14,0.6,19.9,0.51,0.64
me05-056,Zarude,056,Rare,,2026-08-05T08:03:04.511Z,EUR,895841,0.07,0.02,0.02,0.07,0.05,0.06,0.17,0.02,0.09,0.14,0.16,0.15,2026-08-05T08:04:34.696Z,USD,,,,,,,704813.0,0.07,0.26,1.73,0.26,0.35,704813.0,0.01,0.18,2.49,0.15,0.07
me05-057,Maschiff,057,Common,,2026-08-05T08:03:05.076Z,EUR,895842,0.03,0.02,0.02,0.03,0.03,0.03,0.09,0.02,0.04,0.1,0.08,0.08,2026-08-05T08:04:34.696Z,USD,704814.0,0.01,0.14,6.99,0.04,0.02,704814.0,0.02,0.21,1.53,0.2,0.22,,,,,,
me05-058,Mabosstiff,058,Common,,2026-08-05T08:03:04.511Z,EUR,895843,0.03,0.02,0.03,0.05,0.03,0.03,0.1,0.02,0.05,0.09,0.08,0.09,2026-08-05T08:04:34.696Z,USD,704815.0,0.01,0.13,6.99,0.07,0.03,704815.0,0.01,0.21,1.53,0.19,0.15,,,,,,
me05-059,Chi-Yu,059,Rare,,2026-08-05T08:03:05.076Z,EUR,895844,0.1,0.02,0.06,0.08,0.07,0.08,0.18,0.02,0.16,0.14,0.19,0.18,2026-08-05T08:04:34.696Z,USD,,,,,,,704816.0,0.08,0.27,1.57,0.28,0.37,704816.0,0.01,0.18,25.0,0.14,0.1
me05-060,Skarmory,060,Common,,2026-08-05T08:03:05.076Z,EUR,895845,0.03,0.02,0.03,0.03,0.03,0.03,0.09,0.02,0.05,0.07,0.07,0.08,2026-08-05T08:04:34.696Z,USD,704817.0,0.01,0.14,6.99,0.06,0.04,704817.0,0.01,0.2,6.0,0.14,0.1,,,,,,
me05-061,Shieldon,061,Common,,2026-08-05T08:03:04.634Z,EUR,895846,0.05,0.02,0.02,0.03,0.04,0.05,0.13,0.02,0.06,0.08,0.12,0.12,2026-08-05T08:04:34.696Z,USD,704818.0,0.01,0.15,6.99,0.17,0.05,704818.0,0.01,0.2,5.0,0.18,0.15,,,,,,
me05-062,Bastiodon,062,Rare,,2026-08-05T08:03:04.511Z,EUR,895847,0.19,0.02,0.02,0.05,0.08,0.15,0.28,0.02,0.02,0.22,0.2,0.22,2026-08-05T08:04:34.696Z,USD,,,,,,,704819.0,0.04,0.35,2.48,0.42,0.83,704819.0,0.01,0.2,40.0,0.18,0.13
me05-063,Bronzor,063,Common,,2026-08-05T08:03:04.511Z,EUR,895848,0.03,0.02,0.04,0.05,0.03,0.04,0.08,0.02,0.05,0.07,0.07,0.07,2026-08-05T08:04:34.696Z,USD,704820.0,0.01,0.12,6.99,0.05,0.02,704820.0,0.01,0.17,1.65,0.13,0.09,,,,,,
me05-064,Bronzong,064,Uncommon,,2026-08-05T08:03:05.076Z,EUR,895849,0.03,0.02,0.03,0.02,0.03,0.03,0.11,0.02,0.07,0.07,0.08,0.09,2026-08-05T08:04:34.696Z,USD,704821.0,0.01,0.12,6.99,0.08,0.05,704821.0,0.01,0.2,1.65,0.19,0.08,,,,,,
me05-065,Mega Excadrill ex,065,Double rare,,2026-08-05T08:03:04.511Z,EUR,895785,1.38,0.3,0.6,1.08,1.04,1.22,,,0.0,,,,2026-08-05T08:04:34.696Z,USD,,,,,,,,,,,,,704822.0,0.63,1.21,24.94,1.04,1.13
me05-066,Pikipek,066,Common,,2026-08-05T08:03:05.076Z,EUR,895850,0.06,0.02,0.02,0.05,0.04,0.05,0.17,0.02,0.08,0.06,0.11,0.14,2026-08-05T08:04:34.696Z,USD,704823.0,0.01,0.15,6.99,0.09,0.05,704823.0,0.01,0.22,1.63,0.17,0.19,,,,,,
me05-067,Trumbeak,067,Common,,2026-08-05T08:03:05.076Z,EUR,895851,0.06,0.02,0.02,0.05,0.04,0.05,0.16,0.02,0.09,0.09,0.11,0.14,2026-08-05T08:04:34.696Z,USD,704824.0,0.01,0.16,1.65,0.1,,704824.0,0.02,0.25,45.0,0.27,0.35,,,,,,
me05-068,Toucannon,068,Uncommon,,2026-08-05T08:03:05.076Z,EUR,895852,0.08,0.02,0.02,0.05,0.05,0.06,0.2,0.02,0.05,0.07,0.13,0.16,2026-08-05T08:04:34.696Z,USD,704825.0,0.01,0.18,1.53,0.14,0.13,704825.0,0.01,0.25,1.52,0.25,0.25,,,,,,
me05-069,Type: Null,069,Common,,2026-08-05T08:03:04.511Z,EUR,895853,0.03,0.02,0.03,0.02,0.03,0.03,0.12,0.02,0.02,0.07,0.07,0.09,2026-08-05T08:04:34.696Z,USD,704826.0,0.01,0.15,6.99,0.07,0.05,704826.0,0.01,0.2,8.0,0.17,0.11,,,,,,
me05-070,Silvally,070,Rare,,2026-08-05T08:03:04.511Z,EUR,895854,0.1,0.02,0.03,0.06,0.06,0.08,0.22,0.02,0.14,0.13,0.16,0.19,2026-08-05T08:04:34.696Z,USD,,,,,,,704827.0,0.05,0.27,2.49,0.23,0.27,704827.0,0.01,0.18,1.65,0.17,0.12
me05-071,Bombirdier,071,Common,,2026-08-05T08:03:04.511Z,EUR,895855,0.03,0.02,0.02,0.02,0.03,0.03,0.08,0.02,0.06,0.07,0.07,0.07,2026-08-05T08:04:34.696Z,USD,704828.0,0.01,0.15,6.99,0.05,0.02,704828.0,0.01,0.17,1.65,0.15,0.05,,,,,,
me05-072,Antique Armor Fossil,072,Common,,2026-08-05T08:03:05.076Z,EUR,895856,0.07,0.02,0.02,0.04,0.05,0.06,0.2,0.02,0.08,0.09,0.1,0.16,2026-08-05T08:04:34.696Z,USD,704829.0,0.01,0.15,6.99,0.12,0.05,704829.0,0.01,0.24,1.65,0.25,0.24,,,,,,
me05-073,Antique Skull Fossil,073,Common,,2026-08-05T08:03:04.634Z,EUR,895857,0.07,0.02,0.02,0.04,0.05,0.06,0.14,0.02,0.08,0.06,0.11,0.13,2026-08-05T08:04:34.696Z,USD,704830.0,0.01,0.15,6.99,0.1,0.09,704830.0,0.01,0.21,5.0,0.19,0.24,,,,,,
me05-074,Backtrack Badge,074,Uncommon,,2026-08-05T08:03:04.511Z,EUR,895858,0.07,0.02,0.02,0.08,0.05,0.06,0.13,0.02,0.09,0.09,0.11,0.13,2026-08-05T08:04:34.696Z,USD,704831.0,0.01,0.15,1.53,0.13,0.05,704831.0,0.01,0.21,3.0,0.2,0.14,,,,,,
me05-075,Dark Bell,075,Uncommon,,2026-08-05T08:03:04.511Z,EUR,895859,0.11,0.02,0.02,0.07,0.07,0.09,0.21,0.02,0.06,0.1,0.14,0.17,2026-08-05T08:04:34.696Z,USD,704832.0,0.01,0.18,1.53,0.15,0.17,704832.0,0.01,0.25,1.99,0.23,0.23,,,,,,
me05-076,Fossil Quarry,076,Uncommon,,2026-08-05T08:03:04.511Z,EUR,895860,0.1,0.02,0.02,0.03,0.06,0.08,0.17,0.02,0.1,0.1,0.13,0.14,2026-08-05T08:04:34.696Z,USD,704833.0,0.01,0.15,1.53,0.13,0.1,704833.0,0.05,0.25,1.99,0.24,0.4,,,,,,
me05-077,Gladion's Final Battle,077,Uncommon,,2026-08-05T08:03:04.511Z,EUR,895861,0.08,0.02,0.02,0.06,0.05,0.07,0.19,0.02,0.04,0.1,0.12,0.16,2026-08-05T08:04:34.696Z,USD,704834.0,0.01,0.15,6.3,0.11,0.06,704834.0,0.02,0.23,2.99,0.21,0.17,,,,,,
me05-078,Gwynn,078,Uncommon,,2026-08-05T08:03:04.511Z,EUR,895862,0.16,0.02,0.02,0.06,0.08,0.12,0.26,0.02,0.02,0.16,0.18,0.22,2026-08-05T08:04:34.696Z,USD,704835.0,0.01,0.19,3.86,0.12,,704835.0,0.05,0.46,95.0,1.54,14.45,,,,,,
me05-079,Jett,079,Uncommon,,2026-08-05T08:03:04.511Z,EUR,895863,0.04,0.02,0.02,0.02,0.04,0.04,0.1,0.02,0.03,0.05,0.08,0.09,2026-08-05T08:04:34.696Z,USD,704836.0,0.01,0.13,6.99,0.05,0.02,704836.0,0.01,0.2,1.65,0.19,0.2,,,,,,
me05-080,Misty's Vitality,080,Uncommon,,2026-08-05T08:03:04.511Z,EUR,895864,0.1,0.02,0.02,0.05,0.05,0.08,0.23,0.02,0.06,0.12,0.14,0.2,2026-08-05T08:04:34.696Z,USD,704837.0,0.01,0.15,6.99,0.11,,704837.0,0.05,0.28,4.99,0.28,0.35,,,,,,
me05-081,Rust Syndicate Grunt,081,Uncommon,,2026-08-05T08:03:05.076Z,EUR,895865,0.05,0.02,0.02,0.04,0.04,0.05,0.12,0.02,0.06,0.05,0.09,0.11,2026-08-05T08:04:34.696Z,USD,704838.0,0.01,0.14,6.99,0.13,0.05,704838.0,0.01,0.2,4.99,0.19,0.15,,,,,,
me05-082,Tremendous Bomb,082,Uncommon,,2026-08-05T08:03:05.076Z,EUR,895866,0.06,0.02,0.02,0.04,0.05,0.05,0.12,0.02,0.03,0.09,0.1,0.1,2026-08-05T08:04:34.696Z,USD,704839.0,0.01,0.15,15.0,0.11,0.05,704839.0,0.01,0.2,4.99,0.17,0.15,,,,,,
me05-083,Shadowy Darkness Energy,083,Rare,,2026-08-05T08:03:05.076Z,EUR,895867,0.23,0.02,0.02,0.1,0.13,0.18,0.27,0.02,0.02,0.11,0.17,0.22,2026-08-05T08:04:34.696Z,USD,,,,,,,704840.0,0.05,0.28,4.99,0.25,0.34,704840.0,0.01,0.2,88.0,0.13,0.14
me05-084,Voltaic Lightning Energy,084,Rare,,2026-08-05T08:03:05.076Z,EUR,895868,0.28,0.02,0.02,0.11,0.13,0.21,0.31,0.02,0.08,0.17,0.23,0.27,2026-08-05T08:04:34.696Z,USD,,,,,,,704841.0,0.01,0.27,22.0,0.24,0.4,704841.0,0.01,0.23,40.0,0.23,0.25
me05-085,Fomantis,085,Illustration rare,,2026-08-05T08:03:05.076Z,EUR,895869,3.86,1.79,2.37,3.52,3.46,3.68,,,0.0,,,,2026-08-05T08:04:34.696Z,USD,,,,,,,,,,,,,704842.0,2.0,4.5,49.99,3.75,4.0
me05-086,Armarouge,086,Illustration rare,,2026-08-05T08:03:05.076Z,EUR,895870,4.77,2.9,3.37,4.33,4.37,4.66,,,0.0,,,,2026-08-05T08:04:34.696Z,USD,,,,,,,,,,,,,704843.0,5.0,6.29,49.99,5.64,6.15
me05-087,Goldeen,087,Illustration rare,,2026-08-05T08:03:05.076Z,EUR,895871,14.0,6.1,13.43,13.06,13.43,13.89,,,0.0,,,,2026-08-05T08:04:34.696Z,USD,,,,,,,,,,,,,704844.0,10.33,12.98,74.9,11.48,11.25
me05-088,Primarina,088,Illustration rare,,2026-08-05T08:03:05.076Z,EUR,895872,5.58,2.49,2.76,4.47,4.27,4.93,,,0.0,,,,2026-08-05T08:04:34.696Z,USD,,,,,,,,,,,,,704845.0,4.92,6.85,59.99,5.49,5.9
me05-089,Manectric,089,Illustration rare,,2026-08-05T08:03:04.511Z,EUR,895873,4.42,1.66,2.34,3.3,3.56,4.02,,,0.0,,,,2026-08-05T08:04:34.696Z,USD,,,,,,,,,,,,,704846.0,2.24,3.8,35.0,3.14,3.85
me05-090,Slowbro,090,Illustration rare,,2026-08-05T08:03:05.076Z,EUR,895874,16.66,8.5,13.61,14.53,13.85,15.39,,,0.0,,,,2026-08-05T08:04:34.696Z,USD,,,,,,,,,,,,,704847.0,13.0,18.19,150.0,14.62,16.5
me05-091,Dhelmise,091,Illustration rare,,2026-08-05T08:03:04.511Z,EUR,895875,7.14,2.8,2.36,4.74,4.89,5.9,,,0.0,,,,2026-08-05T08:04:34.696Z,USD,,,,,,,,,,,,,704848.0,5.0,7.05,39.99,6.44,6.35
me05-092,Thievul,092,Illustration rare,,2026-08-05T08:03:04.634Z,EUR,895876,2.84,1.0,1.54,2.24,2.26,2.63,,,0.0,,,,2026-08-05T08:04:34.696Z,USD,,,,,,,,,,,,,704849.0,0.95,2.42,39.99,1.88,2.0
me05-093,Bastiodon,093,Illustration rare,,2026-08-05T08:03:04.634Z,EUR,895878,4.19,1.0,2.14,3.27,3.36,3.84,,,0.0,,,,2026-08-05T08:04:34.696Z,USD,,,,,,,,,,,,,704850.0,1.5,3.35,49.9,2.91,3.0
me05-094,Toucannon,094,Illustration rare,,2026-08-05T08:03:04.511Z,EUR,895879,4.56,2.3,2.86,4.17,4.13,4.35,,,0.0,,,,2026-08-05T08:04:34.696Z,USD,,,,,,,,,,,,,704851.0,4.0,5.87,50.0,4.59,4.92
me05-095,Silvally,095,Illustration rare,,2026-08-05T08:03:05.076Z,EUR,895880,4.58,2.28,2.7,3.59,3.79,4.19,,,0.0,,,,2026-08-05T08:04:34.696Z,USD,,,,,,,,,,,,,704852.0,2.99,4.97,35.0,4.13,4.97
me05-096,Lurantis ex,096,Ultra Rare,,2026-08-05T08:03:05.076Z,EUR,895881,3.33,1.5,3.03,3.0,3.07,3.36,,,0.0,,,,2026-08-05T08:04:34.696Z,USD,,,,,,,,,,,,,704853.0,1.5,3.0,24.99,2.78,2.5
me05-097,Wailord ex,097,Ultra Rare,,2026-08-05T08:03:05.076Z,EUR,895882,3.49,1.49,1.96,3.0,3.03,3.27,,,0.0,,,,2026-08-05T08:04:34.696Z,USD,,,,,,,,,,,,,704854.0,3.84,4.99,49.98,4.85,4.75
me05-098,Mega Zeraora ex,098,Ultra Rare,,2026-08-05T08:03:04.511Z,EUR,895883,7.6,4.85,5.78,6.85,7.01,7.35,,,0.0,,,,2026-08-05T08:04:34.696Z,USD,,,,,,,,,,,,,704855.0,6.99,8.86,59.98,7.86,9.8
me05-099,Mega Chandelure ex,099,Ultra Rare,,2026-08-05T08:03:04.511Z,EUR,895884,6.63,4.89,5.39,6.23,6.28,6.55,,,0.0,,,,2026-08-05T08:04:34.696Z,USD,,,,,,,,,,,,,704856.0,8.49,10.56,74.99,9.82,9.82
me05-100,Rampardos ex,100,Ultra Rare,,2026-08-05T08:03:05.076Z,EUR,895885,3.12,1.0,2.09,2.85,2.86,2.98,,,0.0,,,,2026-08-05T08:04:34.696Z,USD,,,,,,,,,,,,,704857.0,2.69,3.99,49.99,3.55,3.73
me05-101,Mega Darkrai ex,101,Ultra Rare,,2026-08-05T08:03:04.511Z,EUR,895886,10.25,6.7,8.99,10.31,10.27,10.34,,,0.0,,,,2026-08-05T08:04:34.696Z,USD,,,,,,,,,,,,,704858.0,12.58,15.0,69.9,13.97,13.98
me05-102,Morpeko ex,102,Ultra Rare,,2026-08-05T08:03:04.511Z,EUR,895887,4.39,1.9,3.22,3.84,3.89,4.19,,,0.0,,,,2026-08-05T08:04:34.696Z,USD,,,,,,,,,,,,,704859.0,4.5,6.0,55.99,5.75,7.75
me05-103,Mega Excadrill ex,103,Ultra Rare,,2026-08-05T08:03:04.511Z,EUR,895888,6.65,4.35,4.95,6.38,5.98,6.33,,,0.0,,,,2026-08-05T08:04:34.696Z,USD,,,,,,,,,,,,,704860.0,7.99,10.0,69.99,9.43,11.0
me05-104,Brave Bangle,104,Ultra Rare,,2026-08-05T08:03:04.511Z,EUR,895889,3.84,1.3,0.84,3.51,3.1,3.49,,,0.0,,,,2026-08-05T08:04:34.696Z,USD,,,,,,,,,,,,,704861.0,2.0,5.28,24.9,4.84,5.8
me05-105,Crushing Hammer,105,Ultra Rare,,2026-08-05T08:03:04.511Z,EUR,895890,4.6,2.5,2.06,3.79,3.48,4.01,,,0.0,,,,2026-08-05T08:04:34.696Z,USD,,,,,,,,,,,,,704862.0,2.0,5.29,19.97,4.88,5.82
me05-106,Dark Bell,106,Ultra Rare,,2026-08-05T08:03:04.511Z,EUR,895891,3.19,1.2,1.44,2.46,2.39,2.85,,,0.0,,,,2026-08-05T08:04:34.696Z,USD,,,,,,,,,,,,,704863.0,1.5,3.48,29.9,3.27,3.29
me05-107,Energy Switch,107,Ultra Rare,,2026-08-05T08:03:04.511Z,EUR,895892,2.61,1.1,1.56,2.71,2.23,2.61,,,0.0,,,,2026-08-05T08:04:34.696Z,USD,,,,,,,,,,,,,704864.0,1.0,2.5,25.0,2.37,4.99
me05-108,Gladion's Final Battle,108,Ultra Rare,,2026-08-05T08:03:05.076Z,EUR,895893,4.07,1.8,2.75,4.02,3.31,3.71,,,0.0,,,,2026-08-05T08:04:34.696Z,USD,,,,,,,,,,,,,704865.0,3.0,4.66,31.6,3.97,4.55
me05-109,Gwynn,109,Ultra Rare,,2026-08-05T08:03:04.511Z,EUR,895894,8.4,6.0,7.18,8.54,8.11,8.19,,,0.0,,,,2026-08-05T08:04:34.696Z,USD,,,,,,,,,,,,,704866.0,10.0,11.54,98.0,10.3,11.49
me05-110,Iron Defender,110,Ultra Rare,,2026-08-05T08:03:04.511Z,EUR,895895,1.67,0.7,1.1,1.66,1.42,1.57,,,0.0,,,,2026-08-05T08:04:34.696Z,USD,,,,,,,,,,,,,704867.0,0.5,1.3,22.98,1.25,1.19
me05-111,Misty's Vitality,111,Ultra Rare,,2026-08-05T08:03:04.511Z,EUR,895896,23.79,11.0,16.76,20.02,19.01,21.26,,,0.0,,,,2026-08-05T08:04:34.696Z,USD,,,,,,,,,,,,,704868.0,23.54,28.99,226.98,24.99,28.49
me05-112,Rust Syndicate Grunt,112,Ultra Rare,,2026-08-05T08:03:05.076Z,EUR,895897,3.66,1.75,1.66,2.74,2.67,3.17,,,0.0,,,,2026-08-05T08:04:34.696Z,USD,,,,,,,,,,,,,704869.0,2.22,3.13,24.99,2.7,2.22
me05-113,Tremendous Bomb,113,Ultra Rare,,2026-08-05T08:03:04.511Z,EUR,895898,1.55,0.43,1.07,1.3,1.48,1.5,,,0.0,,,,2026-08-05T08:04:34.696Z,USD,,,,,,,,,,,,,704870.0,0.5,1.74,24.98,1.5,1.66
me05-114,Mega Zeraora ex,114,Special illustration rare,,2026-08-05T08:03:05.076Z,EUR,895899,62.45,39.0,49.02,56.09,53.95,57.33,,,0.0,,,,2026-08-05T08:04:34.696Z,USD,,,,,,,,,,,,,704871.0,64.44,75.0,300.0,65.44,65.56
me05-115,Mega Chandelure ex,115,Special illustration rare,,2026-08-05T08:03:04.511Z,EUR,895900,40.41,27.0,32.12,34.67,36.2,38.33,,,0.0,,,,2026-08-05T08:04:34.696Z,USD,,,,,,,,,,,,,704872.0,48.49,54.1,249.99,49.29,50.87
me05-116,Mega Darkrai ex,116,Special illustration rare,,2026-08-05T08:03:04.634Z,EUR,895901,353.19,230.0,267.01,260.75,289.44,319.53,,,0.0,,,,2026-08-05T08:04:34.696Z,USD,,,,,,,,,,,,,704873.0,245.86,290.87,999.99,262.92,271.98
me05-117,Morpeko ex,117,Special illustration rare,,2026-08-05T08:03:04.511Z,EUR,895902,69.68,45.0,72.82,63.9,64.8,66.71,,,0.0,,,,2026-08-05T08:04:34.696Z,USD,,,,,,,,,,,,,704874.0,100.0,123.16,295.0,111.66,112.0
me05-118,Gladion's Final Battle,118,Special illustration rare,,2026-08-05T08:03:04.511Z,EUR,895903,26.99,18.5,18.64,25.67,23.92,25.84,,,0.0,,,,2026-08-05T08:04:34.696Z,USD,,,,,,,,,,,,,704875.0,30.0,35.83,200.0,31.34,33.0
me05-119,Gwynn,119,Special illustration rare,,2026-08-05T08:03:04.511Z,EUR,895904,29.82,20.0,19.68,29.16,27.58,28.9,,,0.0,,,,2026-08-05T08:04:34.696Z,USD,,,,,,,,,,,,,704876.0,38.0,44.9,199.99,40.68,40.78
me05-120,Mega Darkrai ex,120,Mega Hyper Rare,,2026-08-05T08:03:05.076Z,EUR,895905,193.66,110.0,135.55,155.0,167.08,181.03,,,0.0,,,,2026-08-05T08:04:34.696Z,USD,,,,,,,,,,,,,704877.0,173.5,204.01,1100.0,180.77,
