id,name,localId,rarity,set,tp_updated,tp_unit,cm_updated,cm_unit,cm_idProduct,cm_avg,cm_low,cm_trend,cm_avg1,cm_avg7,cm_avg30,cm_avg_holo,cm_low_holo,cm_trend_holo,cm_avg1_holo,cm_avg7_holo,cm_avg30_holo,tp_normal_productId,tp_normal_lowPrice,tp_normal_midPrice,tp_normal_highPrice,tp_normal_marketPrice,tp_normal_directLowPrice,tp_1st_edition_productId,tp_1st_edition_lowPrice,tp_1st_edition_midPrice,tp_1st_edition_highPrice,tp_1st_edition_marketPrice,tp_unlimited_productId,tp_unlimited_lowPrice,tp_unlimited_midPrice,tp_unlimited_highPrice,tp_unlimited_marketPrice,tp_unlimited_directLowPrice,tp_reverse_holofoil_productId,tp_reverse_holofoil_lowPrice,tp_reverse_holofoil_midPrice,tp_reverse_holofoil_highPrice,tp_reverse_holofoil_marketPrice,tp_reverse_holofoil_directLowPrice,tp_holofoil_productId,tp_holofoil_lowPrice,tp_holofoil_midPrice,tp_holofoil_highPrice,tp_holofoil_marketPrice,tp_holofoil_directLowPrice
base1-32,Kadabra,32,Uncommon,Base Set,2026-07-08T18:05:06.344Z,USD,2026-07-08T18:05:10.078Z,EUR,273727.0,2.93,0.02,2.78,1.4,2.22,3.04,,,3.32,8.0,2.04,2.04,42374.0,0.2,1.05,9999.0,1.59,1.15,,,,,,,,,,,,,,,,,,,,,,,
base1-32,Kadabra,32,Uncommon,Base Set,2026-07-09T18:05:05.044Z,USD,2026-07-09T18:05:08.471Z,EUR,273727.0,2.93,0.02,2.4,0.92,2.07,2.99,,,3.32,8.0,2.04,2.04,42374.0,0.45,1.04,9999.0,1.61,1.07,,,,,,,,,,,,,,,,,,,,,,,
base1-32,Kadabra,32,Uncommon,Base Set,2026-07-10T18:05:05.108Z,USD,2026-07-10T18:05:08.528Z,EUR,273727.0,2.93,0.02,2.27,2.71,2.3,3.02,,,3.32,8.0,2.04,2.04,42374.0,0.43,1.03,9999.0,1.59,1.13,,,,,,,,,,,,,,,,,,,,,,,
base1-32,Kadabra,32,Uncommon,Base Set,2026-07-11T18:05:04.939Z,USD,2026-07-11T18:05:08.177Z,EUR,273727.0,2.93,0.02,2.11,2.71,2.3,3.02,,,3.32,8.0,2.04,2.04,42374.0,0.45,1.03,9999.0,1.65,1.12,,,,,,,,,,,,,,,,,,,,,,,
base1-32,Kadabra,32,Uncommon,Base Set,2026-07-12T18:05:06.137Z,USD,2026-07-12T18:05:09.193Z,EUR,273727.0,2.93,0.02,1.95,2.71,2.3,3.02,,,3.32,8.0,2.04,2.04,42374.0,0.3,1.03,9999.0,1.69,1.12,,,,,,,,,,,,,,,,,,,,,,,
base1-32,Kadabra,32,Uncommon,Base Set,2026-07-13T18:05:05.094Z,USD,2026-07-13T18:05:07.846Z,EUR,273727.0,2.93,0.02,1.63,0.59,1.37,2.79,,,3.32,8.0,2.04,2.04,42374.0,0.3,1.06,9999.0,1.63,1.09,,,,,,,,,,,,,,,,,,,,,,,
base1-32,Kadabra,32,Uncommon,Base Set,2026-07-14T18:05:04.917Z,USD,2026-07-14T18:05:08.458Z,EUR,273727.0,2.93,0.02,1.39,0.59,1.37,2.79,,,3.32,8.0,2.04,2.04,42374.0,0.45,1.06,9999.0,1.63,1.06,,,,,,,,,,,,,,,,,,,,,,,
base1-32,Kadabra,32,Uncommon,Base Set,2026-07-15T18:05:04.924Z,USD,2026-07-15T18:05:08.182Z,EUR,273727.0,2.93,0.02,1.39,0.59,1.37,2.79,,,3.32,8.0,2.04,2.04,42374.0,0.45,1.05,9999.0,1.81,1.07,,,,,,,,,,,,,,,,,,,,,,,
base1-32,Kadabra,32,Uncommon,Base Set,2026-07-16T18:05:04.973Z,USD,2026-07-16T18:05:08.253Z,EUR,273727.0,2.93,0.02,1.52,0.59,1.37,2.79,,,3.32,8.0,2.04,2.04,42374.0,0.45,1.06,9999.0,1.8,1.08,,,,,,,,,,,,,,,,,,,,,,,
base1-32,Kadabra,32,Uncommon,Base Set,2026-07-17T18:05:06.374Z,USD,2026-07-17T18:05:09.271Z,EUR,273727.0,2.93,0.02,1.17,0.59,1.37,2.79,,,3.32,8.0,2.04,2.04,42374.0,0.45,1.05,9999.0,1.82,1.07,,,,,,,,,,,,,,,,,,,,,,,
base1-32,Kadabra,32,Uncommon,Base Set,2026-07-18T08:02:56.122Z,USD,2026-07-18T08:02:59.776Z,EUR,273727.0,2.93,0.02,1.05,0.59,1.37,2.79,,,3.32,8.0,2.04,2.04,42374.0,0.45,1.05,9999.0,1.82,0.9,,,,,,,,,,,,,,,,,,,,,,,
base4-46,Kadabra,46,Uncommon,Base Set 2,2026-07-08T18:05:06.369Z,USD,2026-07-08T18:05:10.078Z,EUR,273969.0,1.26,0.02,1.11,0.35,1.16,1.08,,,0.0,,,,42509.0,0.46,1.14,4321.0,1.59,4.49,,,,,,,,,,,,,,,,,,,,,,,
base4-46,Kadabra,46,Uncommon,Base Set 2,2026-07-09T18:05:05.056Z,USD,2026-07-09T18:05:08.471Z,EUR,273969.0,1.26,0.02,1.02,0.5,1.1,1.09,,,0.0,,,,42509.0,0.46,1.17,4321.0,1.58,4.49,,,,,,,,,,,,,,,,,,,,,,,
base4-46,Kadabra,46,Uncommon,Base Set 2,2026-07-10T18:05:05.144Z,USD,2026-07-10T18:05:08.528Z,EUR,273969.0,1.26,0.02,1.01,1.37,0.73,1.12,,,0.0,,,,42509.0,0.46,1.15,4321.0,1.58,4.49,,,,,,,,,,,,,,,,,,,,,,,
base4-46,Kadabra,46,Uncommon,Base Set 2,2026-07-11T18:05:04.962Z,USD,2026-07-11T18:05:08.177Z,EUR,273969.0,1.26,0.02,1.01,1.37,0.73,1.12,,,0.0,,,,42509.0,0.46,1.14,4321.0,1.66,4.49,,,,,,,,,,,,,,,,,,,,,,,
base4-46,Kadabra,46,Uncommon,Base Set 2,2026-07-12T18:05:06.150Z,USD,2026-07-12T18:05:09.193Z,EUR,273969.0,1.26,0.02,1.01,1.37,0.73,1.12,,,0.0,,,,42509.0,0.45,1.14,4321.0,1.7,4.49,,,,,,,,,,,,,,,,,,,,,,,
base4-46,Kadabra,46,Uncommon,Base Set 2,2026-07-13T18:05:05.120Z,USD,2026-07-13T18:05:07.846Z,EUR,273969.0,1.26,0.02,1.01,0.95,0.88,1.11,,,0.0,,,,42509.0,0.45,1.14,4321.0,1.68,2.99,,,,,,,,,,,,,,,,,,,,,,,
base4-46,Kadabra,46,Uncommon,Base Set 2,2026-07-14T18:05:04.935Z,USD,2026-07-14T18:05:08.458Z,EUR,273969.0,1.26,0.02,0.98,0.95,0.88,1.11,,,0.0,,,,42509.0,0.45,1.09,4321.0,1.84,2.99,,,,,,,,,,,,,,,,,,,,,,,
base4-46,Kadabra,46,Uncommon,Base Set 2,2026-07-15T18:05:04.950Z,USD,2026-07-15T18:05:08.182Z,EUR,273969.0,1.26,0.02,0.98,0.95,0.88,1.11,,,0.0,,,,42509.0,0.45,1.09,4321.0,1.83,2.99,,,,,,,,,,,,,,,,,,,,,,,
base4-46,Kadabra,46,Uncommon,Base Set 2,2026-07-16T18:05:04.998Z,USD,2026-07-16T18:05:08.727Z,EUR,273969.0,1.26,0.02,0.89,0.95,0.88,1.11,,,0.0,,,,42509.0,0.45,1.14,4321.0,1.83,2.99,,,,,,,,,,,,,,,,,,,,,,,
base4-46,Kadabra,46,Uncommon,Base Set 2,2026-07-17T18:05:06.386Z,USD,2026-07-17T18:05:09.396Z,EUR,273969.0,1.26,0.02,0.8,0.95,0.88,1.11,,,0.0,,,,42509.0,0.45,1.17,4321.0,1.83,1.0,,,,,,,,,,,,,,,,,,,,,,,
base4-46,Kadabra,46,Uncommon,Base Set 2,2026-07-18T08:02:56.148Z,USD,2026-07-18T08:02:59.776Z,EUR,273969.0,1.26,0.02,0.8,0.95,0.88,1.11,,,0.0,,,,42509.0,0.45,1.15,4321.0,1.83,2.99,,,,,,,,,,,,,,,,,,,,,,,
base5-39,Dark Kadabra,39,Uncommon,Team Rocket,2026-07-08T18:05:06.372Z,USD,2026-07-08T18:05:10.691Z,EUR,274092.0,2.24,0.03,2.08,0.75,2.01,2.23,,,0.15,0.15,0.77,0.77,,,,,,,84618.0,3.25,6.3,77.0,6.32,84618.0,0.66,1.5,100.0,2.34,1.01,,,,,,,,,,,,
base5-39,Dark Kadabra,39,Uncommon,Team Rocket,2026-07-09T18:05:05.063Z,USD,2026-07-09T18:05:08.471Z,EUR,274092.0,2.24,0.03,1.97,1.23,1.55,2.2,,,0.15,0.15,0.77,0.77,,,,,,,84618.0,3.0,6.09,77.0,6.25,84618.0,0.66,1.5,100.0,2.28,1.01,,,,,,,,,,,,
base5-39,Dark Kadabra,39,Uncommon,Team Rocket,2026-07-10T18:05:05.149Z,USD,2026-07-10T18:05:08.528Z,EUR,274092.0,2.24,0.05,2.04,2.69,2.08,2.23,,,0.15,0.15,0.77,0.77,,,,,,,84618.0,3.0,6.24,77.0,6.4,84618.0,0.66,1.5,100.0,2.29,1.26,,,,,,,,,,,,
base5-39,Dark Kadabra,39,Uncommon,Team Rocket,2026-07-11T18:05:04.966Z,USD,2026-07-11T18:05:08.177Z,EUR,274092.0,2.24,0.05,2.81,2.69,2.08,2.23,,,0.15,0.15,0.77,0.77,,,,,,,84618.0,3.25,6.3,77.0,6.4,84618.0,0.66,1.5,100.0,2.28,1.24,,,,,,,,,,,,
base5-39,Dark Kadabra,39,Uncommon,Team Rocket,2026-07-12T18:05:06.157Z,USD,2026-07-12T18:05:09.193Z,EUR,274092.0,2.24,0.05,3.05,2.69,2.08,2.23,,,0.15,0.15,0.77,0.77,,,,,,,84618.0,3.2,6.28,77.0,6.4,84618.0,0.66,1.5,100.0,2.24,1.25,,,,,,,,,,,,
base5-39,Dark Kadabra,39,Uncommon,Team Rocket,2026-07-13T18:05:05.124Z,USD,2026-07-13T18:05:07.846Z,EUR,274092.0,2.24,0.05,2.82,0.89,2.91,2.39,,,0.15,0.15,0.77,0.77,,,,,,,84618.0,3.2,6.0,77.0,6.5,84618.0,0.69,1.5,100.0,2.19,1.25,,,,,,,,,,,,
base5-39,Dark Kadabra,39,Uncommon,Team Rocket,2026-07-14T18:05:04.939Z,USD,2026-07-14T18:05:08.458Z,EUR,274092.0,2.24,0.05,2.61,0.89,2.91,2.39,,,0.15,0.15,0.77,0.77,,,,,,,84618.0,3.02,6.0,77.0,6.5,84618.0,0.69,1.5,100.0,2.25,1.25,,,,,,,,,,,,
base5-39,Dark Kadabra,39,Uncommon,Team Rocket,2026-07-15T18:05:04.965Z,USD,2026-07-15T18:05:08.182Z,EUR,274092.0,2.24,0.05,2.61,0.89,2.91,2.39,,,0.15,0.15,0.77,0.77,,,,,,,84618.0,3.07,6.0,77.0,6.5,84618.0,0.69,1.5,100.0,2.33,0.75,,,,,,,,,,,,
base5-39,Dark Kadabra,39,Uncommon,Team Rocket,2026-07-16T18:05:05.020Z,USD,2026-07-16T18:05:08.253Z,EUR,274092.0,2.24,0.05,2.92,0.89,2.91,2.39,,,0.15,0.15,0.77,0.77,,,,,,,84618.0,3.0,6.0,77.0,6.5,84618.0,0.69,1.5,100.0,2.33,0.75,,,,,,,,,,,,
base5-39,Dark Kadabra,39,Uncommon,Team Rocket,2026-07-17T18:05:06.393Z,USD,2026-07-17T18:05:09.271Z,EUR,274092.0,2.24,0.05,2.66,0.89,2.91,2.39,,,0.15,0.15,0.77,0.77,,,,,,,84618.0,3.09,6.12,77.0,6.5,84618.0,0.68,1.5,100.0,2.38,2.7,,,,,,,,,,,,
base5-39,Dark Kadabra,39,Uncommon,Team Rocket,2026-07-18T08:02:56.154Z,USD,2026-07-18T08:02:59.776Z,EUR,274092.0,2.24,0.05,2.8,0.89,2.91,2.39,,,0.15,0.15,0.77,0.77,,,,,,,84618.0,3.03,6.12,77.0,6.5,84618.0,0.68,1.49,100.0,2.41,2.86,,,,,,,,,,,,
ecard1-84,Kadabra,84,Uncommon,Expedition Base Set,2026-07-08T18:05:06.499Z,USD,2026-07-08T18:05:10.691Z,EUR,274959.0,4.1,0.49,3.69,2.0,3.05,4.08,26.32,5.95,24.17,17.5,25.62,20.64,86406.0,5.5,8.24,89.99,8.24,85.62,,,,,,,,,,,,86406.0,39.99,39.99,39.99,80.0,,,,,,,
ecard1-84,Kadabra,84,Uncommon,Expedition Base Set,2026-07-09T18:05:05.307Z,USD,2026-07-09T18:05:08.471Z,EUR,274959.0,4.04,0.49,3.69,2.0,3.05,4.08,31.6,5.95,24.17,17.5,25.62,20.64,86406.0,5.5,8.0,89.99,8.24,85.62,,,,,,,,,,,,86406.0,39.99,39.99,39.99,80.0,,,,,,,
ecard1-84,Kadabra,84,Uncommon,Expedition Base Set,2026-07-10T18:05:05.185Z,USD,2026-07-10T18:05:08.528Z,EUR,274959.0,4.04,0.49,3.69,2.0,3.05,4.08,31.6,5.95,24.17,17.5,25.62,20.64,86406.0,5.5,8.24,89.99,8.46,85.62,,,,,,,,,,,,86406.0,39.99,39.99,39.99,80.0,,,,,,,
ecard1-84,Kadabra,84,Uncommon,Expedition Base Set,2026-07-11T18:05:05.023Z,USD,2026-07-11T18:05:08.252Z,EUR,274959.0,4.04,0.49,5.32,2.0,3.05,4.08,31.6,5.95,22.64,17.5,25.62,20.64,86406.0,5.5,8.29,89.99,8.58,85.62,,,,,,,,,,,,86406.0,39.99,39.99,39.99,80.0,,,,,,,
ecard1-84,Kadabra,84,Uncommon,Expedition Base Set,2026-07-12T18:05:06.215Z,USD,2026-07-12T18:05:09.193Z,EUR,274959.0,4.04,0.49,5.32,2.0,3.05,4.08,31.6,5.95,22.64,17.5,25.62,20.64,86406.0,5.5,8.24,89.99,8.74,85.62,,,,,,,,,,,,86406.0,39.99,39.99,39.99,80.0,,,,,,,
ecard1-84,Kadabra,84,Uncommon,Expedition Base Set,2026-07-13T18:05:05.192Z,USD,2026-07-13T18:05:07.999Z,EUR,274959.0,4.04,0.49,5.06,3.75,5.82,4.35,31.6,5.95,22.64,20.0,27.82,21.17,86406.0,5.5,8.29,89.99,8.74,85.62,,,,,,,,,,,,86406.0,39.99,39.99,39.99,80.0,,,,,,,
ecard1-84,Kadabra,84,Uncommon,Expedition Base Set,2026-07-14T18:05:04.983Z,USD,2026-07-14T18:05:08.458Z,EUR,274959.0,4.04,0.49,5.52,3.75,5.82,4.35,31.6,5.95,22.64,20.0,27.82,21.17,86406.0,5.0,8.52,89.99,8.62,85.62,,,,,,,,,,,,86406.0,39.99,39.99,39.99,80.0,,,,,,,
ecard1-84,Kadabra,84,Uncommon,Expedition Base Set,2026-07-15T18:05:05.109Z,USD,2026-07-15T18:05:08.182Z,EUR,274959.0,4.04,0.49,5.52,3.75,5.82,4.35,31.6,5.95,22.64,20.0,27.82,21.17,86406.0,4.99,8.52,89.99,8.62,7.87,,,,,,,,,,,,86406.0,39.99,39.99,39.99,80.0,,,,,,,
ecard1-84,Kadabra,84,Uncommon,Expedition Base Set,2026-07-16T18:05:05.100Z,USD,2026-07-16T18:05:08.253Z,EUR,274959.0,4.04,0.49,5.52,3.75,5.82,4.35,31.6,5.95,24.49,20.0,27.82,21.17,86406.0,5.5,8.53,89.99,8.62,7.87,,,,,,,,,,,,86406.0,39.99,39.99,39.99,80.0,,,,,,,
ecard1-84,Kadabra,84,Uncommon,Expedition Base Set,2026-07-17T18:05:06.433Z,USD,2026-07-17T18:05:10.824Z,EUR,274959.0,4.04,0.49,5.52,3.75,5.82,4.35,31.6,5.95,24.49,20.0,27.82,21.17,86406.0,5.5,8.58,89.99,8.62,7.87,,,,,,,,,,,,86406.0,39.99,39.99,39.99,80.0,,,,,,,
ecard1-84,Kadabra,84,Uncommon,Expedition Base Set,2026-07-18T08:02:56.196Z,USD,2026-07-18T08:02:59.776Z,EUR,274959.0,4.04,0.49,5.34,3.75,5.82,4.35,31.6,5.95,24.49,20.0,27.82,21.17,86406.0,5.5,8.62,89.99,8.62,85.62,,,,,,,,,,,,86406.0,39.99,39.99,39.99,80.0,,,,,,,
ecard3-69,Kadabra,69,Common,Skyridge,2026-07-08T18:05:06.540Z,USD,2026-07-08T18:05:10.078Z,EUR,275327.0,6.72,1.0,7.28,4.0,6.96,5.32,16.23,5.0,73.06,17.5,34.19,40.95,86405.0,21.24,38.96,287.7,25.15,,,,,,,,,,,,,,,,,,,,,,,,
ecard3-69,Kadabra,69,Common,Skyridge,2026-07-09T18:05:05.590Z,USD,2026-07-09T18:05:09.065Z,EUR,275327.0,6.72,1.0,15.67,61.33,21.65,8.97,16.23,5.0,73.06,17.5,34.19,40.95,86405.0,21.24,35.2,287.7,26.33,,,,,,,,,,,,,,,,,,,,,,,,
ecard3-69,Kadabra,69,Common,Skyridge,2026-07-10T18:05:05.196Z,USD,2026-07-10T18:05:08.528Z,EUR,275327.0,15.38,1.0,14.96,4.97,19.74,8.88,26.24,5.0,73.06,17.5,34.19,40.95,86405.0,21.24,34.87,287.7,26.33,,,,,,,,,,,,,,,,,,,,,,,,
ecard3-69,Kadabra,69,Common,Skyridge,2026-07-11T18:05:05.036Z,USD,2026-07-11T18:05:08.177Z,EUR,275327.0,15.38,1.0,14.96,4.97,19.74,8.88,26.24,5.0,72.78,17.5,34.19,40.95,86405.0,21.24,34.87,287.7,26.33,,,,,,,,,,,,,,,,,,,,,,,,
ecard3-69,Kadabra,69,Common,Skyridge,2026-07-12T18:05:06.242Z,USD,2026-07-12T18:05:08.999Z,EUR,275327.0,15.38,1.0,14.96,4.97,19.74,8.88,26.24,5.0,72.78,17.5,34.19,40.95,86405.0,22.3,35.04,287.7,26.33,,,,,,,,,,,,,,,,,,,,,,,,
ecard3-69,Kadabra,69,Common,Skyridge,2026-07-13T18:05:05.208Z,USD,2026-07-13T18:05:07.846Z,EUR,275327.0,15.38,1.0,14.96,4.97,19.74,8.88,26.24,5.0,72.78,34.98,22.94,41.6,86405.0,21.36,34.87,287.7,26.33,,,,,,,,,,,,,,,,,,,,,,,,
ecard3-69,Kadabra,69,Common,Skyridge,2026-07-14T18:05:04.999Z,USD,2026-07-14T18:05:08.458Z,EUR,275327.0,15.38,1.0,14.96,4.97,19.74,8.88,26.24,5.0,72.78,34.98,22.94,41.6,86405.0,25.29,34.87,287.7,26.86,,,,,,,,,,,,,,,,,,,,,,,,
ecard3-69,Kadabra,69,Common,Skyridge,2026-07-15T18:05:05.122Z,USD,2026-07-15T18:05:08.182Z,EUR,275327.0,15.38,1.0,14.96,4.97,19.74,8.88,26.24,5.0,72.78,34.98,22.94,41.6,86405.0,25.29,34.87,287.7,26.86,,,,,,,,,,,,,,,,,,,,,,,,
ecard3-69,Kadabra,69,Common,Skyridge,2026-07-16T18:05:05.111Z,USD,2026-07-16T18:05:08.253Z,EUR,275327.0,15.38,1.0,14.96,4.97,19.74,8.88,26.24,5.0,72.78,34.98,22.94,41.6,86405.0,25.51,34.87,287.7,26.86,,,,,,,,,,,,,,,,,,,,,,,,
ecard3-69,Kadabra,69,Common,Skyridge,2026-07-17T18:05:06.449Z,USD,2026-07-17T18:05:09.396Z,EUR,275327.0,15.38,1.0,14.96,4.97,19.74,8.88,26.24,5.0,72.78,34.98,22.94,41.6,86405.0,21.59,35.4,287.7,26.86,,,,,,,,,,,,,,,,,,,,,,,,
ecard3-69,Kadabra,69,Common,Skyridge,2026-07-18T08:02:56.209Z,USD,2026-07-18T08:02:59.776Z,EUR,275327.0,15.38,1.0,14.69,4.97,19.74,8.88,26.24,5.0,72.78,34.98,22.94,41.6,86405.0,22.2,35.4,287.7,26.86,,,,,,,,,,,,,,,,,,,,,,,,
gym2-58,Sabrina's Kadabra,58,Uncommon,Gym Challenge,2026-07-08T18:05:06.384Z,USD,2026-07-08T18:05:10.078Z,EUR,274326.0,11.06,0.49,6.37,2.0,5.25,8.67,,,24.0,24.0,13.25,13.25,,,,,,,88882.0,15.0,23.98,613.0,16.39,88882.0,2.0,4.98,39.48,5.95,39.48,,,,,,,,,,,,
gym2-58,Sabrina's Kadabra,58,Uncommon,Gym Challenge,2026-07-09T18:05:05.185Z,USD,2026-07-09T18:05:08.471Z,EUR,274326.0,11.06,0.49,5.6,2.32,4.79,8.39,,,24.0,24.0,13.25,13.25,,,,,,,88882.0,9.99,21.99,613.0,16.39,88882.0,2.0,4.99,39.48,5.95,4.99,,,,,,,,,,,,
gym2-58,Sabrina's Kadabra,58,Uncommon,Gym Challenge,2026-07-10T18:05:05.160Z,USD,2026-07-10T18:05:08.528Z,EUR,274326.0,11.06,0.49,4.65,0.98,3.21,8.36,,,24.0,24.0,13.25,13.25,,,,,,,88882.0,9.99,19.99,613.0,16.39,88882.0,2.0,5.0,39.48,5.96,4.99,,,,,,,,,,,,
gym2-58,Sabrina's Kadabra,58,Uncommon,Gym Challenge,2026-07-11T18:05:04.979Z,USD,2026-07-11T18:05:08.177Z,EUR,274326.0,11.06,0.49,6.59,0.98,3.21,8.36,,,24.0,24.0,13.25,13.25,,,,,,,88882.0,9.99,20.0,613.0,16.39,88882.0,2.0,5.14,39.48,5.96,4.99,,,,,,,,,,,,
gym2-58,Sabrina's Kadabra,58,Uncommon,Gym Challenge,2026-07-12T18:05:06.167Z,USD,2026-07-12T18:05:08.999Z,EUR,274326.0,11.06,0.49,6.59,0.98,3.21,8.36,,,24.0,24.0,13.25,13.25,,,,,,,88882.0,9.99,20.0,613.0,16.39,88882.0,2.0,5.0,39.48,6.0,4.99,,,,,,,,,,,,
gym2-58,Sabrina's Kadabra,58,Uncommon,Gym Challenge,2026-07-13T18:05:05.134Z,USD,2026-07-13T18:05:07.846Z,EUR,274326.0,11.06,0.49,6.07,5.09,4.94,8.94,,,24.0,24.0,13.25,13.25,,,,,,,88882.0,9.99,19.99,613.0,16.39,88882.0,2.29,5.34,39.48,6.06,,,,,,,,,,,,,
gym2-58,Sabrina's Kadabra,58,Uncommon,Gym Challenge,2026-07-14T18:05:04.949Z,USD,2026-07-14T18:05:08.458Z,EUR,274326.0,11.06,0.49,5.89,5.09,4.94,8.94,,,24.0,24.0,13.25,13.25,,,,,,,88882.0,9.99,19.99,613.0,16.39,88882.0,2.29,5.5,39.48,6.1,,,,,,,,,,,,,
gym2-58,Sabrina's Kadabra,58,Uncommon,Gym Challenge,2026-07-15T18:05:04.992Z,USD,2026-07-15T18:05:08.182Z,EUR,274326.0,11.06,0.49,5.89,5.09,4.94,8.94,,,24.0,24.0,13.25,13.25,,,,,,,88882.0,9.99,18.8,613.0,16.39,88882.0,2.29,5.56,39.48,6.1,,,,,,,,,,,,,
gym2-58,Sabrina's Kadabra,58,Uncommon,Gym Challenge,2026-07-16T18:05:05.051Z,USD,2026-07-16T18:05:08.253Z,EUR,274326.0,11.06,0.49,5.24,5.09,4.94,8.94,,,24.0,24.0,13.25,13.25,,,,,,,88882.0,9.99,18.74,613.0,16.39,88882.0,2.29,5.56,39.48,6.1,,,,,,,,,,,,,
gym2-58,Sabrina's Kadabra,58,Uncommon,Gym Challenge,2026-07-17T18:05:06.403Z,USD,2026-07-17T18:05:09.271Z,EUR,274326.0,11.06,0.49,4.56,5.09,4.94,8.94,,,24.0,24.0,13.25,13.25,,,,,,,88882.0,13.0,18.85,613.0,16.11,88882.0,2.29,5.42,39.48,6.09,,,,,,,,,,,,,
gym2-58,Sabrina's Kadabra,58,Uncommon,Gym Challenge,2026-07-18T08:02:56.166Z,USD,2026-07-18T08:02:59.776Z,EUR,274326.0,11.06,0.49,4.06,5.09,4.94,8.94,,,24.0,24.0,13.25,13.25,,,,,,,88882.0,13.0,18.85,613.0,16.11,88882.0,2.29,5.0,39.48,6.09,,,,,,,,,,,,,
lc-49,Kadabra,49,Uncommon,Legendary Collection,2026-07-08T18:05:06.476Z,USD,2026-07-08T18:05:10.691Z,EUR,274814.0,2.61,0.3,3.2,4.85,3.03,1.84,120.0,40.0,154.14,150.0,89.88,86.54,86404.0,1.42,3.75,49.81,4.52,48.83,,,,,,,,,,,,86404.0,149.99,2021.78,4699.0,173.39,,,,,,,
lc-49,Kadabra,49,Uncommon,Legendary Collection,2026-07-09T18:05:05.283Z,USD,2026-07-09T18:05:09.065Z,EUR,274814.0,2.61,0.3,3.51,4.99,3.53,1.95,120.0,40.0,154.14,150.0,89.88,86.54,86404.0,1.42,3.75,49.81,4.52,48.83,,,,,,,,,,,,86404.0,149.99,2021.78,4699.0,173.39,,,,,,,
lc-49,Kadabra,49,Uncommon,Legendary Collection,2026-07-10T18:05:05.180Z,USD,2026-07-10T18:05:08.528Z,EUR,274814.0,2.61,0.3,3.51,4.99,3.53,1.95,120.0,40.0,154.14,150.0,89.88,86.54,86404.0,1.4,2.94,49.81,4.52,48.83,,,,,,,,,,,,86404.0,2021.78,2021.78,4699.0,173.39,,,,,,,
lc-49,Kadabra,49,Uncommon,Legendary Collection,2026-07-11T18:05:05.018Z,USD,2026-07-11T18:05:08.177Z,EUR,274814.0,2.61,0.3,3.38,4.99,3.53,1.95,120.0,40.0,154.14,150.0,89.88,86.54,86404.0,1.4,2.94,49.81,4.55,48.83,,,,,,,,,,,,86404.0,2021.78,2021.78,4699.0,173.39,,,,,,,
lc-49,Kadabra,49,Uncommon,Legendary Collection,2026-07-12T18:05:06.207Z,USD,2026-07-12T18:05:09.193Z,EUR,274814.0,2.61,0.3,3.38,4.99,3.53,1.95,120.0,40.0,154.14,150.0,89.88,86.54,86404.0,1.4,2.99,49.81,4.55,48.83,,,,,,,,,,,,86404.0,2021.78,2021.78,4699.0,173.39,,,,,,,
lc-49,Kadabra,49,Uncommon,Legendary Collection,2026-07-13T18:05:05.187Z,USD,2026-07-13T18:05:07.846Z,EUR,274814.0,2.61,0.3,3.38,1.49,3.27,1.94,120.0,40.0,154.14,150.0,89.88,86.54,86404.0,1.42,3.75,49.81,4.55,48.83,,,,,,,,,,,,86404.0,2021.78,2021.78,4699.0,173.39,,,,,,,
lc-49,Kadabra,49,Uncommon,Legendary Collection,2026-07-14T18:05:04.977Z,USD,2026-07-14T18:05:08.458Z,EUR,274814.0,3.22,0.3,3.38,1.49,3.27,1.94,130.0,40.0,154.14,150.0,89.88,86.54,86404.0,1.42,3.75,49.81,4.55,48.83,,,,,,,,,,,,86404.0,2021.78,2021.78,4699.0,173.39,,,,,,,
lc-49,Kadabra,49,Uncommon,Legendary Collection,2026-07-15T18:05:05.101Z,USD,2026-07-15T18:05:08.182Z,EUR,274814.0,3.22,0.3,3.38,1.49,3.27,1.94,130.0,40.0,154.14,150.0,89.88,86.54,86404.0,1.42,2.99,49.81,4.55,48.83,,,,,,,,,,,,86404.0,2021.78,2021.78,4699.0,173.39,,,,,,,
lc-49,Kadabra,49,Uncommon,Legendary Collection,2026-07-16T18:05:05.098Z,USD,2026-07-16T18:05:08.727Z,EUR,274814.0,3.22,0.2,3.01,1.49,3.27,1.94,130.0,40.0,154.14,150.0,89.88,86.54,86404.0,1.42,2.99,49.81,4.55,48.83,,,,,,,,,,,,86404.0,2021.78,2021.78,4699.0,173.39,,,,,,,
lc-49,Kadabra,49,Uncommon,Legendary Collection,2026-07-17T18:05:06.428Z,USD,2026-07-17T18:05:10.824Z,EUR,274814.0,3.22,0.2,3.01,1.49,3.27,1.94,130.0,40.0,154.14,150.0,89.88,86.54,86404.0,1.42,3.75,49.81,4.55,48.83,,,,,,,,,,,,86404.0,2021.78,2021.78,4699.0,173.39,,,,,,,
lc-49,Kadabra,49,Uncommon,Legendary Collection,2026-07-18T08:02:56.192Z,USD,2026-07-18T08:02:59.776Z,EUR,274814.0,3.22,0.2,3.01,1.49,3.27,1.94,130.0,40.0,154.14,150.0,89.88,86.54,86404.0,1.42,3.75,49.81,4.55,48.83,,,,,,,,,,,,86404.0,2021.78,2021.78,4699.0,173.39,,,,,,,
me01-055,Kadabra,55,Uncommon,Mega Evolution,2026-07-08T18:05:07.548Z,USD,2026-07-08T18:05:10.691Z,EUR,851126.0,0.09,0.02,0.05,0.07,0.07,0.08,0.19,0.02,0.22,0.2,0.25,0.2,654394.0,0.01,0.2,19.98,0.17,0.12,,,,,,,,,,,,654394.0,0.05,0.35,96.95,0.63,0.63,,,,,,
me01-055,Kadabra,55,Uncommon,Mega Evolution,2026-07-09T18:05:06.649Z,USD,2026-07-09T18:05:08.471Z,EUR,851126.0,0.09,0.02,0.06,0.09,0.07,0.08,0.19,0.02,0.21,0.14,0.14,0.2,654394.0,0.01,0.2,19.98,0.21,0.05,,,,,,,,,,,,654394.0,0.05,0.35,96.95,0.56,0.74,,,,,,
me01-055,Kadabra,55,Uncommon,Mega Evolution,2026-07-10T18:05:06.292Z,USD,2026-07-10T18:05:08.528Z,EUR,851126.0,0.09,0.02,0.06,0.09,0.08,0.08,0.19,0.02,0.2,0.15,0.14,0.2,654394.0,0.01,0.21,19.98,0.21,0.08,,,,,,,,,,,,654394.0,0.05,0.36,96.95,0.5,0.58,,,,,,
me01-055,Kadabra,55,Uncommon,Mega Evolution,2026-07-11T18:05:05.939Z,USD,2026-07-11T18:05:08.177Z,EUR,851126.0,0.09,0.02,0.06,0.09,0.08,0.08,0.19,0.02,0.18,0.15,0.14,0.2,654394.0,0.01,0.21,19.98,0.2,0.09,,,,,,,,,,,,654394.0,0.05,0.39,96.95,0.45,0.57,,,,,,
me01-055,Kadabra,55,Uncommon,Mega Evolution,2026-07-12T18:05:07.263Z,USD,2026-07-12T18:05:08.999Z,EUR,851126.0,0.09,0.02,0.07,0.09,0.08,0.08,0.19,0.02,0.19,0.15,0.14,0.2,654394.0,0.01,0.22,1000.0,0.23,0.1,,,,,,,,,,,,654394.0,0.05,0.37,96.95,0.38,0.99,,,,,,
me01-055,Kadabra,55,Uncommon,Mega Evolution,2026-07-13T18:05:06.308Z,USD,2026-07-13T18:05:07.846Z,EUR,851126.0,0.09,0.02,0.07,0.04,0.07,0.07,0.19,0.02,0.19,0.15,0.18,0.2,654394.0,0.01,0.22,1000.0,0.23,0.1,,,,,,,,,,,,654394.0,0.05,0.31,96.95,0.35,0.99,,,,,,
me01-055,Kadabra,55,Uncommon,Mega Evolution,2026-07-14T18:05:05.973Z,USD,2026-07-14T18:05:08.458Z,EUR,851126.0,0.09,0.02,0.08,0.04,0.07,0.07,0.19,0.02,0.19,0.15,0.18,0.2,654394.0,0.01,0.22,1000.0,0.22,0.12,,,,,,,,,,,,654394.0,0.05,0.33,96.95,0.33,0.49,,,,,,
me01-055,Kadabra,55,Uncommon,Mega Evolution,2026-07-15T18:05:06.013Z,USD,2026-07-15T18:05:08.182Z,EUR,851126.0,0.09,0.02,0.08,0.04,0.07,0.07,0.19,0.02,0.19,0.15,0.18,0.2,654394.0,0.01,0.23,1000.0,0.24,0.11,,,,,,,,,,,,654394.0,0.05,0.33,96.95,0.32,0.69,,,,,,
me01-055,Kadabra,55,Uncommon,Mega Evolution,2026-07-16T18:05:05.981Z,USD,2026-07-16T18:05:08.253Z,EUR,851126.0,0.09,0.02,0.08,0.04,0.07,0.07,0.19,0.02,0.17,0.15,0.18,0.2,654394.0,0.01,0.24,1000.0,0.28,0.12,,,,,,,,,,,,654394.0,0.05,0.33,96.95,0.35,0.33,,,,,,
me01-055,Kadabra,55,Uncommon,Mega Evolution,2026-07-17T18:05:07.340Z,USD,2026-07-17T18:05:09.271Z,EUR,851126.0,0.09,0.02,0.08,0.04,0.07,0.07,0.19,0.02,0.16,0.15,0.18,0.2,654394.0,0.01,0.25,1000.0,0.28,0.12,,,,,,,,,,,,654394.0,0.05,0.35,96.95,0.38,0.35,,,,,,
me01-055,Kadabra,55,Uncommon,Mega Evolution,2026-07-18T08:02:56.965Z,USD,2026-07-18T08:02:59.776Z,EUR,851126.0,0.08,0.02,0.08,0.04,0.07,0.07,0.21,0.02,0.16,0.15,0.18,0.2,654394.0,0.01,0.24,1000.0,0.22,0.12,,,,,,,,,,,,654394.0,0.05,0.35,96.95,0.4,0.35,,,,,,
sv03.5-064,Kadabra,64,Uncommon,151,2026-07-08T18:05:07.453Z,USD,2026-07-08T18:05:10.078Z,EUR,733659.0,0.07,0.02,0.09,0.06,0.1,0.07,0.22,0.02,0.24,0.37,0.25,0.22,516269.0,0.01,0.2,19.98,0.21,0.1,,,,,,,,,,,,516269.0,0.01,0.3,99.0,0.29,0.28,,,,,,
sv03.5-064,Kadabra,64,Uncommon,151,2026-07-09T18:05:06.607Z,USD,2026-07-09T18:05:09.065Z,EUR,733659.0,0.07,0.02,0.09,0.07,0.1,0.07,0.22,0.02,0.23,0.14,0.25,0.21,516269.0,0.01,0.2,19.98,0.21,0.06,,,,,,,,,,,,516269.0,0.01,0.3,99.0,0.27,0.27,,,,,,
sv03.5-064,Kadabra,64,Uncommon,151,2026-07-10T18:05:06.231Z,USD,2026-07-10T18:05:08.528Z,EUR,733659.0,0.07,0.02,0.09,0.1,0.1,0.07,0.22,0.02,0.23,0.29,0.26,0.22,516269.0,0.01,0.21,19.98,0.21,0.1,,,,,,,,,,,,516269.0,0.01,0.29,99.0,0.27,0.26,,,,,,
sv03.5-064,Kadabra,64,Uncommon,151,2026-07-11T18:05:05.878Z,USD,2026-07-11T18:05:08.252Z,EUR,733659.0,0.07,0.02,0.09,0.1,0.1,0.07,0.22,0.02,0.23,0.29,0.26,0.22,516269.0,0.01,0.21,19.98,0.18,0.1,,,,,,,,,,,,516269.0,0.01,0.29,99.0,0.27,0.27,,,,,,
sv03.5-064,Kadabra,64,Uncommon,151,2026-07-12T18:05:07.183Z,USD,2026-07-12T18:05:08.999Z,EUR,733659.0,0.07,0.02,0.09,0.1,0.1,0.07,0.22,0.02,0.23,0.29,0.26,0.22,516269.0,0.01,0.2,1000.0,0.18,0.1,,,,,,,,,,,,516269.0,0.07,0.29,99.0,0.29,0.28,,,,,,
sv03.5-064,Kadabra,64,Uncommon,151,2026-07-13T18:05:06.210Z,USD,2026-07-13T18:05:07.999Z,EUR,733659.0,0.07,0.02,0.08,0.04,0.08,0.07,0.22,0.02,0.24,0.3,0.22,0.21,516269.0,0.02,0.2,1000.0,0.19,0.1,,,,,,,,,,,,516269.0,0.07,0.3,99.0,0.3,0.28,,,,,,
sv03.5-064,Kadabra,64,Uncommon,151,2026-07-14T18:05:05.934Z,USD,2026-07-14T18:05:08.458Z,EUR,733659.0,0.07,0.02,0.08,0.04,0.08,0.07,0.22,0.02,0.26,0.3,0.22,0.21,516269.0,0.02,0.2,1000.0,0.18,0.1,,,,,,,,,,,,516269.0,0.07,0.3,19.98,0.31,0.28,,,,,,
sv03.5-064,Kadabra,64,Uncommon,151,2026-07-15T18:05:05.880Z,USD,2026-07-15T18:05:08.182Z,EUR,733659.0,0.07,0.02,0.08,0.04,0.08,0.07,0.22,0.02,0.26,0.3,0.22,0.21,516269.0,0.02,0.2,1000.0,0.2,0.1,,,,,,,,,,,,516269.0,0.07,0.31,19.98,0.32,0.21,,,,,,
sv03.5-064,Kadabra,64,Uncommon,151,2026-07-16T18:05:05.895Z,USD,2026-07-16T18:05:08.253Z,EUR,733659.0,0.07,0.02,0.08,0.04,0.08,0.07,0.22,0.02,0.24,0.3,0.22,0.21,516269.0,0.02,0.2,1000.0,0.2,0.1,,,,,,,,,,,,516269.0,0.07,0.31,19.98,0.31,0.22,,,,,,
sv03.5-064,Kadabra,64,Uncommon,151,2026-07-17T18:05:07.290Z,USD,2026-07-17T18:05:10.824Z,EUR,733659.0,0.07,0.02,0.08,0.04,0.08,0.07,0.22,0.02,0.22,0.3,0.22,0.21,516269.0,0.01,0.21,1000.0,0.2,0.1,,,,,,,,,,,,516269.0,0.07,0.31,19.98,0.31,0.22,,,,,,
sv03.5-064,Kadabra,64,Uncommon,151,2026-07-18T08:02:56.924Z,USD,2026-07-18T08:02:59.776Z,EUR,733659.0,0.07,0.02,0.08,0.04,0.08,0.07,0.22,0.02,0.21,0.3,0.22,0.21,516269.0,0.01,0.2,1000.0,0.19,0.04,,,,,,,,,,,,516269.0,0.07,0.3,19.98,0.3,0.22,,,,,,
sv04.5-149,Kadabra,149,Shiny rare,Paldean Fates,2026-07-08T18:05:07.479Z,USD,2026-07-08T18:05:10.691Z,EUR,751688.0,5.77,3.49,5.37,4.1,5.62,5.87,,,0.0,,,,,,,,,,,,,,,,,,,,,,,,,,,534634.0,5.26,8.0,97.76,7.27,9.25
sv04.5-149,Kadabra,149,Shiny rare,Paldean Fates,2026-07-09T18:05:06.613Z,USD,2026-07-09T18:05:08.471Z,EUR,751688.0,5.77,3.49,5.58,6.95,5.66,5.82,,,0.0,,,,,,,,,,,,,,,,,,,,,,,,,,,534634.0,5.31,8.0,97.76,7.33,7.37
sv04.5-149,Kadabra,149,Shiny rare,Paldean Fates,2026-07-10T18:05:06.237Z,USD,2026-07-10T18:05:08.528Z,EUR,751688.0,5.77,3.49,5.86,7.0,5.95,5.81,,,0.0,,,,,,,,,,,,,,,,,,,,,,,,,,,534634.0,5.33,8.03,97.76,7.59,10.16
sv04.5-149,Kadabra,149,Shiny rare,Paldean Fates,2026-07-11T18:05:05.885Z,USD,2026-07-11T18:05:08.177Z,EUR,751688.0,5.77,3.49,5.7,7.0,5.95,5.81,,,0.0,,,,,,,,,,,,,,,,,,,,,,,,,,,534634.0,5.33,7.97,97.4,7.59,10.16
sv04.5-149,Kadabra,149,Shiny rare,Paldean Fates,2026-07-12T18:05:07.191Z,USD,2026-07-12T18:05:08.999Z,EUR,751688.0,5.77,3.49,5.98,7.0,5.95,5.81,,,0.0,,,,,,,,,,,,,,,,,,,,,,,,,,,534634.0,5.33,7.99,97.4,7.61,10.16
sv04.5-149,Kadabra,149,Shiny rare,Paldean Fates,2026-07-13T18:05:06.217Z,USD,2026-07-13T18:05:07.999Z,EUR,751688.0,5.77,3.49,6.0,5.95,6.38,5.85,,,0.0,,,,,,,,,,,,,,,,,,,,,,,,,,,534634.0,5.33,8.0,97.4,7.61,10.24
sv04.5-149,Kadabra,149,Shiny rare,Paldean Fates,2026-07-14T18:05:05.941Z,USD,2026-07-14T18:05:08.458Z,EUR,751688.0,5.77,3.49,5.9,5.95,6.38,5.85,,,0.0,,,,,,,,,,,,,,,,,,,,,,,,,,,534634.0,5.35,8.0,97.4,7.61,10.24
sv04.5-149,Kadabra,149,Shiny rare,Paldean Fates,2026-07-15T18:05:05.901Z,USD,2026-07-15T18:05:08.182Z,EUR,751688.0,5.77,3.49,5.9,5.95,6.38,5.85,,,0.0,,,,,,,,,,,,,,,,,,,,,,,,,,,534634.0,5.33,8.0,97.4,7.72,11.25
sv04.5-149,Kadabra,149,Shiny rare,Paldean Fates,2026-07-16T18:05:05.901Z,USD,2026-07-16T18:05:08.253Z,EUR,751688.0,5.77,3.49,5.82,5.95,6.38,5.85,,,0.0,,,,,,,,,,,,,,,,,,,,,,,,,,,534634.0,5.34,8.0,97.4,7.68,11.16
sv04.5-149,Kadabra,149,Shiny rare,Paldean Fates,2026-07-17T18:05:07.298Z,USD,2026-07-17T18:05:09.396Z,EUR,751688.0,5.77,3.49,6.06,5.95,6.38,5.85,,,0.0,,,,,,,,,,,,,,,,,,,,,,,,,,,534634.0,5.5,8.06,97.4,7.68,11.16
sv04.5-149,Kadabra,149,Shiny rare,Paldean Fates,2026-07-18T08:02:56.930Z,USD,2026-07-18T08:02:59.361Z,EUR,751688.0,5.77,3.49,5.98,5.95,6.38,5.85,,,0.0,,,,,,,,,,,,,,,,,,,,,,,,,,,534634.0,6.0,8.03,97.16,7.68,11.16
sv06-081,Kadabra,81,Common,Twilight Masquerade,2026-07-08T18:05:07.494Z,USD,2026-07-08T18:05:10.078Z,EUR,769255.0,0.06,0.02,0.04,0.03,0.04,0.06,0.15,0.02,0.15,0.2,0.14,0.15,550125.0,0.01,0.23,19.98,0.24,0.1,,,,,,,,,,,,550125.0,0.01,0.26,2.37,0.26,0.1,,,,,,
sv06-081,Kadabra,81,Common,Twilight Masquerade,2026-07-09T18:05:06.620Z,USD,2026-07-09T18:05:08.471Z,EUR,769255.0,0.06,0.02,0.04,0.03,0.04,0.06,0.15,0.02,0.15,0.07,0.13,0.14,550125.0,0.01,0.23,19.98,0.24,0.1,,,,,,,,,,,,550125.0,0.01,0.26,2.37,0.26,0.1,,,,,,
sv06-081,Kadabra,81,Common,Twilight Masquerade,2026-07-10T18:05:06.246Z,USD,2026-07-10T18:05:08.528Z,EUR,769255.0,0.06,0.02,0.05,0.11,0.05,0.06,0.15,0.02,0.17,0.22,0.16,0.14,550125.0,0.01,0.23,19.98,0.23,0.1,,,,,,,,,,,,550125.0,0.01,0.26,2.37,0.27,0.1,,,,,,
sv06-081,Kadabra,81,Common,Twilight Masquerade,2026-07-11T18:05:05.901Z,USD,2026-07-11T18:05:08.177Z,EUR,769255.0,0.05,0.02,0.05,0.11,0.05,0.06,0.14,0.02,0.17,0.22,0.16,0.14,550125.0,0.01,0.23,19.98,0.23,0.1,,,,,,,,,,,,550125.0,0.01,0.26,5.0,0.27,0.1,,,,,,
sv06-081,Kadabra,81,Common,Twilight Masquerade,2026-07-12T18:05:07.198Z,USD,2026-07-12T18:05:08.999Z,EUR,769255.0,0.05,0.02,0.05,0.11,0.05,0.06,0.14,0.02,0.17,0.22,0.16,0.14,550125.0,0.01,0.23,1000.0,0.24,0.1,,,,,,,,,,,,550125.0,0.01,0.26,5.0,0.28,0.1,,,,,,
sv06-081,Kadabra,81,Common,Twilight Masquerade,2026-07-13T18:05:06.229Z,USD,2026-07-13T18:05:07.846Z,EUR,769255.0,0.05,0.02,0.05,0.07,0.06,0.06,0.14,0.02,0.16,0.15,0.15,0.14,550125.0,0.01,0.23,1000.0,0.23,0.1,,,,,,,,,,,,550125.0,0.01,0.27,5.0,0.29,0.1,,,,,,
sv06-081,Kadabra,81,Common,Twilight Masquerade,2026-07-14T18:05:05.947Z,USD,2026-07-14T18:05:08.458Z,EUR,769255.0,0.05,0.02,0.05,0.07,0.06,0.06,0.14,0.02,0.16,0.15,0.15,0.14,550125.0,0.01,0.23,1000.0,0.23,0.1,,,,,,,,,,,,550125.0,0.01,0.27,5.0,0.28,0.15,,,,,,
sv06-081,Kadabra,81,Common,Twilight Masquerade,2026-07-15T18:05:05.946Z,USD,2026-07-15T18:05:08.182Z,EUR,769255.0,0.05,0.02,0.05,0.07,0.06,0.06,0.14,0.02,0.16,0.15,0.15,0.14,550125.0,0.01,0.22,1000.0,0.21,0.1,,,,,,,,,,,,550125.0,0.01,0.27,5.0,0.28,0.15,,,,,,
sv06-081,Kadabra,81,Common,Twilight Masquerade,2026-07-16T18:05:05.938Z,USD,2026-07-16T18:05:08.727Z,EUR,769255.0,0.05,0.02,0.04,0.07,0.06,0.06,0.14,0.02,0.13,0.15,0.15,0.14,550125.0,0.01,0.21,1000.0,0.21,,,,,,,,,,,,,550125.0,0.01,0.27,5.0,0.29,0.15,,,,,,
sv06-081,Kadabra,81,Common,Twilight Masquerade,2026-07-17T18:05:07.306Z,USD,2026-07-17T18:05:10.824Z,EUR,769255.0,0.05,0.02,0.04,0.07,0.06,0.06,0.14,0.02,0.15,0.15,0.15,0.14,550125.0,0.01,0.21,1000.0,0.21,0.1,,,,,,,,,,,,550125.0,0.01,0.28,5.0,0.29,0.1,,,,,,
sv06-081,Kadabra,81,Common,Twilight Masquerade,2026-07-18T08:02:56.936Z,USD,2026-07-18T08:02:59.776Z,EUR,769255.0,0.05,0.02,0.04,0.07,0.06,0.06,0.14,0.02,0.13,0.15,0.15,0.14,550125.0,0.01,0.21,1000.0,0.2,0.1,,,,,,,,,,,,550125.0,0.01,0.28,5.0,0.29,0.1,,,,,,
