id,name,localId,rarity,set,cm_updated,cm_unit,cm_idProduct,cm_avg,cm_low,cm_trend,cm_avg1,cm_avg7,cm_avg30,cm_avg_holo,cm_low_holo,cm_trend_holo,cm_avg1_holo,cm_avg7_holo,cm_avg30_holo,tp_updated,tp_unit,tp_holofoil_productId,tp_holofoil_lowPrice,tp_holofoil_midPrice,tp_holofoil_highPrice,tp_holofoil_marketPrice,tp_holofoil_directLowPrice,tp_normal_productId,tp_normal_lowPrice,tp_normal_midPrice,tp_normal_highPrice,tp_normal_marketPrice,tp_normal_directLowPrice,tp_reverse_holofoil_productId,tp_reverse_holofoil_lowPrice,tp_reverse_holofoil_midPrice,tp_reverse_holofoil_highPrice,tp_reverse_holofoil_marketPrice,tp_reverse_holofoil_directLowPrice,tp_1st_edition_productId,tp_1st_edition_lowPrice,tp_1st_edition_midPrice,tp_1st_edition_highPrice,tp_1st_edition_marketPrice,tp_1st_edition_directLowPrice,tp_unlimited_productId,tp_unlimited_lowPrice,tp_unlimited_midPrice,tp_unlimited_highPrice,tp_unlimited_marketPrice,tp_unlimited_directLowPrice,snapshot_date
2018sm-2,Psyduck,2,,McDonald's Collection 2018,2026-07-08T18:05:10.691Z,EUR,366770.0,15.32,0.9,17.55,15.0,15.84,12.78,,,1.63,0.49,1.35,1.7,2026-07-08T18:05:07.177Z,USD,180451.0,44.97,199.0,699.4,66.07,,,,,,,,,,,,,,,,,,,,,,,,,,2026-07-08
2018sm-2,Psyduck,2,,McDonald's Collection 2018,2026-07-09T18:05:09.065Z,EUR,366770.0,15.32,0.9,17.55,15.0,15.84,12.78,,,1.63,0.49,1.35,1.7,2026-07-09T18:05:06.473Z,USD,180451.0,44.97,207.0,699.4,66.07,,,,,,,,,,,,,,,,,,,,,,,,,,2026-07-09
2018sm-2,Psyduck,2,,McDonald's Collection 2018,2026-07-10T18:05:08.528Z,EUR,366770.0,15.32,0.9,17.55,15.0,15.84,12.78,,,1.63,0.49,1.35,1.7,2026-07-10T18:05:06.102Z,USD,180451.0,20.61,199.0,699.4,66.07,,,,,,,,,,,,,,,,,,,,,,,,,,2026-07-10
2018sm-2,Psyduck,2,,McDonald's Collection 2018,2026-07-11T18:05:08.177Z,EUR,366770.0,15.32,0.9,19.23,15.0,15.84,12.78,,,1.63,0.49,1.35,1.7,2026-07-11T18:05:05.748Z,USD,180451.0,20.61,199.0,699.4,66.07,,,,,,,,,,,,,,,,,,,,,,,,,,2026-07-11
2018sm-2,Psyduck,2,,McDonald's Collection 2018,2026-07-12T18:05:08.999Z,EUR,366770.0,15.32,0.9,19.23,15.0,15.84,12.78,,,1.63,0.49,1.35,1.7,2026-07-12T18:05:07.063Z,USD,180451.0,20.61,199.0,699.4,66.07,,,,,,,,,,,,,,,,,,,,,,,,,,2026-07-12
2018sm-2,Psyduck,2,,McDonald's Collection 2018,2026-07-13T18:05:07.901Z,EUR,366770.0,15.32,0.9,19.23,30.0,19.99,13.76,,,1.63,0.49,1.35,1.7,2026-07-13T18:05:06.015Z,USD,180451.0,44.97,199.0,699.4,66.07,,,,,,,,,,,,,,,,,,,,,,,,,,2026-07-13
2018sm-2,Psyduck,2,,McDonald's Collection 2018,2026-07-14T18:05:08.458Z,EUR,366770.0,15.32,0.9,19.23,30.0,19.99,13.76,,,1.63,0.49,1.35,1.7,2026-07-14T18:05:05.789Z,USD,180451.0,44.97,199.0,699.4,66.14,,,,,,,,,,,,,,,,,,,,,,,,,,2026-07-14
base3-53,Psyduck,53,Common,Fossil,2026-07-08T18:05:11.087Z,EUR,273914.0,2.01,0.02,2.15,1.47,2.43,1.96,,,1.03,1.0,0.72,0.72,2026-07-08T18:05:06.363Z,USD,,,,,,,,,,,,,,,,,,,44455.0,6.0,10.93,49.99,11.08,7.49,44455.0,0.19,1.15,96.95,1.3,0.89,2026-07-08
base3-53,Psyduck,53,Common,Fossil,2026-07-09T18:05:09.065Z,EUR,273914.0,2.01,0.02,2.17,2.54,2.31,2.02,,,1.03,1.0,0.72,0.72,2026-07-09T18:05:05.052Z,USD,,,,,,,,,,,,,,,,,,,44455.0,6.0,10.48,49.99,11.13,7.49,44455.0,0.19,1.17,96.95,1.26,0.89,2026-07-09
base3-53,Psyduck,53,Common,Fossil,2026-07-10T18:05:08.528Z,EUR,273914.0,2.01,0.02,2.19,2.4,2.4,2.05,,,1.03,1.0,0.72,0.72,2026-07-10T18:05:05.139Z,USD,,,,,,,,,,,,,,,,,,,44455.0,6.0,9.08,47.92,11.24,7.49,44455.0,0.19,1.16,96.95,1.31,0.89,2026-07-10
base3-53,Psyduck,53,Common,Fossil,2026-07-11T18:05:08.177Z,EUR,273914.0,2.01,0.02,2.46,2.4,2.4,2.05,,,1.03,1.0,0.72,0.72,2026-07-11T18:05:04.956Z,USD,,,,,,,,,,,,,,,,,,,44455.0,6.0,9.95,4321.0,11.08,7.49,44455.0,0.19,1.15,96.95,1.36,0.89,2026-07-11
base3-53,Psyduck,53,Common,Fossil,2026-07-12T18:05:08.999Z,EUR,273914.0,2.01,0.02,2.51,2.4,2.4,2.05,,,1.03,1.0,0.72,0.72,2026-07-12T18:05:06.146Z,USD,,,,,,,,,,,,,,,,,,,44455.0,6.0,9.99,4321.0,11.08,7.49,44455.0,0.19,1.17,96.95,1.39,0.89,2026-07-12
base3-53,Psyduck,53,Common,Fossil,2026-07-13T18:05:07.999Z,EUR,273914.0,2.01,0.02,2.51,1.91,2.66,2.15,,,1.03,1.0,0.72,0.72,2026-07-13T18:05:05.116Z,USD,,,,,,,,,,,,,,,,,,,44455.0,6.0,9.99,4321.0,11.0,7.49,44455.0,0.19,1.18,96.95,1.36,0.89,2026-07-13
base3-53,Psyduck,53,Common,Fossil,2026-07-14T18:05:08.458Z,EUR,273914.0,2.01,0.02,2.45,1.91,2.66,2.15,,,1.03,1.0,0.72,0.72,2026-07-14T18:05:04.931Z,USD,,,,,,,,,,,,,,,,,,,44455.0,6.0,9.67,4321.0,10.95,7.49,44455.0,0.19,1.2,96.95,1.48,0.89,2026-07-14
base5-65,Psyduck,65,Common,Team Rocket,2026-07-08T18:05:11.087Z,EUR,274118.0,2.37,0.05,4.35,11.25,4.28,2.4,,,4.71,5.0,1.87,1.87,2026-07-08T18:05:06.372Z,USD,,,,,,,,,,,,,,,,,,,88431.0,1.03,8.0,82.86,8.02,4.92,88431.0,0.35,1.15,4321.0,1.96,1.99,2026-07-08
base5-65,Psyduck,65,Common,Team Rocket,2026-07-09T18:05:09.065Z,EUR,274118.0,2.37,0.05,4.1,0.3,4.57,2.43,,,4.71,5.0,1.87,1.87,2026-07-09T18:05:05.063Z,USD,,,,,,,,,,,,,,,,,,,88431.0,0.9,8.0,82.86,7.51,4.92,88431.0,0.35,1.15,4321.0,2.13,0.99,2026-07-09
base5-65,Psyduck,65,Common,Team Rocket,2026-07-10T18:05:08.528Z,EUR,274118.0,2.37,0.05,4.29,4.03,4.59,2.52,,,4.71,5.0,1.87,1.87,2026-07-10T18:05:05.149Z,USD,,,,,,,,,,,,,,,,,,,88431.0,3.97,7.99,82.78,7.51,4.92,88431.0,0.35,1.15,4321.0,2.13,0.92,2026-07-10
base5-65,Psyduck,65,Common,Team Rocket,2026-07-11T18:05:08.177Z,EUR,274118.0,2.37,0.05,4.01,4.03,4.59,2.52,,,4.71,5.0,1.87,1.87,2026-07-11T18:05:04.966Z,USD,,,,,,,,,,,,,,,,,,,88431.0,3.97,7.99,82.74,7.51,4.92,88431.0,0.35,1.14,4321.0,2.13,0.92,2026-07-11
base5-65,Psyduck,65,Common,Team Rocket,2026-07-12T18:05:09.094Z,EUR,274118.0,2.37,0.05,3.77,4.03,4.59,2.52,,,4.71,5.0,1.87,1.87,2026-07-12T18:05:06.157Z,USD,,,,,,,,,,,,,,,,,,,88431.0,3.97,7.99,82.72,7.59,4.92,88431.0,0.35,1.15,4321.0,2.11,0.97,2026-07-12
base5-65,Psyduck,65,Common,Team Rocket,2026-07-13T18:05:07.999Z,EUR,274118.0,2.37,0.05,3.65,1.89,3.42,2.48,,,4.71,5.0,1.87,1.87,2026-07-13T18:05:05.124Z,USD,,,,,,,,,,,,,,,,,,,88431.0,3.97,7.99,82.7,7.58,4.92,88431.0,0.35,1.15,4321.0,2.16,0.97,2026-07-13
base5-65,Psyduck,65,Common,Team Rocket,2026-07-14T18:05:08.458Z,EUR,274118.0,2.37,0.05,3.43,1.89,3.42,2.48,,,4.71,5.0,1.87,1.87,2026-07-14T18:05:04.939Z,USD,,,,,,,,,,,,,,,,,,,88431.0,3.97,7.99,82.66,7.58,4.92,88431.0,0.35,1.15,4321.0,2.32,0.97,2026-07-14
bw7-32,Psyduck,32,Common,Boundaries Crossed,2026-07-08T18:05:10.078Z,EUR,280619.0,10.21,0.1,9.18,2.95,6.0,5.16,58.88,25.0,35.83,10.0,23.29,16.34,2026-07-08T18:05:07.060Z,USD,,,,,,,88441.0,11.15,17.0,99.99,15.74,94.44,88441.0,149.99,150.0,175.0,22.51,,,,,,,,,,,,,,2026-07-08
bw7-32,Psyduck,32,Common,Boundaries Crossed,2026-07-09T18:05:09.065Z,EUR,280619.0,10.21,0.1,10.82,14.99,7.5,5.17,58.88,25.0,35.83,10.0,23.29,16.34,2026-07-09T18:05:06.304Z,USD,,,,,,,88441.0,12.0,17.99,99.99,16.15,94.44,88441.0,149.99,150.0,175.0,22.51,,,,,,,,,,,,,,2026-07-09
bw7-32,Psyduck,32,Common,Boundaries Crossed,2026-07-10T18:05:08.528Z,EUR,280619.0,10.21,0.1,10.82,14.99,7.5,5.17,58.88,25.0,35.83,10.0,23.29,16.34,2026-07-10T18:05:05.973Z,USD,,,,,,,88441.0,12.0,18.73,99.99,16.15,94.44,88441.0,149.99,150.0,175.0,22.51,,,,,,,,,,,,,,2026-07-10
bw7-32,Psyduck,32,Common,Boundaries Crossed,2026-07-11T18:05:08.177Z,EUR,280619.0,10.21,0.1,11.01,14.99,7.5,5.17,58.88,25.0,35.83,10.0,23.29,16.34,2026-07-11T18:05:05.649Z,USD,,,,,,,88441.0,12.0,18.69,99.99,16.15,94.44,88441.0,149.99,150.0,175.0,22.51,,,,,,,,,,,,,,2026-07-11
bw7-32,Psyduck,32,Common,Boundaries Crossed,2026-07-12T18:05:08.999Z,EUR,280619.0,9.42,0.1,11.01,14.99,7.5,5.17,10.0,25.0,35.83,10.0,23.29,16.34,2026-07-12T18:05:06.936Z,USD,,,,,,,88441.0,12.0,18.73,99.99,16.15,94.44,88441.0,149.99,150.0,175.0,23.77,,,,,,,,,,,,,,2026-07-12
bw7-32,Psyduck,32,Common,Boundaries Crossed,2026-07-13T18:05:07.901Z,EUR,280619.0,9.42,0.1,11.01,13.4,8.42,8.13,10.0,25.0,35.83,10.0,23.29,16.34,2026-07-13T18:05:05.856Z,USD,,,,,,,88441.0,12.0,18.69,99.99,16.15,94.44,88441.0,149.99,150.0,175.0,23.77,,,,,,,,,,,,,,2026-07-13
bw7-32,Psyduck,32,Common,Boundaries Crossed,2026-07-14T18:05:08.458Z,EUR,280619.0,9.42,0.1,11.01,13.4,8.42,8.13,10.0,25.0,35.83,10.0,23.29,16.34,2026-07-14T18:05:05.610Z,USD,,,,,,,88441.0,11.2,17.99,99.99,16.15,94.44,88441.0,149.99,150.0,175.0,23.77,,,,,,,,,,,,,,2026-07-14
bw7-33,Psyduck,33,Common,Boundaries Crossed,2026-07-08T18:05:10.078Z,EUR,280619.0,10.21,0.1,9.18,2.95,6.0,5.16,58.88,25.0,35.83,10.0,23.29,16.34,2026-07-08T18:05:07.060Z,USD,,,,,,,88442.0,2.3,8.31,43.88,8.31,43.88,88442.0,97.0,103.5,199.99,24.57,,,,,,,,,,,,,,2026-07-08
bw7-33,Psyduck,33,Common,Boundaries Crossed,2026-07-09T18:05:09.065Z,EUR,280619.0,10.21,0.1,10.82,14.99,7.5,5.17,58.88,25.0,35.83,10.0,23.29,16.34,2026-07-09T18:05:06.304Z,USD,,,,,,,88442.0,2.3,7.96,43.88,8.31,43.88,88442.0,97.0,103.5,199.99,24.57,,,,,,,,,,,,,,2026-07-09
bw7-33,Psyduck,33,Common,Boundaries Crossed,2026-07-10T18:05:08.528Z,EUR,280619.0,10.21,0.1,10.82,14.99,7.5,5.17,58.88,25.0,35.83,10.0,23.29,16.34,2026-07-10T18:05:05.973Z,USD,,,,,,,88442.0,2.3,7.75,43.88,8.31,43.88,88442.0,97.0,103.5,199.99,24.57,,,,,,,,,,,,,,2026-07-10
bw7-33,Psyduck,33,Common,Boundaries Crossed,2026-07-11T18:05:07.832Z,EUR,280619.0,10.21,0.1,11.01,14.99,7.5,5.17,58.88,25.0,35.83,10.0,23.29,16.34,2026-07-11T18:05:05.649Z,USD,,,,,,,88442.0,2.3,6.93,43.88,7.89,43.88,88442.0,97.0,103.5,199.99,24.57,,,,,,,,,,,,,,2026-07-11
bw7-33,Psyduck,33,Common,Boundaries Crossed,2026-07-12T18:05:08.999Z,EUR,280619.0,9.42,0.1,11.01,14.99,7.5,5.17,10.0,25.0,35.83,10.0,23.29,16.34,2026-07-12T18:05:06.936Z,USD,,,,,,,88442.0,2.3,6.93,43.88,7.89,43.88,88442.0,97.0,103.5,199.99,25.33,,,,,,,,,,,,,,2026-07-12
bw7-33,Psyduck,33,Common,Boundaries Crossed,2026-07-13T18:05:07.999Z,EUR,280619.0,9.42,0.1,11.01,13.4,8.42,8.13,10.0,25.0,35.83,10.0,23.29,16.34,2026-07-13T18:05:05.856Z,USD,,,,,,,88442.0,2.3,6.5,43.88,7.89,43.88,88442.0,97.0,103.5,199.99,25.33,,,,,,,,,,,,,,2026-07-13
bw7-33,Psyduck,33,Common,Boundaries Crossed,2026-07-14T18:05:08.458Z,EUR,280619.0,9.42,0.1,11.01,13.4,8.42,8.13,10.0,25.0,35.83,10.0,23.29,16.34,2026-07-14T18:05:05.610Z,USD,,,,,,,88442.0,2.3,6.13,43.88,7.89,43.88,88442.0,97.0,103.5,199.99,25.33,,,,,,,,,,,,,,2026-07-14
det1-7,Psyduck,7,Common,Detective Pikachu,2026-07-08T18:05:10.691Z,EUR,370626.0,0.57,0.02,0.6,1.0,0.73,0.66,0.9,0.05,1.06,0.8,0.9,0.67,2026-07-08T18:05:07.258Z,USD,186010.0,0.2,1.09,7.0,1.32,,,,,,,,,,,,,,,,,,,,,,,,,,2026-07-08
det1-7,Psyduck,7,Common,Detective Pikachu,2026-07-09T18:05:09.065Z,EUR,370626.0,0.57,0.02,0.62,0.57,0.72,0.64,0.9,0.05,1.06,0.8,0.9,0.67,2026-07-09T18:05:06.482Z,USD,186010.0,0.2,1.0,7.0,1.22,,,,,,,,,,,,,,,,,,,,,,,,,,2026-07-09
det1-7,Psyduck,7,Common,Detective Pikachu,2026-07-10T18:05:08.528Z,EUR,370626.0,0.57,0.02,0.65,0.7,0.6,0.62,0.9,0.05,1.06,0.8,0.9,0.67,2026-07-10T18:05:06.112Z,USD,186010.0,0.2,1.02,7.0,1.2,,,,,,,,,,,,,,,,,,,,,,,,,,2026-07-10
det1-7,Psyduck,7,Common,Detective Pikachu,2026-07-11T18:05:08.177Z,EUR,370626.0,0.57,0.02,0.64,0.7,0.6,0.62,0.9,0.05,1.06,0.8,0.9,0.67,2026-07-11T18:05:05.757Z,USD,186010.0,0.2,1.09,7.0,1.17,,,,,,,,,,,,,,,,,,,,,,,,,,2026-07-11
det1-7,Psyduck,7,Common,Detective Pikachu,2026-07-12T18:05:08.999Z,EUR,370626.0,0.57,0.02,0.64,0.7,0.6,0.62,0.9,0.05,1.06,0.8,0.9,0.67,2026-07-12T18:05:07.082Z,USD,186010.0,0.2,1.02,7.0,1.17,,,,,,,,,,,,,,,,,,,,,,,,,,2026-07-12
det1-7,Psyduck,7,Common,Detective Pikachu,2026-07-13T18:05:07.999Z,EUR,370626.0,0.57,0.02,0.65,0.65,0.67,0.63,0.9,0.05,1.06,0.8,0.9,0.67,2026-07-13T18:05:06.040Z,USD,186010.0,0.2,1.02,7.0,1.1,,,,,,,,,,,,,,,,,,,,,,,,,,2026-07-13
det1-7,Psyduck,7,Common,Detective Pikachu,2026-07-14T18:05:08.458Z,EUR,370626.0,0.57,0.02,0.66,0.65,0.67,0.63,0.9,0.05,1.06,0.8,0.9,0.67,2026-07-14T18:05:05.808Z,USD,186010.0,0.2,1.1,7.0,1.16,,,,,,,,,,,,,,,,,,,,,,,,,,2026-07-14
dp3-100,Psyduck,100,Common,Secret Wonders,2026-07-08T18:05:11.087Z,EUR,277853.0,2.33,0.02,2.57,4.63,2.09,2.26,13.81,1.0,23.46,25.0,15.24,14.33,2026-07-08T18:05:06.954Z,USD,,,,,,,88438.0,6.5,12.09,90.0,12.21,,88438.0,74.99,349.99,897.4,40.43,349.99,,,,,,,,,,,,,2026-07-08
dp3-100,Psyduck,100,Common,Secret Wonders,2026-07-09T18:05:09.065Z,EUR,277853.0,2.33,0.02,2.57,4.63,2.09,2.26,13.81,1.0,23.46,25.0,15.24,14.33,2026-07-09T18:05:06.117Z,USD,,,,,,,88438.0,6.5,12.17,90.0,12.21,,88438.0,74.99,349.99,897.38,40.43,349.99,,,,,,,,,,,,,2026-07-09
dp3-100,Psyduck,100,Common,Secret Wonders,2026-07-10T18:05:08.528Z,EUR,277853.0,2.33,0.02,2.57,4.63,2.09,2.26,13.81,1.0,23.46,25.0,15.24,14.33,2026-07-10T18:05:05.867Z,USD,,,,,,,88438.0,6.5,12.17,90.0,12.21,,88438.0,99.99,349.99,897.3,40.43,349.99,,,,,,,,,,,,,2026-07-10
dp3-100,Psyduck,100,Common,Secret Wonders,2026-07-11T18:05:08.177Z,EUR,277853.0,2.27,0.02,2.11,4.63,2.09,2.26,15.33,1.0,23.46,25.0,15.24,14.33,2026-07-11T18:05:05.425Z,USD,,,,,,,88438.0,4.37,12.17,90.0,12.34,,88438.0,99.99,349.99,897.26,40.43,349.99,,,,,,,,,,,,,2026-07-11
dp3-100,Psyduck,100,Common,Secret Wonders,2026-07-12T18:05:08.999Z,EUR,277853.0,2.27,0.02,2.11,4.63,2.09,2.26,15.33,1.0,23.46,25.0,15.24,14.33,2026-07-12T18:05:06.836Z,USD,,,,,,,88438.0,4.36,12.17,90.0,12.55,,88438.0,99.99,324.99,897.24,40.43,299.99,,,,,,,,,,,,,2026-07-12
dp3-100,Psyduck,100,Common,Secret Wonders,2026-07-13T18:05:07.999Z,EUR,277853.0,2.27,0.02,2.11,3.13,2.29,2.32,15.33,1.0,23.46,25.0,15.24,14.33,2026-07-13T18:05:05.733Z,USD,,,,,,,88438.0,4.36,12.22,90.0,12.55,,88438.0,99.99,299.99,897.22,40.43,299.99,,,,,,,,,,,,,2026-07-13
dp3-100,Psyduck,100,Common,Secret Wonders,2026-07-14T18:05:08.458Z,EUR,277853.0,2.27,0.02,2.59,3.13,2.29,2.32,15.33,1.0,23.46,25.0,15.24,14.33,2026-07-14T18:05:05.362Z,USD,,,,,,,88438.0,4.36,10.5,90.0,12.67,,88438.0,99.99,299.99,897.18,40.43,299.99,,,,,,,,,,,,,2026-07-14
ecard2-104,Psyduck,104,Common,Aquapolis,2026-07-08T18:05:11.087Z,EUR,275180.0,72.18,24.9,88.36,69.0,88.2,65.98,277.19,199.94,303.17,260.0,270.85,177.34,2026-07-08T18:05:06.517Z,USD,,,,,,,88435.0,229.99,273.0,399.0,167.64,,,,,,,,,,,,,,,,,,,,2026-07-08
ecard2-104,Psyduck,104,Common,Aquapolis,2026-07-09T18:05:09.065Z,EUR,275180.0,75.53,24.9,88.36,69.0,88.2,65.98,274.33,199.94,303.17,260.0,270.85,177.34,2026-07-09T18:05:05.316Z,USD,,,,,,,88435.0,229.99,274.99,399.0,167.5,,,,,,,,,,,,,,,,,,,,2026-07-09
ecard2-104,Psyduck,104,Common,Aquapolis,2026-07-10T18:05:08.528Z,EUR,275180.0,75.53,24.9,91.65,99.95,93.82,66.89,274.33,199.94,303.17,260.0,270.85,177.34,2026-07-10T18:05:05.191Z,USD,,,,,,,88435.0,229.99,262.5,279.99,167.5,,,,,,,,,,,,,,,,,,,,2026-07-10
ecard2-104,Psyduck,104,Common,Aquapolis,2026-07-11T18:05:08.177Z,EUR,275180.0,75.53,24.9,92.21,99.95,93.82,66.89,274.33,199.94,303.17,260.0,270.85,177.34,2026-07-11T18:05:05.031Z,USD,,,,,,,88435.0,229.99,262.5,279.99,167.5,,,,,,,,,,,,,,,,,,,,2026-07-11
ecard2-104,Psyduck,104,Common,Aquapolis,2026-07-12T18:05:08.999Z,EUR,275180.0,75.53,24.9,92.21,99.95,93.82,66.89,274.33,199.94,303.17,260.0,270.85,177.34,2026-07-12T18:05:06.230Z,USD,,,,,,,88435.0,229.99,262.5,279.99,167.5,,,,,,,,,,,,,,,,,,,,2026-07-12
ecard2-104,Psyduck,104,Common,Aquapolis,2026-07-13T18:05:07.999Z,EUR,275180.0,75.53,24.9,97.33,130.0,102.57,70.55,274.33,199.94,303.17,260.0,270.85,177.34,2026-07-13T18:05:05.203Z,USD,,,,,,,88435.0,229.99,262.5,279.99,167.5,,,,,,,,,,,,,,,,,,,,2026-07-13
ecard2-104,Psyduck,104,Common,Aquapolis,2026-07-14T18:05:08.458Z,EUR,275180.0,75.53,24.9,97.33,130.0,102.57,70.55,274.33,199.94,303.17,260.0,270.85,177.34,2026-07-14T18:05:04.992Z,USD,,,,,,,88435.0,229.99,262.5,279.99,167.5,,,,,,,,,,,,,,,,,,,,2026-07-14
ex13-81,Psyduck δ,81,Common,Holon Phantoms,2026-07-08T18:05:10.078Z,EUR,277051.0,9.01,0.5,4.42,5.0,6.04,8.77,35.0,54.5,147.01,111.11,147.3,89.31,,,,,,,,,,,,,,,,,,,,,,,,,,,,,,,,,2026-07-08
ex13-81,Psyduck δ,81,Common,Holon Phantoms,2026-07-09T18:05:09.065Z,EUR,277051.0,9.01,0.8,4.03,5.0,6.18,9.15,35.0,54.5,147.01,111.11,147.3,89.31,,,,,,,,,,,,,,,,,,,,,,,,,,,,,,,,,2026-07-09
ex13-81,Psyduck δ,81,Common,Holon Phantoms,2026-07-10T18:05:08.528Z,EUR,277051.0,5.86,0.8,4.15,7.92,6.39,9.14,143.06,54.5,147.01,111.11,147.3,89.31,,,,,,,,,,,,,,,,,,,,,,,,,,,,,,,,,2026-07-10
ex13-81,Psyduck δ,81,Common,Holon Phantoms,2026-07-11T18:05:08.177Z,EUR,277051.0,5.86,0.8,4.0,7.92,6.39,9.14,143.06,54.5,147.01,111.11,147.3,89.31,,,,,,,,,,,,,,,,,,,,,,,,,,,,,,,,,2026-07-11
ex13-81,Psyduck δ,81,Common,Holon Phantoms,2026-07-12T18:05:08.999Z,EUR,277051.0,5.86,0.8,4.0,7.92,6.39,9.14,143.06,54.5,147.01,111.11,147.3,89.31,,,,,,,,,,,,,,,,,,,,,,,,,,,,,,,,,2026-07-12
ex13-81,Psyduck δ,81,Common,Holon Phantoms,2026-07-13T18:05:07.999Z,EUR,277051.0,5.86,0.8,5.37,6.95,6.22,7.57,143.06,54.5,147.01,111.11,147.3,89.31,,,,,,,,,,,,,,,,,,,,,,,,,,,,,,,,,2026-07-13
ex13-81,Psyduck δ,81,Common,Holon Phantoms,2026-07-14T18:05:08.458Z,EUR,277051.0,5.86,0.8,5.37,6.95,6.22,7.57,143.06,54.5,147.01,111.11,147.3,89.31,,,,,,,,,,,,,,,,,,,,,,,,,,,,,,,,,2026-07-14
ex2-73,Psyduck,73,Common,Sandstorm,2026-07-08T18:05:11.087Z,EUR,275850.0,7.58,0.1,8.45,12.99,9.23,7.36,38.72,3.5,37.06,15.0,28.9,23.12,2026-07-08T18:05:06.590Z,USD,,,,,,,88432.0,12.24,17.16,144.93,17.22,14.49,88432.0,90.0,450.0,852.52,226.56,,,,,,,,,,,,,,2026-07-08
ex2-73,Psyduck,73,Common,Sandstorm,2026-07-09T18:05:09.065Z,EUR,275850.0,7.58,0.1,8.45,12.99,9.23,7.36,38.72,3.5,37.06,15.0,28.9,23.12,2026-07-09T18:05:05.600Z,USD,,,,,,,88432.0,12.24,16.36,144.91,17.16,14.79,88432.0,224.99,649.9,852.52,226.56,,,,,,,,,,,,,,2026-07-09
ex2-73,Psyduck,73,Common,Sandstorm,2026-07-10T18:05:08.528Z,EUR,275850.0,6.52,0.1,8.45,12.99,9.23,7.36,15.0,3.5,37.06,15.0,28.9,23.12,2026-07-10T18:05:05.248Z,USD,,,,,,,88432.0,12.24,16.08,144.91,17.1,10.32,88432.0,224.99,649.9,852.52,226.56,,,,,,,,,,,,,,2026-07-10
ex2-73,Psyduck,73,Common,Sandstorm,2026-07-11T18:05:08.177Z,EUR,275850.0,6.52,0.1,8.45,12.99,9.23,7.36,15.0,3.5,37.06,15.0,28.9,23.12,2026-07-11T18:05:05.066Z,USD,,,,,,,88432.0,10.32,17.1,144.91,17.1,10.32,88432.0,224.99,450.0,852.52,226.56,,,,,,,,,,,,,,2026-07-11
ex2-73,Psyduck,73,Common,Sandstorm,2026-07-12T18:05:09.094Z,EUR,275850.0,6.52,0.1,8.45,12.99,9.23,7.36,15.0,3.5,37.06,15.0,28.9,23.12,2026-07-12T18:05:06.251Z,USD,,,,,,,88432.0,12.24,18.2,144.91,17.1,14.79,88432.0,224.99,450.0,852.52,226.56,,,,,,,,,,,,,,2026-07-12
ex2-73,Psyduck,73,Common,Sandstorm,2026-07-13T18:05:07.999Z,EUR,275850.0,6.52,0.1,8.45,12.99,9.23,7.36,15.0,3.5,37.06,15.0,28.9,23.12,2026-07-13T18:05:05.250Z,USD,,,,,,,88432.0,12.24,19.63,144.91,17.1,14.79,88432.0,224.99,450.0,852.52,226.56,,,,,,,,,,,,,,2026-07-13
ex2-73,Psyduck,73,Common,Sandstorm,2026-07-14T18:05:08.458Z,EUR,275850.0,6.52,0.1,8.45,12.99,9.23,7.36,15.0,3.5,37.06,15.0,28.9,23.12,2026-07-14T18:05:05.008Z,USD,,,,,,,88432.0,12.24,19.63,144.91,17.1,81.75,88432.0,224.99,450.0,852.52,226.56,,,,,,,,,,,,,,2026-07-14
ex4-44,Psyduck,44,Common,Team Magma vs Team Aqua,2026-07-08T18:05:10.078Z,EUR,276021.0,10.43,0.5,12.63,30.0,11.38,10.53,125.0,17.0,110.47,54.99,132.14,64.36,2026-07-08T18:05:06.607Z,USD,,,,,,,88436.0,28.0,33.95,459.7,29.05,,88436.0,299.0,327.5,1299.62,249.99,,,,,,,,,,,,,,2026-07-08
ex4-44,Psyduck,44,Common,Team Magma vs Team Aqua,2026-07-09T18:05:09.065Z,EUR,276021.0,10.43,0.5,14.93,22.7,12.68,10.54,125.0,17.0,110.47,54.99,132.14,64.36,2026-07-09T18:05:05.626Z,USD,,,,,,,88436.0,24.05,33.95,459.7,29.29,,88436.0,299.0,327.5,1299.62,249.99,,,,,,,,,,,,,,2026-07-09
ex4-44,Psyduck,44,Common,Team Magma vs Team Aqua,2026-07-10T18:05:08.528Z,EUR,276021.0,10.43,0.5,14.05,4.5,12.38,10.43,125.0,17.0,110.47,54.99,132.14,64.36,2026-07-10T18:05:05.261Z,USD,,,,,,,88436.0,25.97,34.41,459.7,29.29,,88436.0,299.0,327.5,1299.62,249.99,,,,,,,,,,,,,,2026-07-10
ex4-44,Psyduck,44,Common,Team Magma vs Team Aqua,2026-07-11T18:05:08.177Z,EUR,276021.0,10.43,0.5,14.05,4.5,12.38,10.43,125.0,17.0,110.47,54.99,132.14,64.36,2026-07-11T18:05:05.076Z,USD,,,,,,,88436.0,24.0,36.43,459.7,29.29,,88436.0,299.0,327.5,1299.62,249.99,,,,,,,,,,,,,,2026-07-11
ex4-44,Psyduck,44,Common,Team Magma vs Team Aqua,2026-07-12T18:05:08.999Z,EUR,276021.0,10.43,0.5,14.05,4.5,12.38,10.43,125.0,17.0,110.47,54.99,132.14,64.36,2026-07-12T18:05:06.264Z,USD,,,,,,,88436.0,24.0,37.99,459.7,29.49,,88436.0,299.0,327.5,1299.62,249.99,,,,,,,,,,,,,,2026-07-12
ex4-44,Psyduck,44,Common,Team Magma vs Team Aqua,2026-07-13T18:05:07.999Z,EUR,276021.0,10.43,0.5,14.05,4.5,12.38,10.43,125.0,17.0,110.47,54.99,132.14,64.36,2026-07-13T18:05:05.260Z,USD,,,,,,,88436.0,24.0,33.95,459.7,29.49,,88436.0,299.0,327.5,1299.62,249.99,,,,,,,,,,,,,,2026-07-13
ex4-44,Psyduck,44,Common,Team Magma vs Team Aqua,2026-07-14T18:05:08.458Z,EUR,276021.0,10.43,0.5,16.35,4.5,12.38,10.43,125.0,17.0,110.47,54.99,132.14,64.36,2026-07-14T18:05:05.023Z,USD,,,,,,,88436.0,24.0,34.41,459.7,29.49,,88436.0,299.0,329.99,1299.62,249.99,,,,,,,,,,,,,,2026-07-14
ex7-70,Psyduck,70,Common,Team Rocket Returns,2026-07-08T18:05:11.087Z,EUR,276362.0,16.79,4.9,16.98,24.9,14.07,15.94,162.5,124.95,201.43,100.0,157.14,126.52,2026-07-08T18:05:06.617Z,USD,,,,,,,88437.0,17.49,29.25,149.99,29.9,41.79,,,,,,,,,,,,,,,,,,,2026-07-08
ex7-70,Psyduck,70,Common,Team Rocket Returns,2026-07-09T18:05:09.065Z,EUR,276362.0,16.79,4.9,16.98,24.9,14.07,15.94,162.5,124.95,203.26,199.9,171.41,136.14,2026-07-09T18:05:05.647Z,USD,,,,,,,88437.0,18.38,29.06,149.99,30.26,42.28,,,,,,,,,,,,,,,,,,,2026-07-09
ex7-70,Psyduck,70,Common,Team Rocket Returns,2026-07-10T18:05:08.528Z,EUR,276362.0,17.56,4.9,16.98,24.9,14.07,15.94,209.98,124.95,203.26,199.9,171.41,136.14,2026-07-10T18:05:05.384Z,USD,,,,,,,88437.0,18.38,29.62,149.99,30.26,42.28,,,,,,,,,,,,,,,,,,,2026-07-10
ex7-70,Psyduck,70,Common,Team Rocket Returns,2026-07-11T18:05:08.177Z,EUR,276362.0,17.56,4.9,16.98,24.9,14.07,15.94,209.98,124.95,206.62,199.9,171.41,136.14,2026-07-11T18:05:05.093Z,USD,,,,,,,88437.0,18.38,29.62,149.99,30.26,42.28,,,,,,,,,,,,,,,,,,,2026-07-11
ex7-70,Psyduck,70,Common,Team Rocket Returns,2026-07-12T18:05:08.999Z,EUR,276362.0,17.56,4.9,15.33,24.9,14.07,15.94,209.98,124.95,206.62,199.9,171.41,136.14,2026-07-12T18:05:06.281Z,USD,,,,,,,88437.0,18.38,29.44,149.99,30.26,42.28,,,,,,,,,,,,,,,,,,,2026-07-12
ex7-70,Psyduck,70,Common,Team Rocket Returns,2026-07-13T18:05:07.999Z,EUR,276362.0,17.56,4.9,15.33,4.95,13.41,15.87,209.98,124.95,206.62,240.0,169.98,143.29,2026-07-13T18:05:05.278Z,USD,,,,,,,88437.0,17.99,29.79,149.99,30.26,42.28,,,,,,,,,,,,,,,,,,,2026-07-13
ex7-70,Psyduck,70,Common,Team Rocket Returns,2026-07-14T18:05:08.458Z,EUR,276362.0,17.56,4.9,15.33,4.95,13.41,15.87,209.98,124.95,202.51,240.0,169.98,143.29,2026-07-14T18:05:05.052Z,USD,,,,,,,88437.0,17.99,29.62,149.99,30.26,42.28,,,,,,,,,,,,,,,,,,,2026-07-14
gym1-54,Misty's Psyduck,54,Uncommon,Gym Heroes,2026-07-08T18:05:11.087Z,EUR,274190.0,10.3,0.75,10.28,2.99,12.8,10.2,,,0.0,,,,2026-07-08T18:05:06.376Z,USD,,,,,,,,,,,,,,,,,,,87539.0,25.95,293.0,329.88,28.66,329.88,87539.0,3.5,7.99,107.94,9.2,89.99,2026-07-08
gym1-54,Misty's Psyduck,54,Uncommon,Gym Heroes,2026-07-09T18:05:09.065Z,EUR,274190.0,10.3,0.75,11.04,15.0,13.23,10.32,,,0.0,,,,2026-07-09T18:05:05.180Z,USD,,,,,,,,,,,,,,,,,,,87539.0,25.95,293.0,329.88,28.2,329.88,87539.0,3.5,7.99,107.94,9.35,89.99,2026-07-09
gym1-54,Misty's Psyduck,54,Uncommon,Gym Heroes,2026-07-10T18:05:08.528Z,EUR,274190.0,10.3,0.75,10.29,6.0,14.48,10.37,,,0.0,,,,2026-07-10T18:05:05.156Z,USD,,,,,,,,,,,,,,,,,,,87539.0,25.95,293.0,329.88,28.2,329.88,87539.0,3.5,6.92,109.35,9.35,89.99,2026-07-10
gym1-54,Misty's Psyduck,54,Uncommon,Gym Heroes,2026-07-11T18:05:08.177Z,EUR,274190.0,10.3,0.75,10.2,6.0,14.48,10.37,,,0.0,,,,2026-07-11T18:05:04.971Z,USD,,,,,,,,,,,,,,,,,,,87539.0,24.46,286.0,329.88,28.2,329.88,87539.0,3.5,7.32,109.35,9.35,89.99,2026-07-11
gym1-54,Misty's Psyduck,54,Uncommon,Gym Heroes,2026-07-12T18:05:08.999Z,EUR,274190.0,10.3,0.75,9.7,6.0,14.48,10.37,,,0.0,,,,2026-07-12T18:05:06.162Z,USD,,,,,,,,,,,,,,,,,,,87539.0,24.46,286.0,329.88,28.2,329.88,87539.0,3.5,7.99,109.35,9.35,89.99,2026-07-12
gym1-54,Misty's Psyduck,54,Uncommon,Gym Heroes,2026-07-13T18:05:07.999Z,EUR,274190.0,10.3,0.75,9.33,2.89,6.22,9.74,,,0.0,,,,2026-07-13T18:05:05.129Z,USD,,,,,,,,,,,,,,,,,,,87539.0,24.46,293.0,329.88,28.14,329.88,87539.0,3.5,8.5,109.35,9.35,89.99,2026-07-13
gym1-54,Misty's Psyduck,54,Uncommon,Gym Heroes,2026-07-14T18:05:08.458Z,EUR,274190.0,10.3,0.75,9.28,2.89,6.22,9.74,,,0.0,,,,2026-07-14T18:05:04.944Z,USD,,,,,,,,,,,,,,,,,,,87539.0,24.46,286.0,329.88,28.14,329.88,87539.0,4.0,8.5,109.6,9.61,89.99,2026-07-14
gym2-90,Misty's Psyduck,90,Common,Gym Challenge,2026-07-08T18:05:11.087Z,EUR,274358.0,8.19,1.35,9.22,11.98,9.57,8.2,,,0.0,,,,2026-07-08T18:05:06.384Z,USD,,,,,,,,,,,,,,,,,,,87540.0,20.0,30.5,210.16,28.01,96.95,87540.0,3.48,6.79,4321.0,9.71,,2026-07-08
gym2-90,Misty's Psyduck,90,Common,Gym Challenge,2026-07-09T18:05:09.065Z,EUR,274358.0,8.19,1.35,9.22,11.98,9.57,8.2,,,0.0,,,,2026-07-09T18:05:05.185Z,USD,,,,,,,,,,,,,,,,,,,87540.0,20.0,30.99,210.14,27.13,96.95,87540.0,2.27,6.4,4321.0,9.88,,2026-07-09
gym2-90,Misty's Psyduck,90,Common,Gym Challenge,2026-07-10T18:05:08.528Z,EUR,274358.0,8.19,1.35,9.22,7.25,9.86,8.09,,,0.0,,,,2026-07-10T18:05:05.160Z,USD,,,,,,,,,,,,,,,,,,,87540.0,18.99,30.99,210.06,27.13,96.95,87540.0,3.48,7.0,28322.14,7.98,,2026-07-10
gym2-90,Misty's Psyduck,90,Common,Gym Challenge,2026-07-11T18:05:08.177Z,EUR,274358.0,8.19,1.35,9.47,7.25,9.86,8.09,,,0.0,,,,2026-07-11T18:05:04.979Z,USD,,,,,,,,,,,,,,,,,,,87540.0,18.99,30.99,210.02,27.25,96.95,87540.0,3.48,7.25,28322.14,8.18,,2026-07-11
gym2-90,Misty's Psyduck,90,Common,Gym Challenge,2026-07-12T18:05:08.999Z,EUR,274358.0,8.19,1.35,9.47,7.25,9.86,8.09,,,0.0,,,,2026-07-12T18:05:06.167Z,USD,,,,,,,,,,,,,,,,,,,87540.0,18.99,30.99,210.0,27.25,96.95,87540.0,3.48,7.25,28322.14,8.18,,2026-07-12
gym2-90,Misty's Psyduck,90,Common,Gym Challenge,2026-07-13T18:05:07.999Z,EUR,274358.0,8.19,1.35,8.48,2.94,9.25,8.28,,,0.0,,,,2026-07-13T18:05:05.134Z,USD,,,,,,,,,,,,,,,,,,,87540.0,20.0,32.48,209.98,27.25,96.95,87540.0,4.19,7.0,28322.14,8.26,,2026-07-13
gym2-90,Misty's Psyduck,90,Common,Gym Challenge,2026-07-14T18:05:08.458Z,EUR,274358.0,8.19,1.35,8.13,2.94,9.25,8.28,,,0.0,,,,2026-07-14T18:05:04.949Z,USD,,,,,,,,,,,,,,,,,,,87540.0,19.89,31.74,209.94,27.45,96.95,87540.0,4.19,7.0,28322.14,8.26,,2026-07-14
gym2-99,Sabrina's Psyduck,99,Common,Gym Challenge,2026-07-08T18:05:10.686Z,EUR,274367.0,20.22,1.5,18.58,3.97,13.72,16.67,,,0.0,,,,2026-07-08T18:05:06.384Z,USD,,,,,,,,,,,,,,,,,,,88887.0,14.99,23.33,179.9,24.49,,88887.0,3.25,8.99,96.95,10.4,14.47,2026-07-08
gym2-99,Sabrina's Psyduck,99,Common,Gym Challenge,2026-07-09T18:05:09.065Z,EUR,274367.0,20.22,1.49,18.58,3.97,13.72,16.67,,,0.0,,,,2026-07-09T18:05:05.185Z,USD,,,,,,,,,,,,,,,,,,,88887.0,14.99,24.92,179.9,23.89,,88887.0,0.71,8.0,96.95,10.4,0.71,2026-07-09
gym2-99,Sabrina's Psyduck,99,Common,Gym Challenge,2026-07-10T18:05:08.528Z,EUR,274367.0,20.22,1.49,18.58,3.97,13.72,16.67,,,0.0,,,,2026-07-10T18:05:05.160Z,USD,,,,,,,,,,,,,,,,,,,88887.0,14.27,23.97,179.9,24.21,,88887.0,0.3,8.65,96.95,10.4,4.64,2026-07-10
gym2-99,Sabrina's Psyduck,99,Common,Gym Challenge,2026-07-11T18:05:08.177Z,EUR,274367.0,20.22,1.49,16.97,3.97,13.72,16.67,,,0.0,,,,2026-07-11T18:05:04.979Z,USD,,,,,,,,,,,,,,,,,,,88887.0,13.5,23.97,179.9,24.21,,88887.0,3.0,8.58,96.95,10.48,4.63,2026-07-11
gym2-99,Sabrina's Psyduck,99,Common,Gym Challenge,2026-07-12T18:05:08.999Z,EUR,274367.0,20.22,1.49,15.09,3.97,13.72,16.67,,,0.0,,,,2026-07-12T18:05:06.167Z,USD,,,,,,,,,,,,,,,,,,,88887.0,13.5,24.94,179.9,24.21,,88887.0,3.25,9.76,96.95,10.48,4.64,2026-07-12
gym2-99,Sabrina's Psyduck,99,Common,Gym Challenge,2026-07-13T18:05:07.999Z,EUR,274367.0,20.22,1.5,15.09,3.0,7.53,17.46,,,0.0,,,,2026-07-13T18:05:05.134Z,USD,,,,,,,,,,,,,,,,,,,88887.0,14.99,24.94,179.9,24.21,,88887.0,3.26,9.97,96.95,10.3,7.13,2026-07-13
gym2-99,Sabrina's Psyduck,99,Common,Gym Challenge,2026-07-14T18:05:08.458Z,EUR,274367.0,20.22,1.5,15.09,3.0,7.53,17.46,,,0.0,,,,2026-07-14T18:05:04.949Z,USD,,,,,,,,,,,,,,,,,,,88887.0,14.99,25.11,179.9,24.52,,88887.0,3.26,9.11,96.95,10.51,5.01,2026-07-14
hgss4-74,Psyduck,74,Common,Triumphant,2026-07-08T18:05:10.686Z,EUR,279604.0,4.86,0.04,4.96,6.0,3.98,4.56,26.95,35.0,42.5,26.95,38.76,28.4,2026-07-08T18:05:07.008Z,USD,,,,,,,88440.0,8.51,15.22,120.7,17.42,11.76,88440.0,37.31,73.35,105.0,51.09,,,,,,,,,,,,,,2026-07-08
hgss4-74,Psyduck,74,Common,Triumphant,2026-07-09T18:05:09.065Z,EUR,279604.0,4.86,0.04,4.96,6.0,3.98,4.56,26.95,35.0,42.5,26.95,38.76,28.4,2026-07-09T18:05:06.233Z,USD,,,,,,,88440.0,8.51,14.25,120.7,17.42,11.76,88440.0,72.5,73.35,105.0,51.09,,,,,,,,,,,,,,2026-07-09
hgss4-74,Psyduck,74,Common,Triumphant,2026-07-10T18:05:08.528Z,EUR,279604.0,4.86,0.04,5.28,5.5,3.92,4.47,26.95,35.0,42.5,26.95,38.76,28.4,2026-07-10T18:05:05.936Z,USD,,,,,,,88440.0,8.51,14.25,120.7,17.42,6.47,88440.0,73.35,79.75,105.0,51.09,,,,,,,,,,,,,,2026-07-10
hgss4-74,Psyduck,74,Common,Triumphant,2026-07-11T18:05:08.177Z,EUR,279604.0,3.89,0.04,5.12,5.5,3.92,4.47,,35.0,42.5,26.95,38.76,28.4,2026-07-11T18:05:05.614Z,USD,,,,,,,88440.0,8.51,15.94,120.7,17.42,,88440.0,73.35,79.75,105.0,51.09,,,,,,,,,,,,,,2026-07-11
hgss4-74,Psyduck,74,Common,Triumphant,2026-07-12T18:05:09.094Z,EUR,279604.0,3.89,0.04,6.41,5.5,3.92,4.47,,35.0,42.5,26.95,38.76,28.4,2026-07-12T18:05:06.903Z,USD,,,,,,,88440.0,8.51,15.94,120.7,17.42,,88440.0,73.35,79.75,105.0,51.09,,,,,,,,,,,,,,2026-07-12
hgss4-74,Psyduck,74,Common,Triumphant,2026-07-13T18:05:07.999Z,EUR,279604.0,3.89,0.04,6.41,7.25,5.2,4.46,,35.0,42.5,26.95,38.76,28.4,2026-07-13T18:05:05.817Z,USD,,,,,,,88440.0,6.47,15.94,120.7,17.42,,88440.0,73.35,79.75,105.0,51.09,,,,,,,,,,,,,,2026-07-13
hgss4-74,Psyduck,74,Common,Triumphant,2026-07-14T18:05:08.458Z,EUR,279604.0,3.89,0.04,6.49,7.25,5.2,4.46,,35.0,48.8,26.95,38.76,28.4,2026-07-14T18:05:05.559Z,USD,,,,,,,88440.0,8.51,15.22,120.7,17.42,17.7,88440.0,37.31,71.16,105.0,51.09,,,,,,,,,,,,,,2026-07-14
lc-88,Psyduck,88,Common,Legendary Collection,2026-07-08T18:05:11.087Z,EUR,274853.0,4.18,0.13,6.75,6.0,4.38,6.4,,250.0,312.07,349.99,300.91,174.46,2026-07-08T18:05:06.476Z,USD,,,,,,,88434.0,4.0,6.75,706.54,8.6,199.89,,,,,,,,,,,,,,,,,,,2026-07-08
lc-88,Psyduck,88,Common,Legendary Collection,2026-07-09T18:05:09.065Z,EUR,274853.0,4.18,0.13,6.75,6.0,4.38,6.4,,250.0,312.07,349.99,300.91,174.46,2026-07-09T18:05:05.283Z,USD,,,,,,,88434.0,3.7,5.79,706.54,9.04,199.89,,,,,,,,,,,,,,,,,,,2026-07-09
lc-88,Psyduck,88,Common,Legendary Collection,2026-07-10T18:05:08.528Z,EUR,274853.0,4.18,0.13,6.75,6.0,4.38,6.4,,249.9,312.07,349.99,300.91,174.46,2026-07-10T18:05:05.180Z,USD,,,,,,,88434.0,3.7,5.07,706.54,9.04,199.89,,,,,,,,,,,,,,,,,,,2026-07-10
lc-88,Psyduck,88,Common,Legendary Collection,2026-07-11T18:05:08.177Z,EUR,274853.0,4.18,0.13,6.9,6.0,4.38,6.4,,249.9,312.07,349.99,300.91,174.46,2026-07-11T18:05:05.018Z,USD,,,,,,,88434.0,3.7,5.05,706.54,9.36,199.89,,,,,,,,,,,,,,,,,,,2026-07-11
lc-88,Psyduck,88,Common,Legendary Collection,2026-07-12T18:05:08.999Z,EUR,274853.0,4.18,0.13,6.9,6.0,4.38,6.4,,249.9,312.07,349.99,300.91,174.46,2026-07-12T18:05:06.207Z,USD,,,,,,,88434.0,3.7,5.05,706.54,9.36,199.89,,,,,,,,,,,,,,,,,,,2026-07-12
lc-88,Psyduck,88,Common,Legendary Collection,2026-07-13T18:05:07.999Z,EUR,274853.0,4.18,0.13,6.26,0.2,4.21,6.05,,249.9,312.07,349.99,300.91,174.46,2026-07-13T18:05:05.187Z,USD,,,,,,,88434.0,3.7,5.05,706.54,9.36,199.89,,,,,,,,,,,,,,,,,,,2026-07-13
lc-88,Psyduck,88,Common,Legendary Collection,2026-07-14T18:05:08.458Z,EUR,274853.0,4.18,0.13,6.26,0.2,4.21,6.05,,249.9,312.07,349.99,300.91,174.46,2026-07-14T18:05:04.977Z,USD,,,,,,,88434.0,3.7,5.05,706.54,9.36,199.89,,,,,,,,,,,,,,,,,,,2026-07-14
me02.5-039,Psyduck,039,Common,Ascended Heroes,2026-07-08T18:05:11.087Z,EUR,869650.0,0.07,0.02,0.07,0.08,0.07,0.07,,,0.0,,,,2026-07-08T18:05:07.558Z,USD,,,,,,,675851.0,0.01,0.3,19.98,0.26,0.24,,,,,,,,,,,,,,,,,,,2026-07-08
me02.5-039,Psyduck,039,Common,Ascended Heroes,2026-07-09T18:05:09.065Z,EUR,869650.0,0.07,0.02,0.06,0.05,0.07,0.07,,,0.0,,,,2026-07-09T18:05:06.655Z,USD,,,,,,,675851.0,0.01,0.29,19.98,0.27,0.08,,,,,,,,,,,,,,,,,,,2026-07-09
me02.5-039,Psyduck,039,Common,Ascended Heroes,2026-07-10T18:05:08.528Z,EUR,869650.0,0.07,0.02,0.07,0.16,0.07,0.08,,,0.0,,,,2026-07-10T18:05:06.301Z,USD,,,,,,,675851.0,0.01,0.3,19.98,0.27,0.11,,,,,,,,,,,,,,,,,,,2026-07-10
me02.5-039,Psyduck,039,Common,Ascended Heroes,2026-07-11T18:05:08.177Z,EUR,869650.0,0.07,0.02,0.07,0.16,0.07,0.08,,,0.0,,,,2026-07-11T18:05:05.944Z,USD,,,,,,,675851.0,0.01,0.28,19.98,0.24,0.24,,,,,,,,,,,,,,,,,,,2026-07-11
me02.5-039,Psyduck,039,Common,Ascended Heroes,2026-07-12T18:05:08.999Z,EUR,869650.0,0.07,0.02,0.08,0.16,0.07,0.08,,,0.0,,,,2026-07-12T18:05:07.270Z,USD,,,,,,,675851.0,0.01,0.29,19.98,0.27,0.25,,,,,,,,,,,,,,,,,,,2026-07-12
me02.5-039,Psyduck,039,Common,Ascended Heroes,2026-07-13T18:05:07.999Z,EUR,869650.0,0.07,0.02,0.08,0.06,0.08,0.07,,,0.0,,,,2026-07-13T18:05:06.319Z,USD,,,,,,,675851.0,0.01,0.29,19.98,0.3,0.3,,,,,,,,,,,,,,,,,,,2026-07-13
me02.5-039,Psyduck,039,Common,Ascended Heroes,2026-07-14T18:05:08.458Z,EUR,869650.0,0.08,0.02,0.08,0.06,0.08,0.07,,,0.0,,,,2026-07-14T18:05:05.980Z,USD,,,,,,,675851.0,0.01,0.3,19.98,0.3,0.3,,,,,,,,,,,,,,,,,,,2026-07-14
me02.5-226,Psyduck,226,Illustration rare,Ascended Heroes,2026-07-08T18:05:10.078Z,EUR,869837.0,66.23,19.98,55.93,54.43,56.65,62.64,,,0.0,,,,2026-07-08T18:05:07.558Z,USD,676038.0,74.04,99.41,899.99,86.6,89.99,,,,,,,,,,,,,,,,,,,,,,,,,2026-07-08
me02.5-226,Psyduck,226,Illustration rare,Ascended Heroes,2026-07-09T18:05:09.065Z,EUR,869837.0,66.23,19.98,55.32,54.02,53.83,62.18,,,0.0,,,,2026-07-09T18:05:06.655Z,USD,676038.0,71.58,99.82,899.99,83.8,94.99,,,,,,,,,,,,,,,,,,,,,,,,,2026-07-09
me02.5-226,Psyduck,226,Illustration rare,Ascended Heroes,2026-07-10T18:05:08.528Z,EUR,869837.0,66.23,22.0,56.12,60.39,55.2,61.6,,,0.0,,,,2026-07-10T18:05:06.301Z,USD,676038.0,74.53,98.36,899.99,84.29,96.92,,,,,,,,,,,,,,,,,,,,,,,,,2026-07-10
me02.5-226,Psyduck,226,Illustration rare,Ascended Heroes,2026-07-11T18:05:08.177Z,EUR,869837.0,66.23,20.0,56.31,60.39,55.2,61.6,,,0.0,,,,2026-07-11T18:05:05.944Z,USD,676038.0,71.87,98.68,899.99,83.35,84.99,,,,,,,,,,,,,,,,,,,,,,,,,2026-07-11
me02.5-226,Psyduck,226,Illustration rare,Ascended Heroes,2026-07-12T18:05:08.999Z,EUR,869837.0,66.23,21.9,56.31,60.39,55.2,61.6,,,0.0,,,,2026-07-12T18:05:07.270Z,USD,676038.0,78.0,98.24,899.99,82.9,87.58,,,,,,,,,,,,,,,,,,,,,,,,,2026-07-12
me02.5-226,Psyduck,226,Illustration rare,Ascended Heroes,2026-07-13T18:05:07.999Z,EUR,869837.0,66.23,21.85,56.2,58.99,55.39,61.54,,,0.0,,,,2026-07-13T18:05:06.319Z,USD,676038.0,78.0,96.09,899.99,82.66,,,,,,,,,,,,,,,,,,,,,,,,,,2026-07-13
me02.5-226,Psyduck,226,Illustration rare,Ascended Heroes,2026-07-14T18:05:08.458Z,EUR,869837.0,58.79,21.85,54.43,58.99,55.39,61.54,,,0.0,,,,2026-07-14T18:05:05.980Z,USD,676038.0,74.0,95.0,899.99,81.8,,,,,,,,,,,,,,,,,,,,,,,,,,2026-07-14
mep-007,Psyduck,007,Promo,MEP Black Star Promos,2026-07-08T18:05:10.691Z,EUR,851053.0,5.53,0.74,5.61,4.48,5.71,6.91,,,0.0,,,,,,,,,,,,,,,,,,,,,,,,,,,,,,,,,,,,2026-07-08
mep-007,Psyduck,007,Promo,MEP Black Star Promos,2026-07-09T18:05:09.065Z,EUR,851053.0,7.24,0.74,5.98,13.31,6.86,7.13,,,0.0,,,,,,,,,,,,,,,,,,,,,,,,,,,,,,,,,,,,2026-07-09
mep-007,Psyduck,007,Promo,MEP Black Star Promos,2026-07-10T18:05:08.528Z,EUR,851053.0,7.24,0.74,4.88,2.26,6.12,7.61,,,0.0,,,,,,,,,,,,,,,,,,,,,,,,,,,,,,,,,,,,2026-07-10
mep-007,Psyduck,007,Promo,MEP Black Star Promos,2026-07-11T18:05:08.177Z,EUR,851053.0,7.24,0.74,3.92,2.26,6.12,7.61,,,0.0,,,,,,,,,,,,,,,,,,,,,,,,,,,,,,,,,,,,2026-07-11
mep-007,Psyduck,007,Promo,MEP Black Star Promos,2026-07-12T18:05:08.999Z,EUR,851053.0,7.24,0.74,3.16,2.26,6.12,7.61,,,0.0,,,,,,,,,,,,,,,,,,,,,,,,,,,,,,,,,,,,2026-07-12
mep-007,Psyduck,007,Promo,MEP Black Star Promos,2026-07-13T18:05:07.999Z,EUR,851053.0,7.24,0.74,3.16,4.61,6.28,8.05,,,0.0,,,,,,,,,,,,,,,,,,,,,,,,,,,,,,,,,,,,2026-07-13
mep-007,Psyduck,007,Promo,MEP Black Star Promos,2026-07-14T18:05:08.458Z,EUR,851053.0,7.24,0.74,2.43,4.61,6.28,8.05,,,0.0,,,,,,,,,,,,,,,,,,,,,,,,,,,,,,,,,,,,2026-07-14
neo4-79,Psyduck,79,Common,Neo Destiny,2026-07-08T18:05:11.087Z,EUR,274731.0,9.03,0.2,12.04,2.67,14.99,8.96,,,0.0,,,,2026-07-08T18:05:06.434Z,USD,,,,,,,,,,,,,,,,,,,88433.0,52.5,99.99,1200.0,52.5,,88433.0,19.99,30.94,4321.0,31.4,,2026-07-08
neo4-79,Psyduck,79,Common,Neo Destiny,2026-07-09T18:05:09.065Z,EUR,274731.0,9.03,0.2,12.04,2.67,14.99,8.96,,,0.0,,,,2026-07-09T18:05:05.258Z,USD,,,,,,,,,,,,,,,,,,,88433.0,50.0,99.99,1200.0,52.8,,88433.0,19.99,31.55,4321.0,31.4,,2026-07-09
neo4-79,Psyduck,79,Common,Neo Destiny,2026-07-10T18:05:08.528Z,EUR,274731.0,9.03,0.2,12.04,2.67,14.99,8.96,,,0.0,,,,2026-07-10T18:05:05.177Z,USD,,,,,,,,,,,,,,,,,,,88433.0,41.48,99.99,1200.0,52.5,,88433.0,22.24,31.09,4321.0,31.4,,2026-07-10
neo4-79,Psyduck,79,Common,Neo Destiny,2026-07-11T18:05:08.177Z,EUR,274731.0,9.03,0.2,12.64,2.67,14.99,8.96,,,0.0,,,,2026-07-11T18:05:05.013Z,USD,,,,,,,,,,,,,,,,,,,88433.0,41.48,99.99,1200.0,52.5,,88433.0,22.24,32.0,4321.0,30.96,,2026-07-11
neo4-79,Psyduck,79,Common,Neo Destiny,2026-07-12T18:05:09.094Z,EUR,274731.0,9.03,0.2,11.5,2.67,14.99,8.96,,,0.0,,,,2026-07-12T18:05:06.197Z,USD,,,,,,,,,,,,,,,,,,,88433.0,41.48,99.99,1200.0,52.5,,88433.0,22.24,31.55,4321.0,31.4,,2026-07-12
neo4-79,Psyduck,79,Common,Neo Destiny,2026-07-13T18:05:07.999Z,EUR,274731.0,9.03,0.2,11.5,0.39,15.99,8.57,,,0.0,,,,2026-07-13T18:05:05.173Z,USD,,,,,,,,,,,,,,,,,,,88433.0,41.48,119.97,1200.0,52.5,,88433.0,22.05,32.0,4321.0,31.42,,2026-07-13
neo4-79,Psyduck,79,Common,Neo Destiny,2026-07-14T18:05:08.458Z,EUR,274731.0,9.03,0.2,11.5,0.39,15.99,8.57,,,0.0,,,,2026-07-14T18:05:04.973Z,USD,,,,,,,,,,,,,,,,,,,88433.0,74.0,139.95,1200.0,52.5,,88433.0,22.25,32.0,4321.0,31.22,,2026-07-14
pl1-87,Psyduck,87,Common,Platinum,2026-07-08T18:05:11.087Z,EUR,278508.0,7.4,0.2,6.34,9.11,7.4,7.22,64.99,15.0,41.36,55.0,42.16,29.09,2026-07-08T18:05:06.978Z,USD,,,,,,,88439.0,14.21,27.36,200.0,25.73,,88439.0,99.99,249.99,1399.9,149.99,,,,,,,,,,,,,,2026-07-08
pl1-87,Psyduck,87,Common,Platinum,2026-07-09T18:05:09.065Z,EUR,278508.0,7.4,0.2,6.31,7.37,7.77,7.25,64.99,15.0,41.36,55.0,42.16,29.09,2026-07-09T18:05:06.154Z,USD,,,,,,,88439.0,14.21,27.02,200.0,25.89,,88439.0,99.99,249.98,1399.9,149.99,,,,,,,,,,,,,,2026-07-09
pl1-87,Psyduck,87,Common,Platinum,2026-07-10T18:05:08.528Z,EUR,278508.0,7.4,0.2,6.31,7.37,7.77,7.25,64.99,15.0,41.36,55.0,42.16,29.09,2026-07-10T18:05:05.887Z,USD,,,,,,,88439.0,14.21,27.02,200.0,25.89,,88439.0,99.99,249.98,1399.9,149.99,,,,,,,,,,,,,,2026-07-10
pl1-87,Psyduck,87,Common,Platinum,2026-07-11T18:05:08.177Z,EUR,278508.0,7.14,0.2,7.43,7.37,7.77,7.25,62.5,15.0,41.36,55.0,42.16,29.09,2026-07-11T18:05:05.543Z,USD,,,,,,,88439.0,14.21,26.94,200.0,25.89,,88439.0,99.99,249.98,1399.9,149.99,,,,,,,,,,,,,,2026-07-11
pl1-87,Psyduck,87,Common,Platinum,2026-07-12T18:05:08.999Z,EUR,278508.0,7.14,0.2,7.57,7.37,7.77,7.25,62.5,15.0,41.36,55.0,42.16,29.09,2026-07-12T18:05:06.871Z,USD,,,,,,,88439.0,14.21,26.94,200.0,26.24,,88439.0,99.99,249.98,1399.9,149.99,,,,,,,,,,,,,,2026-07-12
pl1-87,Psyduck,87,Common,Platinum,2026-07-13T18:05:07.999Z,EUR,278508.0,7.14,0.2,8.42,11.38,9.32,7.06,62.5,15.0,41.36,55.0,42.16,29.09,2026-07-13T18:05:05.766Z,USD,,,,,,,88439.0,14.21,26.87,200.0,26.24,,88439.0,99.99,249.98,1399.9,149.99,,,,,,,,,,,,,,2026-07-13
pl1-87,Psyduck,87,Common,Platinum,2026-07-14T18:05:08.458Z,EUR,278508.0,7.14,0.2,8.48,11.38,9.32,7.06,62.5,15.0,41.36,55.0,42.16,29.09,2026-07-14T18:05:05.428Z,USD,,,,,,,88439.0,14.21,26.51,200.0,26.24,,88439.0,99.99,249.98,1399.9,149.99,,,,,,,,,,,,,,2026-07-14
sm1-28,Psyduck,28,Common,Sun & Moon,2026-07-08T18:05:10.686Z,EUR,295338.0,0.72,0.02,0.71,0.28,0.71,0.68,4.54,0.03,4.65,1.0,5.41,3.67,2026-07-08T18:05:07.138Z,USD,,,,,,,126899.0,0.25,0.92,20.0,0.96,,126899.0,3.49,7.23,500.0,6.41,,,,,,,,,,,,,,2026-07-08
sm1-28,Psyduck,28,Common,Sun & Moon,2026-07-09T18:05:09.065Z,EUR,295338.0,0.72,0.02,0.62,0.05,0.67,0.68,4.54,0.03,4.65,1.0,5.41,3.67,2026-07-09T18:05:06.439Z,USD,,,,,,,126899.0,0.25,0.95,20.0,1.04,,126899.0,3.49,7.4,500.0,7.15,,,,,,,,,,,,,,2026-07-09
sm1-28,Psyduck,28,Common,Sun & Moon,2026-07-10T18:05:08.528Z,EUR,295338.0,0.72,0.02,0.57,0.49,0.65,0.7,4.54,0.03,4.95,6.5,5.14,3.79,2026-07-10T18:05:06.057Z,USD,,,,,,,126899.0,0.25,0.97,20.0,1.05,,126899.0,3.49,7.26,500.0,7.15,,,,,,,,,,,,,,2026-07-10
sm1-28,Psyduck,28,Common,Sun & Moon,2026-07-11T18:05:08.177Z,EUR,295338.0,0.72,0.02,0.68,0.49,0.65,0.7,4.54,0.03,4.95,6.5,5.14,3.79,2026-07-11T18:05:05.715Z,USD,,,,,,,126899.0,0.25,0.97,20.0,1.05,,126899.0,3.49,7.16,500.0,7.16,,,,,,,,,,,,,,2026-07-11
sm1-28,Psyduck,28,Common,Sun & Moon,2026-07-12T18:05:08.999Z,EUR,295338.0,0.72,0.02,0.75,0.49,0.65,0.7,4.54,0.03,4.95,6.5,5.14,3.79,2026-07-12T18:05:07.016Z,USD,,,,,,,126899.0,0.25,0.97,20.0,1.05,,126899.0,3.49,7.16,500.0,7.03,,,,,,,,,,,,,,2026-07-12
sm1-28,Psyduck,28,Common,Sun & Moon,2026-07-13T18:05:07.999Z,EUR,295338.0,0.72,0.02,1.15,3.8,1.02,0.81,4.54,0.03,4.95,6.5,5.14,3.79,2026-07-13T18:05:05.972Z,USD,,,,,,,126899.0,0.25,0.98,20.0,1.03,,126899.0,3.49,7.2,500.0,7.02,,,,,,,,,,,,,,2026-07-13
sm1-28,Psyduck,28,Common,Sun & Moon,2026-07-14T18:05:08.458Z,EUR,295338.0,0.72,0.02,1.08,3.8,1.02,0.81,4.54,0.03,4.95,6.5,5.14,3.79,2026-07-14T18:05:05.737Z,USD,,,,,,,126899.0,0.24,0.98,20.0,1.04,,126899.0,3.49,7.1,500.0,7.03,,,,,,,,,,,,,,2026-07-14
sm11-217,Slowpoke & Psyduck GX,217,Ultra Rare,Unified Minds,2026-07-08T18:05:11.087Z,EUR,388872.0,92.03,22.0,92.25,75.0,97.49,82.21,,,14.95,11.95,14.84,10.99,2026-07-08T18:05:07.267Z,USD,194954.0,131.3,189.84,873.35,136.3,178.99,,,,,,,,,,,,,,,,,,,,,,,,,2026-07-08
sm11-217,Slowpoke & Psyduck GX,217,Ultra Rare,Unified Minds,2026-07-09T18:05:09.065Z,EUR,388872.0,74.99,22.0,92.25,75.0,97.49,82.21,,,14.95,11.95,14.84,10.99,2026-07-09T18:05:06.493Z,USD,194954.0,137.5,195.97,873.35,137.5,178.99,,,,,,,,,,,,,,,,,,,,,,,,,2026-07-09
sm11-217,Slowpoke & Psyduck GX,217,Ultra Rare,Unified Minds,2026-07-10T18:05:08.528Z,EUR,388872.0,74.99,22.0,92.25,75.0,97.49,82.21,,,14.95,11.95,14.84,10.99,2026-07-10T18:05:06.118Z,USD,194954.0,137.5,195.97,873.35,137.5,178.99,,,,,,,,,,,,,,,,,,,,,,,,,2026-07-10
sm11-217,Slowpoke & Psyduck GX,217,Ultra Rare,Unified Minds,2026-07-11T18:05:08.177Z,EUR,388872.0,74.99,22.0,92.25,75.0,97.49,82.21,,,14.95,11.95,14.84,10.99,2026-07-11T18:05:05.763Z,USD,194954.0,137.5,199.99,873.35,137.5,248.69,,,,,,,,,,,,,,,,,,,,,,,,,2026-07-11
sm11-217,Slowpoke & Psyduck GX,217,Ultra Rare,Unified Minds,2026-07-12T18:05:08.999Z,EUR,388872.0,74.99,22.0,92.25,75.0,97.49,82.21,,,14.95,11.95,14.84,10.99,2026-07-12T18:05:07.088Z,USD,194954.0,175.0,243.49,873.35,137.5,248.69,,,,,,,,,,,,,,,,,,,,,,,,,2026-07-12
sm11-217,Slowpoke & Psyduck GX,217,Ultra Rare,Unified Minds,2026-07-13T18:05:07.999Z,EUR,388872.0,74.99,22.0,92.25,75.0,97.49,82.21,,,14.95,11.95,14.84,10.99,2026-07-13T18:05:06.050Z,USD,194954.0,178.99,238.29,873.35,140.5,178.99,,,,,,,,,,,,,,,,,,,,,,,,,2026-07-13
sm11-217,Slowpoke & Psyduck GX,217,Ultra Rare,Unified Minds,2026-07-14T18:05:08.458Z,EUR,388872.0,74.99,21.99,99.02,75.0,97.49,82.21,,,14.95,11.95,14.84,10.99,2026-07-14T18:05:05.822Z,USD,194954.0,178.99,238.29,873.35,143.66,178.99,,,,,,,,,,,,,,,,,,,,,,,,,2026-07-14
sm11-218,Slowpoke & Psyduck GX,218,Ultra Rare,Unified Minds,2026-07-08T18:05:11.087Z,EUR,849811.0,69.99,48.0,68.04,69.99,39.28,35.0,,,0.0,,,,2026-07-08T18:05:07.267Z,USD,194955.0,389.52,419.97,499.61,306.63,419.97,,,,,,,,,,,,,,,,,,,,,,,,,2026-07-08
sm11-218,Slowpoke & Psyduck GX,218,Ultra Rare,Unified Minds,2026-07-09T18:05:09.065Z,EUR,849811.0,69.99,48.0,68.04,69.99,39.28,35.0,,,0.0,,,,2026-07-09T18:05:06.493Z,USD,194955.0,389.52,419.97,499.61,306.63,419.97,,,,,,,,,,,,,,,,,,,,,,,,,2026-07-09
sm11-218,Slowpoke & Psyduck GX,218,Ultra Rare,Unified Minds,2026-07-10T18:05:08.528Z,EUR,849811.0,69.99,48.0,68.04,69.99,39.28,35.0,,,0.0,,,,2026-07-10T18:05:06.118Z,USD,194955.0,389.52,419.97,499.61,306.63,419.97,,,,,,,,,,,,,,,,,,,,,,,,,2026-07-10
sm11-218,Slowpoke & Psyduck GX,218,Ultra Rare,Unified Minds,2026-07-11T18:05:08.177Z,EUR,849811.0,69.99,48.0,68.04,69.99,39.28,35.0,,,0.0,,,,2026-07-11T18:05:05.763Z,USD,194955.0,389.52,419.97,499.61,306.63,419.97,,,,,,,,,,,,,,,,,,,,,,,,,2026-07-11
sm11-218,Slowpoke & Psyduck GX,218,Ultra Rare,Unified Minds,2026-07-12T18:05:08.999Z,EUR,849811.0,69.99,48.0,68.04,69.99,39.28,35.0,,,0.0,,,,2026-07-12T18:05:07.088Z,USD,194955.0,389.52,419.97,499.61,306.63,419.97,,,,,,,,,,,,,,,,,,,,,,,,,2026-07-12
sm11-218,Slowpoke & Psyduck GX,218,Ultra Rare,Unified Minds,2026-07-13T18:05:07.999Z,EUR,849811.0,69.99,48.0,68.04,69.99,39.28,35.0,,,0.0,,,,2026-07-13T18:05:06.050Z,USD,194955.0,389.52,419.97,499.61,306.63,419.97,,,,,,,,,,,,,,,,,,,,,,,,,2026-07-13
sm11-218,Slowpoke & Psyduck GX,218,Ultra Rare,Unified Minds,2026-07-14T18:05:08.458Z,EUR,849811.0,69.99,48.0,68.04,69.99,39.28,35.0,,,0.0,,,,2026-07-14T18:05:05.822Z,USD,194955.0,389.52,419.97,499.61,306.63,419.97,,,,,,,,,,,,,,,,,,,,,,,,,2026-07-14
sm11-239,Slowpoke & Psyduck GX,239,Secret Rare,Unified Minds,2026-07-08T18:05:10.686Z,EUR,388987.0,88.5,19.9,101.68,29.9,80.98,91.78,,,25.75,16.9,21.84,18.6,2026-07-08T18:05:07.267Z,USD,194956.0,210.84,300.0,1369.9,184.83,399.68,,,,,,,,,,,,,,,,,,,,,,,,,2026-07-08
sm11-239,Slowpoke & Psyduck GX,239,Secret Rare,Unified Minds,2026-07-09T18:05:09.065Z,EUR,388987.0,88.5,19.9,101.68,29.9,80.98,91.78,,,25.75,16.9,21.84,18.6,2026-07-09T18:05:06.493Z,USD,194956.0,210.84,349.84,1369.9,184.83,399.68,,,,,,,,,,,,,,,,,,,,,,,,,2026-07-09
sm11-239,Slowpoke & Psyduck GX,239,Secret Rare,Unified Minds,2026-07-10T18:05:08.528Z,EUR,388987.0,85.21,19.9,101.68,29.9,80.98,91.78,,,25.75,16.9,21.84,18.6,2026-07-10T18:05:06.118Z,USD,194956.0,210.84,300.0,1369.9,194.17,399.69,,,,,,,,,,,,,,,,,,,,,,,,,2026-07-10
sm11-239,Slowpoke & Psyduck GX,239,Secret Rare,Unified Minds,2026-07-11T18:05:07.832Z,EUR,388987.0,85.21,19.9,101.68,29.9,80.98,91.78,,,25.75,16.9,21.84,18.6,2026-07-11T18:05:05.763Z,USD,194956.0,225.41,300.0,1369.9,194.17,,,,,,,,,,,,,,,,,,,,,,,,,,2026-07-11
sm11-239,Slowpoke & Psyduck GX,239,Secret Rare,Unified Minds,2026-07-12T18:05:08.999Z,EUR,388987.0,85.21,19.9,101.68,29.9,80.98,91.78,,,25.75,16.9,21.84,18.6,2026-07-12T18:05:07.088Z,USD,194956.0,225.41,300.0,1369.9,194.17,,,,,,,,,,,,,,,,,,,,,,,,,,2026-07-12
sm11-239,Slowpoke & Psyduck GX,239,Secret Rare,Unified Minds,2026-07-13T18:05:07.999Z,EUR,388987.0,85.21,19.9,101.68,29.9,80.98,91.78,,,25.75,16.9,21.84,18.6,2026-07-13T18:05:06.050Z,USD,194956.0,226.95,349.85,1369.9,194.17,399.69,,,,,,,,,,,,,,,,,,,,,,,,,2026-07-13
sm11-239,Slowpoke & Psyduck GX,239,Secret Rare,Unified Minds,2026-07-14T18:05:08.458Z,EUR,388987.0,85.21,19.9,101.68,29.9,80.98,91.78,,,25.75,16.9,21.84,18.6,2026-07-14T18:05:05.822Z,USD,194956.0,225.41,399.69,1369.9,196.5,399.69,,,,,,,,,,,,,,,,,,,,,,,,,2026-07-14
sm11-35,Slowpoke & Psyduck GX,35,Ultra Rare,Unified Minds,2026-07-08T18:05:10.078Z,EUR,377505.0,64.96,14.0,70.44,119.99,108.88,63.34,,,6.71,7.5,7.17,6.56,2026-07-08T18:05:07.267Z,USD,194953.0,100.62,169.99,753.04,132.98,169.34,,,,,,,,,,,,,,,,,,,,,,,,,2026-07-08
sm11-35,Slowpoke & Psyduck GX,35,Ultra Rare,Unified Minds,2026-07-09T18:05:09.065Z,EUR,377505.0,64.96,14.0,63.01,24.0,101.72,63.37,,,6.71,7.5,7.17,6.56,2026-07-09T18:05:06.493Z,USD,194953.0,149.39,169.67,753.02,132.98,169.34,,,,,,,,,,,,,,,,,,,,,,,,,2026-07-09
sm11-35,Slowpoke & Psyduck GX,35,Ultra Rare,Unified Minds,2026-07-10T18:05:08.528Z,EUR,377505.0,64.96,14.0,63.73,70.0,105.06,64.34,,,6.71,7.5,7.17,6.56,2026-07-10T18:05:06.118Z,USD,194953.0,135.14,169.35,752.94,135.14,169.34,,,,,,,,,,,,,,,,,,,,,,,,,2026-07-10
sm11-35,Slowpoke & Psyduck GX,35,Ultra Rare,Unified Minds,2026-07-11T18:05:08.177Z,EUR,377505.0,64.96,14.0,63.73,70.0,105.06,64.34,,,6.71,7.5,7.17,6.56,2026-07-11T18:05:05.763Z,USD,194953.0,135.14,169.35,752.9,135.14,169.34,,,,,,,,,,,,,,,,,,,,,,,,,2026-07-11
sm11-35,Slowpoke & Psyduck GX,35,Ultra Rare,Unified Minds,2026-07-12T18:05:08.999Z,EUR,377505.0,64.96,14.0,63.73,70.0,105.06,64.34,,,6.71,7.5,7.17,6.56,2026-07-12T18:05:07.088Z,USD,194953.0,134.14,169.34,752.88,135.14,100.0,,,,,,,,,,,,,,,,,,,,,,,,,2026-07-12
sm11-35,Slowpoke & Psyduck GX,35,Ultra Rare,Unified Minds,2026-07-13T18:05:07.999Z,EUR,377505.0,64.96,14.0,62.12,47.94,105.05,64.72,,,6.71,7.5,7.17,6.56,2026-07-13T18:05:06.050Z,USD,194953.0,100.0,168.5,752.86,135.14,100.0,,,,,,,,,,,,,,,,,,,,,,,,,2026-07-13
sm11-35,Slowpoke & Psyduck GX,35,Ultra Rare,Unified Minds,2026-07-14T18:05:08.458Z,EUR,377505.0,64.96,14.0,58.67,47.94,105.05,64.72,,,6.71,7.5,7.17,6.56,2026-07-14T18:05:05.822Z,USD,194953.0,100.0,168.5,752.82,135.14,102.0,,,,,,,,,,,,,,,,,,,,,,,,,2026-07-14
sm115-11,Psyduck,11,Common,Hidden Fates,2026-07-08T18:05:10.691Z,EUR,394772.0,0.13,0.02,0.13,0.08,0.12,0.1,2.6,0.15,4.62,5.75,4.45,2.73,2026-07-08T18:05:07.271Z,USD,,,,,,,197653.0,0.05,0.35,5.0,0.34,,197653.0,2.98,4.02,19.98,4.03,,,,,,,,,,,,,,2026-07-08
sm115-11,Psyduck,11,Common,Hidden Fates,2026-07-09T18:05:09.065Z,EUR,394772.0,0.1,0.02,0.12,0.1,0.13,0.1,3.61,0.75,4.62,5.75,4.45,2.73,2026-07-09T18:05:06.496Z,USD,,,,,,,197653.0,0.05,0.35,5.0,0.34,0.19,197653.0,2.98,4.0,19.98,4.02,,,,,,,,,,,,,,2026-07-09
sm115-11,Psyduck,11,Common,Hidden Fates,2026-07-10T18:05:08.528Z,EUR,394772.0,0.1,0.02,0.14,0.1,0.12,0.1,3.61,0.75,4.62,5.75,4.45,2.73,2026-07-10T18:05:06.120Z,USD,,,,,,,197653.0,0.05,0.35,5.0,0.36,0.19,197653.0,2.99,4.02,19.98,3.98,,,,,,,,,,,,,,2026-07-10
sm115-11,Psyduck,11,Common,Hidden Fates,2026-07-11T18:05:07.832Z,EUR,394772.0,0.1,0.02,0.16,0.1,0.12,0.1,3.61,1.0,5.09,5.75,4.45,2.73,2026-07-11T18:05:05.765Z,USD,,,,,,,197653.0,0.05,0.35,5.0,0.35,0.19,197653.0,2.99,4.02,19.98,3.91,,,,,,,,,,,,,,2026-07-11
sm115-11,Psyduck,11,Common,Hidden Fates,2026-07-12T18:05:08.999Z,EUR,394772.0,0.1,0.02,0.16,0.1,0.12,0.1,3.61,0.75,4.63,5.75,4.45,2.73,2026-07-12T18:05:07.090Z,USD,,,,,,,197653.0,0.05,0.35,5.0,0.35,0.19,197653.0,2.99,4.0,19.98,3.91,,,,,,,,,,,,,,2026-07-12
sm115-11,Psyduck,11,Common,Hidden Fates,2026-07-13T18:05:07.999Z,EUR,394772.0,0.1,0.02,0.16,0.16,0.12,0.1,3.61,1.0,4.63,0.75,4.99,3.03,2026-07-13T18:05:06.057Z,USD,,,,,,,197653.0,0.05,0.36,5.0,0.36,,197653.0,2.99,4.0,19.98,3.87,,,,,,,,,,,,,,2026-07-13
sm115-11,Psyduck,11,Common,Hidden Fates,2026-07-14T18:05:08.458Z,EUR,394772.0,0.1,0.02,0.17,0.16,0.12,0.1,3.61,1.0,5.11,0.75,4.99,3.03,2026-07-14T18:05:05.828Z,USD,,,,,,,197653.0,0.05,0.36,5.0,0.35,,197653.0,2.99,4.0,19.98,3.87,,,,,,,,,,,,,,2026-07-14
sm12-40,Psyduck,40,Common,Cosmic Eclipse,2026-07-08T18:05:10.691Z,EUR,407849.0,0.36,0.02,1.0,1.43,1.06,0.54,10.67,9.98,14.64,10.0,18.21,10.83,2026-07-08T18:05:07.278Z,USD,,,,,,,201216.0,1.42,2.75,39.71,2.76,3.2,201216.0,19.99,25.99,186.35,25.3,29.02,,,,,,,,,,,,,2026-07-08
sm12-40,Psyduck,40,Common,Cosmic Eclipse,2026-07-09T18:05:09.065Z,EUR,407849.0,0.36,0.02,0.94,0.35,1.17,0.54,10.67,9.98,16.6,30.0,21.56,11.5,2026-07-09T18:05:06.503Z,USD,,,,,,,201216.0,1.25,2.76,39.69,2.76,3.2,201216.0,19.99,26.94,186.35,25.3,29.02,,,,,,,,,,,,,2026-07-09
sm12-40,Psyduck,40,Common,Cosmic Eclipse,2026-07-10T18:05:08.528Z,EUR,407849.0,0.62,0.02,0.94,0.35,1.17,0.54,17.89,9.98,16.6,30.0,21.56,11.5,2026-07-10T18:05:06.126Z,USD,,,,,,,201216.0,1.59,2.76,39.69,2.71,3.2,201216.0,19.99,26.56,186.35,25.3,29.02,,,,,,,,,,,,,2026-07-10
sm12-40,Psyduck,40,Common,Cosmic Eclipse,2026-07-11T18:05:08.177Z,EUR,407849.0,0.62,0.02,0.93,0.35,1.17,0.54,17.89,9.98,16.6,30.0,21.56,11.5,2026-07-11T18:05:05.771Z,USD,,,,,,,201216.0,1.59,2.75,39.69,2.68,,201216.0,19.99,26.28,186.35,25.3,7.04,,,,,,,,,,,,,2026-07-11
sm12-40,Psyduck,40,Common,Cosmic Eclipse,2026-07-12T18:05:08.999Z,EUR,407849.0,0.62,0.02,0.87,0.35,1.17,0.54,17.89,9.98,16.6,30.0,21.56,11.5,2026-07-12T18:05:07.097Z,USD,,,,,,,201216.0,1.59,2.75,39.69,2.68,,201216.0,19.99,26.04,186.35,24.8,29.02,,,,,,,,,,,,,2026-07-12
sm12-40,Psyduck,40,Common,Cosmic Eclipse,2026-07-13T18:05:07.999Z,EUR,407849.0,0.62,0.02,0.79,0.06,0.52,0.53,17.89,9.98,16.6,30.0,21.56,11.5,2026-07-13T18:05:06.065Z,USD,,,,,,,201216.0,1.72,2.75,39.69,2.67,,201216.0,18.0,26.34,186.35,24.71,29.02,,,,,,,,,,,,,2026-07-13
sm12-40,Psyduck,40,Common,Cosmic Eclipse,2026-07-14T18:05:08.458Z,EUR,407849.0,0.62,0.02,0.75,0.06,0.52,0.53,17.89,9.98,16.6,30.0,21.56,11.5,2026-07-14T18:05:05.834Z,USD,,,,,,,201216.0,1.72,2.76,39.69,2.63,,201216.0,18.0,26.34,186.35,24.71,28.42,,,,,,,,,,,,,2026-07-14
sm9-26,Psyduck,26,Common,Team Up,2026-07-08T18:05:10.691Z,EUR,368958.0,0.3,0.02,0.39,0.12,0.22,0.28,2.93,0.1,0.94,2.0,3.37,5.27,2026-07-08T18:05:07.256Z,USD,,,,,,,183797.0,0.35,1.0,19.98,0.97,,183797.0,12.73,18.0,39.96,17.63,17.99,,,,,,,,,,,,,2026-07-08
sm9-26,Psyduck,26,Common,Team Up,2026-07-09T18:05:09.065Z,EUR,368958.0,0.3,0.02,0.33,0.08,0.16,0.28,2.93,0.1,2.84,13.0,3.15,5.23,2026-07-09T18:05:06.479Z,USD,,,,,,,183797.0,0.35,1.0,19.98,0.97,,183797.0,12.73,18.0,39.96,17.61,17.99,,,,,,,,,,,,,2026-07-09
sm9-26,Psyduck,26,Common,Team Up,2026-07-10T18:05:08.528Z,EUR,368958.0,0.3,0.02,0.33,0.08,0.16,0.28,2.93,0.1,2.84,13.0,3.15,5.23,2026-07-10T18:05:06.110Z,USD,,,,,,,183797.0,0.35,1.0,19.98,0.97,,183797.0,12.5,18.0,39.96,17.61,17.99,,,,,,,,,,,,,2026-07-10
sm9-26,Psyduck,26,Common,Team Up,2026-07-11T18:05:08.177Z,EUR,368958.0,0.3,0.02,0.33,0.08,0.16,0.28,2.93,0.1,5.39,13.0,3.15,5.23,2026-07-11T18:05:05.754Z,USD,,,,,,,183797.0,0.35,1.0,19.98,1.02,,183797.0,12.5,18.0,39.96,17.61,17.99,,,,,,,,,,,,,2026-07-11
sm9-26,Psyduck,26,Common,Team Up,2026-07-12T18:05:08.999Z,EUR,368958.0,0.3,0.02,0.31,0.08,0.16,0.28,2.93,0.1,5.39,13.0,3.15,5.23,2026-07-12T18:05:07.069Z,USD,,,,,,,183797.0,0.35,1.0,19.98,1.03,,183797.0,12.5,17.99,39.96,17.8,17.99,,,,,,,,,,,,,2026-07-12
sm9-26,Psyduck,26,Common,Team Up,2026-07-13T18:05:07.999Z,EUR,368958.0,0.3,0.02,0.31,0.22,0.21,0.28,2.93,0.1,5.39,19.49,4.77,5.38,2026-07-13T18:05:06.025Z,USD,,,,,,,183797.0,0.35,1.0,19.98,1.03,,183797.0,12.5,17.99,39.96,17.8,17.99,,,,,,,,,,,,,2026-07-13
sm9-26,Psyduck,26,Common,Team Up,2026-07-14T18:05:08.458Z,EUR,368958.0,0.3,0.02,0.32,0.22,0.21,0.28,2.93,0.1,5.39,19.49,4.77,5.38,2026-07-14T18:05:05.803Z,USD,,,,,,,183797.0,0.35,1.0,19.98,1.04,,183797.0,12.5,17.99,39.96,17.8,17.99,,,,,,,,,,,,,2026-07-14
sv03.5-054,Psyduck,054,Common,151,2026-07-08T18:05:11.087Z,EUR,733649.0,0.07,0.02,0.08,0.09,0.09,0.07,0.31,0.02,0.33,0.43,0.4,0.33,2026-07-08T18:05:07.453Z,USD,,,,,,,516231.0,0.03,0.23,19.34,0.22,0.13,516231.0,0.15,0.48,99.0,0.55,,,,,,,,,,,,,,2026-07-08
sv03.5-054,Psyduck,054,Common,151,2026-07-09T18:05:09.065Z,EUR,733649.0,0.07,0.02,0.09,0.08,0.09,0.07,0.31,0.02,0.32,0.23,0.39,0.32,2026-07-09T18:05:06.607Z,USD,,,,,,,516231.0,0.03,0.22,19.34,0.21,0.08,516231.0,0.16,0.5,99.0,0.48,,,,,,,,,,,,,,2026-07-09
sv03.5-054,Psyduck,054,Common,151,2026-07-10T18:05:08.528Z,EUR,733649.0,0.07,0.02,0.09,0.11,0.09,0.07,0.31,0.02,0.3,0.19,0.37,0.33,2026-07-10T18:05:06.231Z,USD,,,,,,,516231.0,0.03,0.22,19.34,0.21,0.13,516231.0,0.16,0.5,99.0,0.52,0.79,,,,,,,,,,,,,2026-07-10
sv03.5-054,Psyduck,054,Common,151,2026-07-11T18:05:08.177Z,EUR,733649.0,0.07,0.02,0.09,0.11,0.09,0.07,0.31,0.02,0.28,0.19,0.37,0.33,2026-07-11T18:05:05.878Z,USD,,,,,,,516231.0,0.03,0.22,19.34,0.22,0.13,516231.0,0.16,0.48,99.0,0.47,,,,,,,,,,,,,,2026-07-11
sv03.5-054,Psyduck,054,Common,151,2026-07-12T18:05:08.999Z,EUR,733649.0,0.07,0.02,0.09,0.11,0.09,0.07,0.31,0.02,0.28,0.19,0.37,0.33,2026-07-12T18:05:07.183Z,USD,,,,,,,516231.0,0.03,0.22,1000.0,0.2,,516231.0,0.16,0.47,99.0,0.52,,,,,,,,,,,,,,2026-07-12
sv03.5-054,Psyduck,054,Common,151,2026-07-13T18:05:07.999Z,EUR,733649.0,0.07,0.02,0.09,0.06,0.08,0.07,0.31,0.02,0.28,0.27,0.28,0.32,2026-07-13T18:05:06.210Z,USD,,,,,,,516231.0,0.03,0.22,1000.0,0.21,,516231.0,0.16,0.48,99.0,0.47,,,,,,,,,,,,,,2026-07-13
sv03.5-054,Psyduck,054,Common,151,2026-07-14T18:05:08.458Z,EUR,733649.0,0.07,0.02,0.08,0.06,0.08,0.07,0.34,0.02,0.29,0.27,0.28,0.32,2026-07-14T18:05:05.934Z,USD,,,,,,,516231.0,0.03,0.23,1000.0,0.24,0.14,516231.0,0.16,0.49,19.52,0.53,0.31,,,,,,,,,,,,,2026-07-14
sv03.5-175,Psyduck,175,Illustration rare,151,2026-07-08T18:05:11.087Z,EUR,733770.0,57.81,40.0,57.29,45.0,55.26,56.83,,,0.0,,,,2026-07-08T18:05:07.453Z,USD,517035.0,65.0,85.0,5000.0,78.2,66.83,,,,,,,,,,,,,,,,,,,,,,,,,2026-07-08
sv03.5-175,Psyduck,175,Illustration rare,151,2026-07-09T18:05:09.065Z,EUR,733770.0,57.81,40.0,56.13,50.31,54.98,56.71,,,0.0,,,,2026-07-09T18:05:06.607Z,USD,517035.0,66.82,84.99,5000.0,77.04,67.52,,,,,,,,,,,,,,,,,,,,,,,,,2026-07-09
sv03.5-175,Psyduck,175,Illustration rare,151,2026-07-10T18:05:08.528Z,EUR,733770.0,57.81,40.0,55.97,56.49,55.72,56.8,,,0.0,,,,2026-07-10T18:05:06.231Z,USD,517035.0,66.82,83.7,5000.0,75.33,72.62,,,,,,,,,,,,,,,,,,,,,,,,,2026-07-10
sv03.5-175,Psyduck,175,Illustration rare,151,2026-07-11T18:05:08.177Z,EUR,733770.0,57.81,40.0,55.59,56.49,55.72,56.8,,,0.0,,,,2026-07-11T18:05:05.878Z,USD,517035.0,65.99,83.04,5000.0,74.76,74.76,,,,,,,,,,,,,,,,,,,,,,,,,2026-07-11
sv03.5-175,Psyduck,175,Illustration rare,151,2026-07-12T18:05:08.999Z,EUR,733770.0,57.81,38.0,54.84,56.49,55.72,56.8,,,0.0,,,,2026-07-12T18:05:07.183Z,USD,517035.0,65.99,82.99,5000.0,74.75,77.99,,,,,,,,,,,,,,,,,,,,,,,,,2026-07-12
sv03.5-175,Psyduck,175,Illustration rare,151,2026-07-13T18:05:07.999Z,EUR,733770.0,57.81,38.0,54.32,53.66,54.71,57.34,,,0.0,,,,2026-07-13T18:05:06.210Z,USD,517035.0,65.99,83.0,5000.0,74.17,77.99,,,,,,,,,,,,,,,,,,,,,,,,,2026-07-13
sv03.5-175,Psyduck,175,Illustration rare,151,2026-07-14T18:05:08.458Z,EUR,733770.0,57.81,39.99,54.77,53.66,54.71,57.34,,,0.0,,,,2026-07-14T18:05:05.934Z,USD,517035.0,65.99,82.47,5000.0,73.75,78.5,,,,,,,,,,,,,,,,,,,,,,,,,2026-07-14
sv10-045,Misty's Psyduck,045,Uncommon,Destined Rivals,2026-07-08T18:05:11.087Z,EUR,825919.0,0.07,0.02,0.07,0.06,0.07,0.07,0.39,0.02,0.42,0.18,0.42,0.38,2026-07-08T18:05:07.533Z,USD,,,,,,,630812.0,0.01,0.29,19.98,0.25,0.1,630812.0,0.25,1.01,25.0,0.98,0.5,,,,,,,,,,,,,2026-07-08
sv10-045,Misty's Psyduck,045,Uncommon,Destined Rivals,2026-07-09T18:05:09.065Z,EUR,825919.0,0.07,0.02,0.08,0.11,0.07,0.07,0.39,0.02,0.44,0.52,0.41,0.39,2026-07-09T18:05:06.639Z,USD,,,,,,,630812.0,0.01,0.28,19.98,0.25,0.08,630812.0,0.25,1.01,25.0,0.93,0.88,,,,,,,,,,,,,2026-07-09
sv10-045,Misty's Psyduck,045,Uncommon,Destined Rivals,2026-07-10T18:05:08.528Z,EUR,825919.0,0.07,0.02,0.08,0.1,0.07,0.07,0.39,0.02,0.48,0.78,0.45,0.42,2026-07-10T18:05:06.276Z,USD,,,,,,,630812.0,0.01,0.28,19.98,0.27,0.24,630812.0,0.2,1.0,25.0,0.91,1.01,,,,,,,,,,,,,2026-07-10
sv10-045,Misty's Psyduck,045,Uncommon,Destined Rivals,2026-07-11T18:05:08.177Z,EUR,825919.0,0.07,0.02,0.08,0.1,0.07,0.07,0.39,0.02,0.46,0.78,0.45,0.42,2026-07-11T18:05:05.928Z,USD,,,,,,,630812.0,0.01,0.29,19.98,0.28,0.22,630812.0,0.25,1.0,25.0,0.86,0.96,,,,,,,,,,,,,2026-07-11
sv10-045,Misty's Psyduck,045,Uncommon,Destined Rivals,2026-07-12T18:05:08.999Z,EUR,825919.0,0.07,0.02,0.08,0.1,0.07,0.07,0.39,0.02,0.42,0.78,0.45,0.42,2026-07-12T18:05:07.246Z,USD,,,,,,,630812.0,0.01,0.29,19.98,0.29,0.23,630812.0,0.24,1.0,25.0,0.82,1.01,,,,,,,,,,,,,2026-07-12
sv10-045,Misty's Psyduck,045,Uncommon,Destined Rivals,2026-07-13T18:05:07.846Z,EUR,825919.0,0.07,0.02,0.07,0.05,0.06,0.07,0.43,0.02,0.43,0.42,0.42,0.43,2026-07-13T18:05:06.294Z,USD,,,,,,,630812.0,0.01,0.3,19.98,0.32,0.17,630812.0,0.25,0.98,25.0,0.8,1.31,,,,,,,,,,,,,2026-07-13
sv10-045,Misty's Psyduck,045,Uncommon,Destined Rivals,2026-07-14T18:05:08.458Z,EUR,825919.0,0.07,0.02,0.07,0.05,0.06,0.07,0.43,0.02,0.42,0.42,0.42,0.43,2026-07-14T18:05:05.964Z,USD,,,,,,,630812.0,0.01,0.29,19.98,0.28,0.14,630812.0,0.25,1.0,25.0,0.92,1.34,,,,,,,,,,,,,2026-07-14
sv10-193,Misty's Psyduck,193,Illustration rare,Destined Rivals,2026-07-08T18:05:11.087Z,EUR,826067.0,57.7,24.99,53.85,41.68,54.31,55.55,,,0.0,,,,2026-07-08T18:05:07.533Z,USD,632993.0,65.0,80.0,550.0,71.24,79.83,,,,,,,,,,,,,,,,,,,,,,,,,2026-07-08
sv10-193,Misty's Psyduck,193,Illustration rare,Destined Rivals,2026-07-09T18:05:09.065Z,EUR,826067.0,57.7,24.9,54.66,53.91,49.24,55.29,,,0.0,,,,2026-07-09T18:05:06.639Z,USD,632993.0,68.7,80.0,550.0,70.97,79.75,,,,,,,,,,,,,,,,,,,,,,,,,2026-07-09
sv10-193,Misty's Psyduck,193,Illustration rare,Destined Rivals,2026-07-10T18:05:08.528Z,EUR,826067.0,57.7,24.9,54.9,55.7,50.78,55.23,,,0.0,,,,2026-07-10T18:05:06.276Z,USD,632993.0,66.01,79.89,550.0,68.99,72.07,,,,,,,,,,,,,,,,,,,,,,,,,2026-07-10
sv10-193,Misty's Psyduck,193,Illustration rare,Destined Rivals,2026-07-11T18:05:08.177Z,EUR,826067.0,57.7,24.0,59.66,55.7,50.78,55.23,,,0.0,,,,2026-07-11T18:05:05.928Z,USD,632993.0,62.94,79.2,550.0,68.61,72.99,,,,,,,,,,,,,,,,,,,,,,,,,2026-07-11
sv10-193,Misty's Psyduck,193,Illustration rare,Destined Rivals,2026-07-12T18:05:08.999Z,EUR,826067.0,57.7,25.0,64.01,55.7,50.78,55.23,,,0.0,,,,2026-07-12T18:05:07.246Z,USD,632993.0,68.51,78.99,550.0,68.4,69.99,,,,,,,,,,,,,,,,,,,,,,,,,2026-07-12
sv10-193,Misty's Psyduck,193,Illustration rare,Destined Rivals,2026-07-13T18:05:07.999Z,EUR,826067.0,57.7,24.0,63.05,52.28,71.71,58.67,,,0.0,,,,2026-07-13T18:05:06.294Z,USD,632993.0,67.68,78.7,550.0,68.3,72.04,,,,,,,,,,,,,,,,,,,,,,,,,2026-07-13
sv10-193,Misty's Psyduck,193,Illustration rare,Destined Rivals,2026-07-14T18:05:08.458Z,EUR,826067.0,57.7,24.0,61.47,52.28,71.71,58.67,,,0.0,,,,2026-07-14T18:05:05.964Z,USD,632993.0,65.54,78.42,550.0,68.78,72.97,,,,,,,,,,,,,,,,,,,,,,,,,2026-07-14
swsh10-028,Psyduck,028,Common,Astral Radiance,2026-07-08T18:05:10.686Z,EUR,658533.0,0.08,0.02,0.09,0.06,0.06,0.08,0.26,0.02,0.29,0.39,0.41,0.3,2026-07-08T18:05:07.396Z,USD,,,,,,,272228.0,0.01,0.25,19.98,0.23,,272228.0,0.14,0.46,19.98,0.47,,,,,,,,,,,,,,2026-07-08
swsh10-028,Psyduck,028,Common,Astral Radiance,2026-07-09T18:05:09.065Z,EUR,658533.0,0.08,0.02,0.08,0.03,0.06,0.08,0.26,0.02,0.32,0.49,0.43,0.31,2026-07-09T18:05:06.573Z,USD,,,,,,,272228.0,0.01,0.25,19.98,0.23,,272228.0,0.14,0.46,19.98,0.52,,,,,,,,,,,,,,2026-07-09
swsh10-028,Psyduck,028,Common,Astral Radiance,2026-07-10T18:05:08.528Z,EUR,658533.0,0.08,0.02,0.09,0.13,0.07,0.08,0.26,0.02,0.33,0.25,0.43,0.3,2026-07-10T18:05:06.198Z,USD,,,,,,,272228.0,0.01,0.25,19.98,0.24,,272228.0,0.15,0.49,19.98,0.51,,,,,,,,,,,,,,2026-07-10
swsh10-028,Psyduck,028,Common,Astral Radiance,2026-07-11T18:05:08.177Z,EUR,658533.0,0.08,0.02,0.08,0.13,0.07,0.08,0.26,0.02,0.34,0.25,0.43,0.3,2026-07-11T18:05:05.834Z,USD,,,,,,,272228.0,0.01,0.25,19.98,0.22,,272228.0,0.15,0.49,19.98,0.53,,,,,,,,,,,,,,2026-07-11
swsh10-028,Psyduck,028,Common,Astral Radiance,2026-07-12T18:05:08.999Z,EUR,658533.0,0.08,0.02,0.09,0.13,0.07,0.08,0.26,0.02,0.33,0.25,0.43,0.3,2026-07-12T18:05:07.150Z,USD,,,,,,,272228.0,0.01,0.25,19.98,0.25,,272228.0,0.15,0.49,19.98,0.5,,,,,,,,,,,,,,2026-07-12
swsh10-028,Psyduck,028,Common,Astral Radiance,2026-07-13T18:05:07.999Z,EUR,658533.0,0.08,0.02,0.09,0.13,0.08,0.08,0.26,0.02,0.36,0.53,0.36,0.32,2026-07-13T18:05:06.175Z,USD,,,,,,,272228.0,0.01,0.25,19.98,0.23,,272228.0,0.15,0.47,19.98,0.5,,,,,,,,,,,,,,2026-07-13
swsh10-028,Psyduck,028,Common,Astral Radiance,2026-07-14T18:05:08.458Z,EUR,658533.0,0.08,0.02,0.08,0.13,0.08,0.08,0.26,0.02,0.36,0.53,0.36,0.32,2026-07-14T18:05:05.895Z,USD,,,,,,,272228.0,0.01,0.25,19.98,0.25,,272228.0,0.15,0.49,19.98,0.5,,,,,,,,,,,,,,2026-07-14
swsh7-24,Psyduck,24,Common,Evolving Skies,2026-07-08T18:05:11.087Z,EUR,574048.0,0.08,0.02,0.07,0.09,0.06,0.08,0.34,0.05,0.49,0.23,0.48,0.4,2026-07-08T18:05:07.345Z,USD,,,,,,,246816.0,0.04,0.25,19.92,0.23,0.1,246816.0,0.15,0.5,19.98,0.46,,,,,,,,,,,,,,2026-07-08
swsh7-24,Psyduck,24,Common,Evolving Skies,2026-07-09T18:05:09.065Z,EUR,574048.0,0.08,0.02,0.09,0.13,0.08,0.07,0.34,0.05,0.46,0.2,0.49,0.39,2026-07-09T18:05:06.557Z,USD,,,,,,,246816.0,0.04,0.25,19.92,0.29,,246816.0,0.15,0.5,19.98,0.49,,,,,,,,,,,,,,2026-07-09
swsh7-24,Psyduck,24,Common,Evolving Skies,2026-07-10T18:05:08.528Z,EUR,574048.0,0.08,0.02,0.12,0.31,0.12,0.08,0.34,0.05,0.44,0.32,0.47,0.39,2026-07-10T18:05:06.187Z,USD,,,,,,,246816.0,0.04,0.28,19.92,0.3,0.15,246816.0,0.15,0.5,19.98,0.49,,,,,,,,,,,,,,2026-07-10
swsh7-24,Psyduck,24,Common,Evolving Skies,2026-07-11T18:05:08.177Z,EUR,574048.0,0.08,0.02,0.13,0.31,0.12,0.08,0.34,0.05,0.43,0.32,0.47,0.39,2026-07-11T18:05:05.814Z,USD,,,,,,,246816.0,0.04,0.29,19.92,0.31,0.15,246816.0,0.15,0.5,4321.0,0.48,,,,,,,,,,,,,,2026-07-11
swsh7-24,Psyduck,24,Common,Evolving Skies,2026-07-12T18:05:08.999Z,EUR,574048.0,0.08,0.02,0.13,0.31,0.12,0.08,0.34,0.05,0.43,0.32,0.47,0.39,2026-07-12T18:05:07.133Z,USD,,,,,,,246816.0,0.04,0.29,19.92,0.29,0.15,246816.0,0.15,0.5,4321.0,0.48,,,,,,,,,,,,,,2026-07-12
swsh7-24,Psyduck,24,Common,Evolving Skies,2026-07-13T18:05:07.901Z,EUR,574048.0,0.08,0.02,0.13,0.17,0.13,0.08,0.34,0.05,0.42,0.4,0.28,0.41,2026-07-13T18:05:06.156Z,USD,,,,,,,246816.0,0.04,0.29,19.92,0.28,,246816.0,0.15,0.51,4321.0,0.53,,,,,,,,,,,,,,2026-07-13
swsh7-24,Psyduck,24,Common,Evolving Skies,2026-07-14T18:05:08.458Z,EUR,574048.0,0.08,0.02,0.13,0.17,0.13,0.08,0.34,0.05,0.42,0.4,0.28,0.41,2026-07-14T18:05:05.874Z,USD,,,,,,,246816.0,0.04,0.29,19.92,0.3,,246816.0,0.15,0.53,4321.0,0.53,,,,,,,,,,,,,,2026-07-14
xy9-16,Psyduck,16,Common,BREAKpoint,2026-07-08T18:05:10.691Z,EUR,288191.0,0.86,0.02,0.79,0.5,0.79,0.83,14.84,0.08,24.55,69.95,20.98,9.6,2026-07-08T18:05:07.121Z,USD,,,,,,,111519.0,0.31,1.36,19.99,1.38,,111519.0,4.0,13.78,199.9,13.89,,,,,,,,,,,,,,2026-07-08
xy9-16,Psyduck,16,Common,BREAKpoint,2026-07-09T18:05:09.065Z,EUR,288191.0,0.86,0.02,0.79,0.5,0.79,0.83,14.84,0.08,24.55,69.95,20.98,9.6,2026-07-09T18:05:06.417Z,USD,,,,,,,111519.0,0.31,1.37,19.99,1.39,,111519.0,4.0,12.5,199.9,14.16,,,,,,,,,,,,,,2026-07-09
xy9-16,Psyduck,16,Common,BREAKpoint,2026-07-10T18:05:08.528Z,EUR,288191.0,0.86,0.02,0.79,0.47,0.79,0.8,14.84,0.08,24.55,69.95,20.98,9.6,2026-07-10T18:05:06.042Z,USD,,,,,,,111519.0,0.31,1.3,19.99,1.38,,111519.0,4.0,13.85,199.9,14.16,,,,,,,,,,,,,,2026-07-10
xy9-16,Psyduck,16,Common,BREAKpoint,2026-07-11T18:05:08.177Z,EUR,288191.0,0.86,0.02,0.79,0.47,0.79,0.8,14.84,0.08,24.55,69.95,20.98,9.6,2026-07-11T18:05:05.696Z,USD,,,,,,,111519.0,0.31,1.3,19.99,1.39,,111519.0,4.0,13.54,199.9,14.16,,,,,,,,,,,,,,2026-07-11
xy9-16,Psyduck,16,Common,BREAKpoint,2026-07-12T18:05:08.999Z,EUR,288191.0,0.86,0.02,0.79,0.47,0.79,0.8,14.84,0.08,21.5,69.95,20.98,9.6,2026-07-12T18:05:06.994Z,USD,,,,,,,111519.0,0.31,1.28,19.99,1.41,,111519.0,4.0,13.18,199.9,14.16,,,,,,,,,,,,,,2026-07-12
xy9-16,Psyduck,16,Common,BREAKpoint,2026-07-13T18:05:07.901Z,EUR,288191.0,0.86,0.02,0.77,0.57,0.71,0.77,14.84,0.08,21.5,1.0,19.43,9.79,2026-07-13T18:05:05.940Z,USD,,,,,,,111519.0,0.31,1.28,19.99,1.39,,111519.0,4.0,13.25,199.9,14.16,,,,,,,,,,,,,,2026-07-13
xy9-16,Psyduck,16,Common,BREAKpoint,2026-07-14T18:05:08.458Z,EUR,288191.0,0.86,0.02,0.91,0.57,0.71,0.77,14.84,0.08,21.5,1.0,19.43,9.79,2026-07-14T18:05:05.668Z,USD,,,,,,,111519.0,0.31,1.28,19.99,1.39,,111519.0,4.0,13.25,199.9,14.16,,,,,,,,,,,,,,2026-07-14
