id,name,localId,rarity,supertype,subtypes,set,tp_updated,tp_unit,cm_updated,cm_unit,cm_idProduct,cm_avg,cm_low,cm_trend,cm_avg1,cm_avg7,cm_avg30,cm_avg_holo,cm_low_holo,cm_trend_holo,cm_avg1_holo,cm_avg7_holo,cm_avg30_holo,tp_holofoil_productId,tp_holofoil_lowPrice,tp_holofoil_midPrice,tp_holofoil_highPrice,tp_holofoil_marketPrice,tp_holofoil_directLowPrice,tp_normal_productId,tp_normal_lowPrice,tp_normal_midPrice,tp_normal_highPrice,tp_normal_marketPrice,tp_normal_directLowPrice,tp_reverse_holofoil_productId,tp_reverse_holofoil_lowPrice,tp_reverse_holofoil_midPrice,tp_reverse_holofoil_highPrice,tp_reverse_holofoil_marketPrice,tp_reverse_holofoil_directLowPrice,tp_1st_edition_productId,tp_1st_edition_lowPrice,tp_1st_edition_midPrice,tp_1st_edition_highPrice,tp_1st_edition_marketPrice,tp_1st_edition_directLowPrice,tp_unlimited_productId,tp_unlimited_lowPrice,tp_unlimited_midPrice,tp_unlimited_highPrice,tp_unlimited_marketPrice,tp_unlimited_directLowPrice
basep-1,Pikachu,1,Common,,,Wizards Black Star Promos,,,,,,,,,,,,,,,,,,,,,,,,,,,,,,,,,,,,,,,,,,,,,,,
fut2020-1,Pikachu on the Ball,1,None,,,Pokémon Futsal 2020,,,2026-07-30T08:03:05.732Z,EUR,506930.0,125.0,115.0,179.58,179.99,157.1,175.86,,,0.0,,,,,,,,,,,,,,,,,,,,,,,,,,,,,,,,,
2024sv-2,Pikachu,2,None,,,McDonald's Collection 2024,,,2026-07-30T08:03:05.732Z,EUR,802824.0,1.91,0.05,0.28,1.49,1.51,1.91,,,0.0,,,,,,,,,,,,,,,,,,,,,,,,,,,,,,,,,
basep-4,Pikachu,4,Common,,,Wizards Black Star Promos,,,,,,,,,,,,,,,,,,,,,,,,,,,,,,,,,,,,,,,,,,,,,,,
2018sm-4,Pikachu,4,None,,,McDonald's Collection 2018,2026-07-30T08:03:05.055Z,USD,2026-07-30T08:03:05.483Z,EUR,366772.0,12.74,1.0,12.49,4.0,13.3,10.02,,,5.68,3.99,6.1,3.7,180452.0,25.49,33.4,309.8,39.21,,,,,,,,,,,,,,,,,,,,,,,,,
2017sm-5,Pikachu,5,None,,,McDonald's Collection 2017,2026-07-30T08:03:04.889Z,USD,2026-07-30T08:03:05.953Z,EUR,301847.0,12.6,1.0,15.31,21.2,13.87,11.41,,,10.21,15.45,9.59,6.48,152685.0,14.22,30.89,300.8,28.16,,,,,,,,,,,,,,,,,,,,,,,,,
2014xy-5,Pikachu,5,None,,,McDonald's Collection 2014,2026-07-30T08:03:04.407Z,USD,2026-07-30T08:03:05.968Z,EUR,281657.0,6.25,3.5,1.76,2.5,6.08,8.38,,,12.9,14.0,9.21,7.04,110410.0,34.49,139.99,700.99,38.54,,,,,,,,,,,,,,,,,,,,,,,,,
cel25-5,Pikachu,5,Holo Rare,,,Celebrations,2026-07-30T08:03:05.420Z,USD,2026-07-30T08:03:05.483Z,EUR,576750.0,5.29,0.5,4.64,4.4,5.05,5.08,,,0.0,,,,250303.0,2.98,7.42,1000.0,5.67,5.89,,,,,,,,,,,,,,,,,,,,,,,,
ex5.5-5,Pikachu,5,None,,,Poké Card Creator Pack,,,2026-07-30T08:03:05.732Z,EUR,605996.0,400.0,40000.0,400.0,400.0,400.0,400.0,,,0.0,,,,,,,,,,,,,,,,,,,,,,,,,,,,,,,,,
2016xy-6,Pikachu,6,None,,,McDonald's Collection 2016,2026-07-30T08:03:04.752Z,USD,2026-07-30T08:03:05.968Z,EUR,295142.0,24.8,1.4,17.42,10.45,14.37,16.07,,,6.09,3.5,6.0,4.69,275062.0,69.99,86.22,119.98,11.0,,,,,,,,,,,,,,,,,,,,,,,,,
2019sm-6,Pikachu,6,None,,,McDonald's Collection 2019,2026-07-30T08:03:05.105Z,USD,2026-07-30T08:03:05.732Z,EUR,412874.0,8.2,0.5,8.53,20.0,8.65,10.39,,,8.67,5.0,11.67,9.23,200967.0,28.5,55.0,497.61,34.1,449.99,,,,,,,,,,,,,,,,,,,,,,,,
2015xy-6,Pikachu,6,None,,,McDonald's Collection 2015,2026-07-30T08:03:04.590Z,USD,2026-07-30T08:03:05.968Z,EUR,293322.0,27.09,1.75,21.29,30.0,21.07,14.68,,,10.31,20.0,9.54,9.62,110424.0,21.5,36.01,9999.0,34.72,,,,,,,,,,,,,,,,,,,,,,,,,
2023sv-6,Pikachu,6,None,,,McDonald's Collection 2023,,,2026-07-30T08:03:05.968Z,EUR,725423.0,1.78,0.15,1.63,1.26,1.64,1.74,,,0.0,,,,,,,,,,,,,,,,,,,,,,,,,,,,,,,,,
cel25-6,Flying Pikachu V,6,Holo Rare V,,,Celebrations,2026-07-30T08:03:05.420Z,USD,2026-07-30T08:03:05.968Z,EUR,576751.0,3.39,1.99,4.12,11.6,4.47,3.58,,,0.0,,,,250304.0,3.0,4.9,49.99,4.09,4.73,,,,,,,,,,,,,,,,,,,,,,,,
tk-ex-latio-6,Pikachu,6,None,,,EX trainer Kit (Latios),2026-07-30T08:03:02.987Z,USD,,,,,,,,,,,,,,,,,,,,,,88079.0,3.7,7.7,58.41,7.72,,,,,,,,,,,,,,,,,,,
2022swsh-7,Pikachu,7,None,,,McDonald's Collection 2022,,,2026-07-30T08:03:05.732Z,EUR,670472.0,1.7,0.1,1.57,1.68,1.54,1.57,,,0.0,,,,,,,,,,,,,,,,,,,,,,,,,,,,,,,,,
ru1-7,Pikachu,7,None,,,Pokémon Rumble,,,2026-07-30T08:03:05.968Z,EUR,278848.0,1499.99,275.0,1296.19,1499.99,1345.7,590.15,,500.0,41.46,39.99,37.71,16.09,,,,,,,,,,,,,,,,,,,,,,,,,,,,,,
cel25-7,Flying Pikachu VMAX,7,Holo Rare VMAX,,,Celebrations,2026-07-30T08:03:05.420Z,USD,2026-07-30T08:03:05.968Z,EUR,576752.0,6.62,2.0,5.31,4.92,5.56,6.09,,,0.0,,,,250305.0,5.69,9.23,1000.0,7.63,6.35,,,,,,,,,,,,,,,,,,,,,,,,
cel25-8,Surfing Pikachu V,8,Holo Rare V,,,Celebrations,2026-07-30T08:03:05.420Z,USD,2026-07-30T08:03:05.968Z,EUR,576753.0,3.68,1.47,3.45,4.23,3.67,3.46,,,0.0,,,,250306.0,3.44,5.49,125.0,4.2,4.76,,,,,,,,,,,,,,,,,,,,,,,,
pop6-9,Pikachu,9,Common,,,POP Series 6,2026-07-30T08:03:03.601Z,USD,2026-07-30T08:03:05.968Z,EUR,277894.0,26.22,7.5,20.81,10.85,13.9,23.07,,,11.78,9.95,9.56,4.91,88087.0,93.69,126.44,798.52,135.0,599.99,88087.0,139.99,545.0,1399.9,95.12,,,,,,,,,,,,,,,,,,,
cel25-9,Surfing Pikachu VMAX,9,Holo Rare VMAX,,,Celebrations,2026-07-30T08:03:05.420Z,USD,2026-07-30T08:03:05.968Z,EUR,576754.0,5.82,3.33,5.5,5.03,5.92,5.74,,,0.0,,,,250307.0,6.0,9.01,100.0,8.0,7.67,,,,,,,,,,,,,,,,,,,,,,,,
P-A-009,Pikachu,009,None,,,Promos-A,,,,,,,,,,,,,,,,,,,,,,,,,,,,,,,,,,,,,,,,,,,,,,,
det1-10,Detective Pikachu,10,Rare,,,Detective Pikachu,2026-07-30T08:03:05.080Z,USD,2026-07-30T08:03:05.968Z,EUR,370774.0,12.45,0.99,8.59,6.26,9.21,12.3,12.0,5.0,10.13,12.0,9.14,9.77,186015.0,4.86,13.18,98.83,13.8,19.77,,,,,,,,,,,,,,,,,,,,,,,,
np-12,Pikachu,12,Common,,,Nintendo Black Star Promos,,,,,,,,,,,,,,,,,,,,,,,,,,,,,,,,,,,,,,,,,,,,,,,
pop5-12,Pikachu,12,Common,,,POP Series 5,2026-07-30T08:03:03.325Z,USD,2026-07-30T08:03:05.968Z,EUR,277494.0,90.0,20.0,98.96,30.0,74.2,75.51,,20.0,194.06,315.0,120.43,68.91,88085.0,350.0,350.0,350.0,434.85,,88085.0,52.99,178.34,456.32,62.87,456.32,,,,,,,,,,,,,,,,,,
pop4-13,Pikachu,13,Common,,,POP Series 4,2026-07-30T08:03:03.251Z,USD,2026-07-30T08:03:05.732Z,EUR,277478.0,45.99,5.0,53.15,22.0,56.0,37.07,,50.0,18.56,20.0,17.0,12.02,88083.0,345.0,999.99,9999.0,62.16,,88083.0,39.99,48.75,300.0,33.95,,,,,,,,,,,,,,,,,,,
pop5-13,Pikachu δ,13,Common,,,POP Series 5,,,2026-07-30T08:03:05.968Z,EUR,277495.0,33.75,15.0,26.51,20.0,35.11,35.14,,15.0,0.0,,,,,,,,,,,,,,,,,,,,,,,,,,,,,,,,,
tk-sm-r-14,Pikachu,14,None,,,SM trainer Kit (Alolan Raichu),2026-07-30T08:03:04.883Z,USD,,,,,,,,,,,,,,,,,,,,,,152868.0,0.45,0.96,19.98,0.89,,,,,,,,,,,,,,,,,,,
tk-xy-p-14,Pikachu Libre,14,None,,,XY trainer Kit (Pikachu Libre),2026-07-30T08:03:04.674Z,USD,,,,,,,,,,,,,,,,,,,,,,118819.0,10.5,21.79,84.7,21.27,,,,,,,,,,,,,,,,,,,
pop9-15,Pikachu,15,Common,,,POP Series 9,2026-07-30T08:03:03.707Z,USD,2026-07-30T08:03:05.968Z,EUR,278566.0,14.4,3.5,30.59,19.38,28.06,18.31,,,14.35,10.0,16.43,11.9,,,,,,,88092.0,14.99,20.56,4319.69,19.92,194.37,,,,,,,,,,,,,,,,,,
P-A-015,Pikachu,015,None,,,Promos-A,,,,,,,,,,,,,,,,,,,,,,,,,,,,,,,,,,,,,,,,,,,,,,,
pop2-16,Pikachu,16,Common,,,POP Series 2,2026-07-30T08:03:03.181Z,USD,2026-07-30T08:03:05.968Z,EUR,277447.0,18.44,7.5,57.86,18.0,58.99,31.8,,,8.61,8.5,7.83,7.83,,,,,,,88081.0,47.99,65.0,360.0,50.3,,,,,,,,,,,,,,,,,,,
mfb-17,Pikachu,17,None,,,My First Battle,,,2026-07-30T08:03:05.732Z,EUR,742000.0,11.8,2.9,11.84,9.99,10.7,7.25,,,0.0,,,,,,,,,,,,,,,,,,,,,,,,,,,,,,,,,
sv04.5-018,Pikachu,018,Common,,,Paldean Fates,2026-07-30T08:03:05.809Z,USD,2026-07-30T08:03:05.732Z,EUR,751545.0,0.07,0.02,0.05,0.04,0.07,0.08,0.22,0.02,0.19,0.18,0.19,0.22,,,,,,,534163.0,0.02,0.27,20.0,0.3,0.1,534163.0,0.01,0.35,10.0,0.33,0.39,,,,,,,,,,,,
sm115-19,Pikachu,19,Common,,,Hidden Fates,2026-07-30T08:03:05.100Z,USD,2026-07-30T08:03:05.968Z,EUR,394592.0,0.81,0.07,0.8,0.86,0.93,0.78,6.12,4.99,6.07,6.39,5.48,5.72,,,,,,,197663.0,0.35,1.07,19.42,0.96,0.99,197663.0,4.99,8.94,8000.0,8.93,7.0,,,,,,,,,,,,
xy6-20,Pikachu,20,Common,,,Roaring Skies,2026-07-30T08:03:04.568Z,USD,2026-07-30T08:03:05.732Z,EUR,282688.0,1.95,0.02,1.86,1.9,2.05,1.95,12.1,1.0,10.4,7.85,12.53,8.34,,,,,,,98056.0,0.25,1.17,18.18,1.46,1.99,98056.0,3.06,7.19,99.5,6.66,3.5,,,,,,,,,,,,
A2b-022,Pikachu ex,022,Four Diamond,,,Shining Revelry,,,,,,,,,,,,,,,,,,,,,,,,,,,,,,,,,,,,,,,,,,,,,,,
basep-24,___________'s Pikachu,24,Common,,,Wizards Black Star Promos,,,,,,,,,,,,,,,,,,,,,,,,,,,,,,,,,,,,,,,,,,,,,,,
basep-25,Flying Pikachu,25,Common,,,Wizards Black Star Promos,,,,,,,,,,,,,,,,,,,,,,,,,,,,,,,,,,,,,,,,,,,,,,,
sv03.5-025,Pikachu,025,Common,,,151,2026-07-30T08:03:05.788Z,USD,2026-07-30T08:03:05.732Z,EUR,733620.0,0.2,0.02,0.04,0.12,0.12,0.2,0.47,0.04,0.78,0.34,0.67,0.52,,,,,,,517033.0,0.01,0.26,19.98,0.26,0.25,517033.0,0.2,0.81,19.34,0.72,0.75,,,,,,,,,,,,
2021swsh-25,Pikachu,25,None,,,McDonald's Collection 2021,,,2026-07-30T08:03:05.732Z,EUR,539018.0,2.07,0.1,2.24,2.02,1.8,2.05,,,25.1,28.39,26.7,28.1,,,,,,,,,,,,,,,,,,,,,,,,,,,,,,
A1a-025,Pikachu,025,One Diamond,,,Mythical Island,,,,,,,,,,,,,,,,,,,,,,,,,,,,,,,,,,,,,,,,,,,,,,,
A2a-025,Pikachu,025,One Diamond,,,Triumphant Light,,,,,,,,,,,,,,,,,,,,,,,,,,,,,,,,,,,,,,,,,,,,,,,
basep-26,Pikachu,26,Common,,,Wizards Black Star Promos,,,,,,,,,,,,,,,,,,,,,,,,,,,,,,,,,,,,,,,,,,,,,,,
P-A-026,Pikachu,026,None,,,Promos-A,,,,,,,,,,,,,,,,,,,,,,,,,,,,,,,,,,,,,,,,,,,,,,,
g1-26,Pikachu,26,Common,,,Generations,2026-07-30T08:03:04.639Z,USD,2026-07-30T08:03:05.732Z,EUR,288464.0,3.57,0.5,3.63,2.0,3.88,3.57,12.98,2.5,16.91,10.0,11.43,13.83,,,,,,,113684.0,1.44,3.59,96.95,4.12,4.47,113684.0,9.48,23.97,149.99,15.67,,,,,,,,,,,,,
basep-27,Pikachu,27,Common,,,Wizards Black Star Promos,,,,,,,,,,,,,,,,,,,,,,,,,,,,,,,,,,,,,,,,,,,,,,,
svp-027,Pikachu,027,Promo,,,SVP Black Star Promos,,,2026-07-30T08:03:05.732Z,EUR,703195.0,27.28,10.0,22.64,24.47,23.78,27.0,,,0.0,,,,,,,,,,,,,,,,,,,,,,,,,,,,,,,,,
swsh10.5-027,Pikachu,027,Common,,,Pokémon GO,2026-07-30T08:03:05.654Z,USD,2026-07-30T08:03:05.732Z,EUR,665260.0,0.14,0.02,0.12,0.06,0.1,0.11,0.53,0.02,0.42,0.58,0.49,0.53,,,,,,,276946.0,0.1,0.35,25.0,0.32,0.4,276946.0,0.09,0.9,19.98,0.84,,,,,,,,,,,,,
xy3-27,Pikachu,27,Common,,,Furious Fists,2026-07-30T08:03:04.468Z,USD,2026-07-30T08:03:05.732Z,EUR,281691.0,5.15,0.15,6.08,5.0,5.71,4.78,13.0,0.75,11.77,18.75,11.56,13.34,,,,,,,92202.0,1.69,5.08,89.99,5.14,6.97,92202.0,7.4,16.16,96.93,16.97,96.93,,,,,,,,,,,,
basep-28,Surfing Pikachu,28,Common,,,Wizards Black Star Promos,,,,,,,,,,,,,,,,,,,,,,,,,,,,,,,,,,,,,,,,,,,,,,,
sv08.5-028,Pikachu ex,028,Double rare,,,Prismatic Evolutions,2026-07-30T08:03:05.911Z,USD,2026-07-30T08:03:05.732Z,EUR,805417.0,2.75,0.6,2.7,2.8,2.68,2.76,,,0.0,,,,610383.0,1.25,2.73,999.0,2.47,3.4,,,,,,,,,,,,,,,,,,,,,,,,
swsh10.5-028,Pikachu,028,Holo Rare,,,Pokémon GO,2026-07-30T08:03:05.654Z,USD,2026-07-30T08:03:05.968Z,EUR,665261.0,0.66,0.09,0.7,0.84,0.69,0.66,1.47,0.2,1.54,2.24,1.56,1.55,274461.0,0.7,1.83,96.85,1.72,2.15,,,,,,,274461.0,0.95,2.56,19.12,2.56,,,,,,,,,,,,,
sm3.5-28,Pikachu,28,Common,,,Shining Legends,2026-07-30T08:03:04.944Z,USD,2026-07-30T08:03:05.732Z,EUR,302166.0,1.91,0.14,3.03,1.97,3.68,2.27,6.77,1.0,6.32,3.5,5.07,5.69,,,,,,,146682.0,0.47,2.09,5.99,2.09,2.4,146682.0,6.27,13.8,8000.0,12.53,,,,,,,,,,,,,
tk-sm-r-29,Pikachu,29,None,,,SM trainer Kit (Alolan Raichu),2026-07-30T08:03:04.883Z,USD,,,,,,,,,,,,,,,,,,,,,,152869.0,0.5,1.32,19.98,1.31,,,,,,,,,,,,,,,,,,,
sm4-30,Pikachu,30,Common,,,Crimson Invasion,2026-07-30T08:03:04.956Z,USD,2026-07-30T08:03:05.968Z,EUR,311880.0,1.65,0.05,1.36,0.57,1.36,1.39,7.66,4.2,6.91,4.5,6.26,6.68,,,,,,,149053.0,1.0,3.04,96.95,3.13,,149053.0,8.68,15.0,149.99,14.56,16.99,,,,,,,,,,,,
tk-xy-p-30,Pikachu Libre,30,None,,,XY trainer Kit (Pikachu Libre),2026-07-30T08:03:04.674Z,USD,,,,,,,,,,,,,,,,118820.0,29.47,63.27,599.9,53.18,,,,,,,,,,,,,,,,,,,,,,,,,
sm9-33,Pikachu & Zekrom GX,33,Ultra Rare,,,Team Up,2026-07-30T08:03:05.071Z,USD,2026-07-30T08:03:05.953Z,EUR,366888.0,92.19,13.0,28.98,71.2,59.04,108.34,,,6.15,4.83,6.13,6.44,183804.0,50.0,74.92,999.99,62.33,59.0,,,,,,,,,,,,,,,,,,,,,,,,
np-35,Pikachu δ,35,Common,,,Nintendo Black Star Promos,,,,,,,,,,,,,,,,,,,,,,,,,,,,,,,,,,,,,,,,,,,,,,,
xy12-35,Pikachu,35,Common,,,Evolutions,2026-07-30T08:03:04.756Z,USD,2026-07-30T08:03:05.968Z,EUR,293392.0,1.35,0.02,1.19,0.97,0.85,1.16,6.15,0.99,6.72,4.91,5.3,5.6,,,,,,,124048.0,0.16,0.95,19.95,1.04,0.8,124048.0,2.81,6.51,29.95,6.24,3.14,,,,,,,,,,,,
bw4-39,Pikachu,39,Common,,,Next Destinies,2026-07-30T08:03:04.049Z,USD,2026-07-30T08:03:05.968Z,EUR,280264.0,2.71,0.05,1.8,4.75,2.76,2.86,15.03,0.5,13.44,1.2,14.16,14.31,,,,,,,88102.0,2.75,4.98,10.0,4.87,5.35,88102.0,21.46,28.9,299.9,24.35,,,,,,,,,,,,,
sm3-40,Pikachu,40,Common,,,Burning Shadows,2026-07-30T08:03:04.923Z,USD,2026-07-30T08:03:05.968Z,EUR,299444.0,0.96,0.02,0.78,1.37,0.87,0.95,3.04,0.5,3.3,2.59,3.31,4.53,,,,,,,138522.0,0.25,1.0,19.46,1.06,,138522.0,0.35,5.9,60.34,5.89,7.39,,,,,,,,,,,,
xy1-42,Pikachu,42,Common,,,XY,2026-07-30T08:03:04.323Z,USD,2026-07-30T08:03:05.732Z,EUR,281379.0,6.87,0.09,3.43,0.53,2.81,6.65,18.67,6.5,14.32,18.0,14.35,11.79,,,,,,,88106.0,0.75,2.99,29.99,2.99,3.94,88106.0,19.95,19.99,100.0,13.08,,,,,,,,,,,,,
swsh4-43,Pikachu V,43,Holo Rare V,,,Vivid Voltage,2026-07-30T08:03:05.172Z,USD,2026-07-30T08:03:05.732Z,EUR,511635.0,2.53,0.99,2.58,2.35,2.31,2.53,,,3.27,2.82,3.33,3.49,226430.0,0.85,2.91,50.0,2.61,3.14,,,,,,,,,,,,,,,,,,,,,,,,
ex4-43,Pikachu,43,Common,,,Team Magma vs Team Aqua,2026-07-30T08:03:02.945Z,USD,2026-07-30T08:03:05.968Z,EUR,276020.0,7.74,1.0,8.72,6.4,8.42,7.22,,25.0,76.03,17.0,85.75,45.9,,,,,,,88077.0,15.01,31.98,991.74,22.17,,88077.0,149.99,250.0,298.99,73.6,,,,,,,,,,,,,
swsh4-44,Pikachu VMAX,44,Holo Rare VMAX,,,Vivid Voltage,2026-07-30T08:03:05.172Z,USD,2026-07-30T08:03:05.968Z,EUR,511640.0,11.74,3.9,9.01,9.0,8.42,11.91,,,25.71,24.49,26.2,26.19,226432.0,9.99,13.8,500.0,13.83,28.99,,,,,,,,,,,,,,,,,,,,,,,,
xy8-48,Pikachu,48,Common,,,BREAKthrough,2026-07-30T08:03:04.588Z,USD,2026-07-30T08:03:05.968Z,EUR,286294.0,1.83,0.1,1.63,2.0,1.99,1.86,9.9,7.49,12.72,25.0,11.49,9.71,,,,,,,107167.0,0.32,1.07,19.58,1.23,,107167.0,5.1,14.98,139.99,11.91,,,,,,,,,,,,,
swsh7-49,Pikachu,49,Common,,,Evolving Skies,2026-07-30T08:03:05.363Z,USD,2026-07-30T08:03:05.968Z,EUR,574073.0,0.52,0.02,0.04,0.1,0.16,0.61,0.61,0.05,0.58,0.72,0.7,0.66,,,,,,,246881.0,0.01,0.37,19.82,0.4,0.4,246881.0,0.13,0.99,19.44,0.96,,,,,,,,,,,,,
swsh12-049,Pikachu,049,Common,,,Silver Tempest,2026-07-30T08:03:05.701Z,USD,2026-07-30T08:03:05.968Z,EUR,682096.0,0.11,0.02,0.16,0.15,0.16,0.12,0.78,0.09,0.7,0.64,1.04,0.77,,,,,,,451703.0,0.05,0.5,20.0,0.48,0.72,451703.0,0.5,1.45,19.94,1.45,,,,,,,,,,,,,
B2-049,Pikachu,049,One Diamond,,,Fantastical Parade,,,,,,,,,,,,,,,,,,,,,,,,,,,,,,,,,,,,,,,,,,,,,,,
bw7-50,Pikachu,50,Common,,,Boundaries Crossed,2026-07-30T08:03:04.163Z,USD,2026-07-30T08:03:05.968Z,EUR,280637.0,3.37,0.08,2.56,1.51,2.84,4.35,20.0,1.5,23.26,29.99,30.47,19.97,,,,,,,88103.0,1.5,2.4,89.68,3.0,24.93,88103.0,28.0,44.99,812.9,31.68,,,,,,,,,,,,,
sv05-051,Pikachu,051,Common,,,Temporal Forces,2026-07-30T08:03:05.847Z,USD,2026-07-30T08:03:05.968Z,EUR,760681.0,0.08,0.02,0.09,0.09,0.09,0.08,0.29,0.02,0.3,0.11,0.39,0.29,,,,,,,542795.0,0.02,0.3,27.5,0.3,0.1,542795.0,0.05,0.69,19.98,0.7,1.48,,,,,,,,,,,,
swsh11-052,Pikachu,052,Common,,,Lost Origin,2026-07-30T08:03:05.682Z,USD,2026-07-30T08:03:05.968Z,EUR,674062.0,0.24,0.02,0.06,0.29,0.22,0.24,8.08,0.79,7.04,2.5,5.59,6.8,,,,,,,283926.0,0.25,1.5,1000.0,1.47,2.0,283926.0,4.0,6.99,25.02,6.79,5.18,,,,,,,,,,,,
sm10-54,Pikachu,54,Common,,,Unbroken Bonds,2026-07-30T08:03:05.087Z,USD,2026-07-30T08:03:05.968Z,EUR,372345.0,2.84,0.02,1.75,0.49,2.58,2.83,11.52,1.73,13.18,12.0,11.87,8.6,,,,,,,189153.0,0.54,1.61,19.98,1.39,,189153.0,4.46,7.99,35.86,6.22,,,,,,,,,,,,,
me02.5-055,Pikachu,055,Common,,,Ascended Heroes,2026-07-30T08:03:06.007Z,USD,2026-07-30T08:03:05.732Z,EUR,869666.0,0.1,0.02,0.08,0.06,0.12,0.08,,,0.0,,,,,,,,,,675867.0,0.01,0.29,20.0,0.29,0.22,,,,,,,,,,,,,,,,,,
sm11-55,Pikachu,55,Common,,,Unified Minds,2026-07-30T08:03:05.097Z,USD,2026-07-30T08:03:05.732Z,EUR,388097.0,1.94,0.02,2.19,3.0,1.92,1.9,8.95,2.0,6.85,3.99,5.66,5.87,,,,,,,194981.0,0.33,1.72,29.99,1.7,2.1,194981.0,3.49,5.08,32.8,5.35,,,,,,,,,,,,,
sm11-56,Pikachu,56,Common,,,Unified Minds,2026-07-30T08:03:05.097Z,USD,2026-07-30T08:03:05.968Z,EUR,388097.0,1.94,0.02,2.19,3.0,1.92,1.9,8.95,2.0,6.85,3.99,5.66,5.87,,,,,,,194982.0,1.99,5.99,96.91,6.08,4.94,194982.0,10.99,19.97,45.0,18.57,,,,,,,,,,,,,
sv08-057,Pikachu ex,057,Double rare,,,Surging Sparks,2026-07-30T08:03:05.904Z,USD,2026-07-30T08:03:05.968Z,EUR,794329.0,4.31,0.8,4.01,3.29,4.05,4.13,,,0.0,,,,590025.0,1.3,4.5,1000.0,3.69,4.79,,,,,,,,,,,,,,,,,,,,,,,,
me02.5-057,Pikachu ex,057,Double rare,,,Ascended Heroes,2026-07-30T08:03:06.007Z,USD,2026-07-30T08:03:05.732Z,EUR,869668.0,3.56,1.0,3.42,3.07,3.4,3.59,,,0.0,,,,675869.0,1.98,3.5,62.1,3.12,,,,,,,,,,,,,,,,,,,,,,,,,
ex16-57,Pikachu,57,Common,,,Power Keepers,2026-07-30T08:03:03.310Z,USD,2026-07-30T08:03:05.732Z,EUR,277363.0,4.7,0.5,5.25,4.25,3.75,4.75,56.25,19.89,51.91,62.5,59.49,34.68,,,,,,,88084.0,4.0,12.49,109.8,11.45,,88084.0,162.97,269.78,429.99,56.96,189.95,,,,,,,,,,,,
A3-057,Pikachu,057,One Diamond,,,Celestial Guardians,,,,,,,,,,,,,,,,,,,,,,,,,,,,,,,,,,,,,,,,,,,,,,,
base1-58,Pikachu,58,Common,,,Base Set,2026-07-30T08:03:02.491Z,USD,2026-07-30T08:03:05.732Z,EUR,273753.0,5.76,0.05,5.93,3.19,6.32,5.65,,,36.37,1.0,42.86,22.72,,,,,,,42402.0,1.4,4.0,1000.0,7.35,6.49,,,,,,,,,,,,,,,,,,
base2-60,Pikachu,60,Common,,,Jungle,2026-07-30T08:03:02.503Z,USD,2026-07-30T08:03:05.968Z,EUR,273857.0,4.71,0.02,11.91,0.82,15.3,6.38,,,20.37,0.75,17.97,10.49,,,,,,,,,,,,,,,,,,,45163.0,15.97,24.99,130.0,26.45,24.99,45163.0,0.75,3.83,39.99,6.33,2.0
ex9-60,Pikachu,60,Common,,,Emerald,2026-07-30T08:03:03.177Z,USD,2026-07-30T08:03:05.968Z,EUR,276571.0,4.15,0.1,4.51,9.99,3.53,4.09,,15.0,131.0,115.0,71.2,139.99,,,,,,,88080.0,11.53,18.12,148.8,17.93,,88080.0,599.99,799.99,999.99,65.76,,,,,,,,,,,,,
hgss3-61,Pikachu,61,Common,,,Undaunted,2026-07-30T08:03:03.828Z,USD,2026-07-30T08:03:05.968Z,EUR,279314.0,4.39,0.1,3.81,6.88,4.67,4.19,41.66,1.85,45.23,75.0,36.71,38.27,,,,,,,88097.0,9.75,12.97,170.9,12.55,,88097.0,150.0,220.53,659.9,141.23,,,,,,,,,,,,,
sv02-062,Pikachu,062,Common,,,Paldea Evolved,2026-07-30T08:03:05.766Z,USD,2026-07-30T08:03:05.968Z,EUR,715537.0,0.07,0.02,0.06,0.02,0.05,0.07,0.26,0.02,0.21,0.34,0.33,0.26,,,,,,,497473.0,0.02,0.26,19.98,0.25,,497473.0,0.1,0.48,30.0,0.51,,,,,,,,,,,,,
sv02-063,Pikachu ex,063,Double rare,,,Paldea Evolved,2026-07-30T08:03:05.766Z,USD,2026-07-30T08:03:05.968Z,EUR,715538.0,1.94,0.05,1.92,1.54,1.9,1.96,,,0.0,,,,497474.0,1.96,4.43,15.0,3.93,4.03,,,,,,,,,,,,,,,,,,,,,,,,
swsh1-65,Pikachu,65,Common,,,Sword & Shield,2026-07-30T08:03:05.124Z,USD,2026-07-30T08:03:05.968Z,EUR,436459.0,1.35,0.02,1.04,1.99,1.34,1.38,4.92,2.0,4.94,3.9,4.47,5.76,,,,,,,208362.0,0.25,0.7,5.0,0.76,,208362.0,0.89,2.81,96.95,2.79,,,,,,,,,,,,,
sm12-66,Pikachu,66,Common,,,Cosmic Eclipse,2026-07-30T08:03:05.115Z,USD,2026-07-30T08:03:05.968Z,EUR,398534.0,140.71,25.0,148.59,205.0,164.77,151.02,,,39.13,35.0,34.14,47.11,,,,,,,201241.0,1.0,1.97,5.0,1.71,,201241.0,3.5,10.0,98.99,9.5,,,,,,,,,,,,,
neo1-70,Pikachu,70,Common,,,Neo Genesis,2026-07-30T08:03:02.578Z,USD,2026-07-30T08:03:05.968Z,EUR,274470.0,4.62,0.1,3.35,0.9,3.16,4.74,,,1.18,1.99,0.98,0.98,,,,,,,,,,,,,,,,,,,88072.0,14.97,35.95,260.0,36.31,100.0,88072.0,3.85,7.45,50.19,10.29,29.99
dp5-70,Pikachu,70,Common,,,Majestic Dawn,2026-07-30T08:03:03.640Z,USD,2026-07-30T08:03:05.968Z,EUR,278119.0,1.57,0.1,2.1,1.76,1.79,1.61,6.33,5.0,20.35,9.95,27.28,17.03,,,,,,,88088.0,2.82,7.86,41.7,8.63,,88088.0,50.0,64.0,150.0,63.31,,,,,,,,,,,,,
dp7-70,Pikachu,70,Common,,,Stormfront,2026-07-30T08:03:03.665Z,USD,2026-07-30T08:03:05.968Z,EUR,278368.0,4.85,0.15,4.09,5.29,3.74,5.03,18.4,4.49,18.35,20.0,25.87,15.75,,,,,,,88090.0,6.3,11.55,150.0,12.25,14.95,88090.0,35.0,399.95,764.9,53.75,,,,,,,,,,,,,
pl4-71,Pikachu,71,Common,,,Arceus,2026-07-30T08:03:03.745Z,USD,2026-07-30T08:03:05.968Z,EUR,278943.0,4.33,0.19,5.54,0.81,5.57,3.85,41.87,9.95,27.66,12.55,41.02,27.56,,,,,,,88094.0,4.0,6.32,41.72,6.73,8.39,88094.0,85.0,124.88,125.0,35.0,,,,,,,,,,,,,
ex2-72,Pikachu,72,Common,,,Sandstorm,2026-07-30T08:03:02.874Z,USD,2026-07-30T08:03:05.968Z,EUR,275849.0,7.25,0.5,8.99,4.73,6.91,6.95,79.63,1.5,59.74,99.5,65.99,41.96,,,,,,,88073.0,6.0,11.99,61.2,11.79,,88073.0,105.0,285.0,899.95,140.33,,,,,,,,,,,,,
ex6-74,Pikachu,74,Common,,,FireRed & LeafGreen,2026-07-30T08:03:03.109Z,USD,2026-07-30T08:03:05.968Z,EUR,276250.0,10.0,1.5,9.62,4.45,6.39,8.07,59.95,13.0,67.18,81.98,72.6,52.08,,,,,,,88078.0,7.0,11.19,89.9,9.41,,88078.0,174.99,279.99,369.99,159.26,,,,,,,,,,,,,
hgss1-78,Pikachu,78,Common,,,HeartGold SoulSilver,2026-07-30T08:03:03.799Z,USD,2026-07-30T08:03:05.968Z,EUR,279050.0,4.22,0.2,2.81,0.49,4.03,4.1,9.32,2.0,22.32,2.0,25.49,19.32,,,,,,,88095.0,6.25,11.8,107.92,11.94,107.92,88095.0,95.99,99.99,100.0,43.33,,,,,,,,,,,,,
ex13-78,Pikachu,78,Common,,,Holon Phantoms,2026-07-30T08:03:03.238Z,USD,2026-07-30T08:03:05.732Z,EUR,277048.0,7.13,0.4,2.3,1.68,4.53,7.06,68.55,29.99,81.68,130.0,61.86,64.31,,,,,,,88082.0,5.6,10.83,99.99,10.75,14.24,88082.0,175.0,299.5,6999.9,205.0,379.99,,,,,,,,,,,,
ex13-79,Pikachu δ,79,Common,,,Holon Phantoms,,,2026-07-30T08:03:05.968Z,EUR,277049.0,5.77,1.0,6.16,3.55,7.79,5.63,106.33,25.0,102.48,180.0,124.0,85.48,,,,,,,,,,,,,,,,,,,,,,,,,,,,,,
gym1-81,Lt. Surge's Pikachu,81,Common,,,Gym Heroes,2026-07-30T08:03:02.526Z,USD,2026-07-30T08:03:05.732Z,EUR,274217.0,8.46,0.5,10.32,6.99,5.48,7.74,,,1.5,1.5,3.25,3.25,,,,,,,,,,,,,,,,,,,86859.0,16.5,26.24,122.5,24.92,,86859.0,2.6,4.99,101.6,6.96,9.99
A2b-082,Pikachu ex,082,Two Star,,,Shining Revelry,,,,,,,,,,,,,,,,,,,,,,,,,,,,,,,,,,,,,,,,,,,,,,,
ecard3-84,Pikachu,84,Common,,,Skyridge,2026-07-30T08:03:02.840Z,USD,2026-07-30T08:03:05.732Z,EUR,275342.0,36.91,18.99,45.18,24.0,41.76,63.9,101.99,45.0,341.24,79.99,241.56,289.03,,,,,,,88074.0,319.99,342.37,1006.12,126.35,899.99,88074.0,899.99,899.99,899.99,350.0,,,,,,,,,,,,,
gym2-84,Lt. Surge's Pikachu,84,Common,,,Gym Challenge,2026-07-30T08:03:02.534Z,USD,2026-07-30T08:03:05.732Z,EUR,274352.0,18.04,1.0,20.59,12.17,9.47,15.96,,,0.0,,,,,,,,,,,,,,,,,,,,,,86860.0,14.99,24.0,249.4,23.14,,86860.0,5.5,9.99,249.89,10.41,6.19
svp-085,Pikachu with Grey Felt Hat,085,Promo,,,SVP Black Star Promos,,,2026-07-30T08:03:05.953Z,EUR,735302.0,858.44,490.0,998.83,1540.0,1040.33,829.82,,,0.0,,,,,,,,,,,,,,,,,,,,,,,,,,,,,,,,,
lc-86,Pikachu,86,Common,,,Legendary Collection,2026-07-30T08:03:02.633Z,USD,2026-07-30T08:03:05.732Z,EUR,274851.0,4.54,0.49,0.02,2.49,3.05,30.88,675.0,520.0,520.56,600.0,555.29,359.84,,,,,,,88075.0,1.97,3.5,78.34,6.49,78.34,88075.0,1499.99,1649.99,4999.99,799.99,,,,,,,,,,,,,
swsh8-86,Pikachu V,86,Holo Rare V,,,Fusion Strike,2026-07-30T08:03:05.490Z,USD,2026-07-30T08:03:05.732Z,EUR,582411.0,2.89,0.5,2.67,3.25,2.7,2.87,,,0.0,,,,253241.0,2.45,4.0,96.95,4.01,4.97,,,,,,,,,,,,,,,,,,,,,,,,
base4-87,Pikachu,87,Common,,,Base Set 2,2026-07-30T08:03:02.511Z,USD,2026-07-30T08:03:05.732Z,EUR,274010.0,3.55,0.49,5.17,2.24,20.13,9.07,,,2.05,2.05,3.0,3.0,,,,,,,42538.0,0.72,2.21,18.92,3.07,,,,,,,,,,,,,,,,,,,
svp-088,Pikachu,088,Promo,,,SVP Black Star Promos,,,2026-07-30T08:03:05.968Z,EUR,751813.0,33.8,13.0,27.59,22.75,27.85,32.22,,,0.0,,,,,,,,,,,,,,,,,,,,,,,,,,,,,,,,,
A2b-092,Pikachu ex,092,Two Star,,,Shining Revelry,,,,,,,,,,,,,,,,,,,,,,,,,,,,,,,,,,,,,,,,,,,,,,,
ex12-93,Pikachu δ,93,Rare,,,Legend Maker,,,2026-07-30T08:03:05.968Z,EUR,276970.0,49.86,14.95,31.07,44.88,44.9,123.82,,40.0,53.63,19.99,45.13,32.45,,,,,,,,,,,,,,,,,,,,,,,,,,,,,,
A1-094,Pikachu,094,One Diamond,,,Genetic Apex,,,,,,,,,,,,,,,,,,,,,,,,,,,,,,,,,,,,,,,,,,,,,,,
dp2-94,Pikachu,94,Common,,,Mysterious Treasures,2026-07-30T08:03:03.376Z,USD,2026-07-30T08:03:05.953Z,EUR,277723.0,6.98,0.4,5.97,6.0,4.66,6.42,14.06,7.0,8.9,23.95,14.06,15.83,,,,,,,88086.0,10.0,19.33,69.48,21.3,,88086.0,23.99,47.5,352.89,45.5,,,,,,,,,,,,,
A1-096,Pikachu ex,096,Four Diamond,,,Genetic Apex,,,,,,,,,,,,,,,,,,,,,,,,,,,,,,,,,,,,,,,,,,,,,,,
svp-101,Pikachu,101,Promo,,,SVP Black Star Promos,,,2026-07-30T08:03:05.968Z,EUR,740411.0,32.33,15.0,30.04,28.0,31.52,31.67,,,0.0,,,,,,,,,,,,,,,,,,,,,,,,,,,,,,,,,
ex13-104,Pikachu Star,104,Rare,,,Holon Phantoms,2026-07-30T08:03:03.238Z,USD,2026-07-30T08:03:05.968Z,EUR,277048.0,7.13,0.4,2.3,1.68,4.53,7.06,68.55,29.99,81.68,130.0,61.86,64.31,88111.0,6997.84,6997.84,6997.84,3200.0,,,,,,,,,,,,,,,,,,,,,,,,,
svp-106,Pikachu ex,106,Promo,,,SVP Black Star Promos,,,,,,,,,,,,,,,,,,,,,,,,,,,,,,,,,,,,,,,,,,,,,,,
xy12-110,Flying Pikachu,110,Secret Rare,,,Evolutions,2026-07-30T08:03:04.756Z,USD,2026-07-30T08:03:05.953Z,EUR,293472.0,9.7,2.99,13.9,9.0,14.37,10.61,,,10.69,5.0,14.05,6.62,,,,,,,124123.0,5.5,8.99,149.97,8.56,9.42,,,,,,,,,,,,,,,,,,
xy12-111,Surfing Pikachu,111,Secret Rare,,,Evolutions,2026-07-30T08:03:04.756Z,USD,2026-07-30T08:03:05.968Z,EUR,293473.0,12.68,3.0,11.69,5.95,11.55,12.12,,,10.72,7.99,9.17,6.16,,,,,,,124124.0,6.69,11.0,194.69,10.34,9.44,,,,,,,,,,,,,,,,,,
pl2-112,Pikachu,112,Rare,,,Rising Rivals,2026-07-30T08:03:03.716Z,USD,2026-07-30T08:03:05.968Z,EUR,278686.0,56.71,12.0,67.03,29.47,51.14,59.01,,60.0,35.03,44.99,37.28,25.19,88091.0,90.0,249.99,2410.0,328.45,,,,,,,,,,,,,,,,,,,,,,,,,
pl2-113,Flying Pikachu,113,Rare,,,Rising Rivals,2026-07-30T08:03:03.716Z,USD,2026-07-30T08:03:05.968Z,EUR,278687.0,21.87,7.99,29.5,15.0,21.55,58.16,,50.0,24.46,7.5,22.56,17.17,85535.0,115.0,150.32,1198.5,172.7,140.0,,,,,,,,,,,,,,,,,,,,,,,,
pl2-114,Surfing Pikachu,114,Rare,,,Rising Rivals,2026-07-30T08:03:03.716Z,USD,2026-07-30T08:03:05.953Z,EUR,278688.0,59.63,8.99,55.69,67.47,66.51,80.02,,20.0,34.27,28.0,31.13,15.86,89644.0,400.0,1199.49,3102.37,355.25,1199.99,,,,,,,,,,,,,,,,,,,,,,,,
bw1-115,Pikachu,115,Secret Rare,,,Black & White,2026-07-30T08:03:03.976Z,USD,2026-07-30T08:03:05.953Z,EUR,279853.0,96.88,11.99,83.66,70.0,91.34,64.9,,,16.08,4.0,7.99,17.53,88101.0,120.0,180.96,779.5,139.44,,,,,,,,,,,,,,,,,,,,,,,,,
pl3-120,Pikachu,120,Common,,,Supreme Victors,,,2026-07-30T08:03:05.968Z,EUR,278811.0,3.89,0.2,4.09,2.0,3.49,3.59,78.49,11.5,35.0,129.99,36.29,24.76,,,,,,,,,,,,,,,,,,,,,,,,,,,,,,
ecard1-124,Pikachu,124,Common,,,Expedition Base Set,2026-07-30T08:03:02.692Z,USD,2026-07-30T08:03:05.968Z,EUR,274999.0,14.35,1.3,14.8,13.37,12.88,14.43,21.55,5.0,64.22,19.99,72.09,45.36,,,,,,,88076.0,14.0,24.8,248.49,22.64,31.49,88076.0,499.99,499.99,1309.8,109.66,,,,,,,,,,,,,
sv04.5-131,Pikachu,131,Shiny rare,,,Paldean Fates,2026-07-30T08:03:05.809Z,USD,2026-07-30T08:03:05.968Z,EUR,751670.0,81.07,28.0,118.87,75.0,66.98,92.12,,,0.0,,,,534522.0,63.7,89.99,756.0,84.0,75.98,,,,,,,,,,,,,,,,,,,,,,,,
swsh9-157,Pikachu V,157,Ultra Rare,,,Brilliant Stars,2026-07-30T08:03:05.544Z,USD,2026-07-30T08:03:05.968Z,EUR,608703.0,28.05,5.0,24.62,21.99,18.84,23.77,,,0.0,,,,263876.0,20.18,28.79,249.99,25.2,29.99,,,,,,,,,,,,,,,,,,,,,,,,
swsh12.5-160,Pikachu,160,Secret Rare,,,Crown Zenith,2026-07-30T08:03:05.723Z,USD,2026-07-30T08:03:05.968Z,EUR,691879.0,62.28,34.0,56.79,64.17,54.69,62.85,,,0.0,,,,478103.0,42.6,54.99,999.0,47.75,45.36,,,,,,,,,,,,,,,,,,,,,,,,
sm9-162,Pikachu & Zekrom GX,162,Ultra Rare,,,Team Up,2026-07-30T08:03:05.071Z,USD,2026-07-30T08:03:05.968Z,EUR,369087.0,174.76,25.0,173.48,170.0,103.37,151.5,,,36.7,32.0,37.42,26.65,183805.0,103.25,153.18,1209.8,153.18,,,,,,,,,,,,,,,,,,,,,,,,,
swsh4-170,Pikachu V,170,Ultra Rare,,,Vivid Voltage,2026-07-30T08:03:05.172Z,USD,2026-07-30T08:03:05.968Z,EUR,512560.0,38.71,10.99,38.74,63.0,46.62,38.31,,,73.85,70.0,80.29,76.41,226431.0,39.99,48.0,99.99,46.84,39.99,,,,,,,,,,,,,,,,,,,,,,,,
sv03.5-173,Pikachu,173,Illustration rare,,,151,2026-07-30T08:03:05.788Z,USD,2026-07-30T08:03:05.968Z,EUR,733768.0,93.93,40.0,73.92,75.56,77.86,88.8,,,0.0,,,,513721.0,74.15,100.53,10000.0,93.33,75.14,,,,,,,,,,,,,,,,,,,,,,,,
sv08.5-179,Pikachu ex,179,Hyper rare,,,Prismatic Evolutions,2026-07-30T08:03:05.911Z,USD,2026-07-30T08:03:05.968Z,EUR,805573.0,86.33,30.0,77.88,60.0,63.98,79.25,,,0.0,,,,610534.0,56.35,72.24,1098.9,62.82,68.21,,,,,,,,,,,,,,,,,,,,,,,,
sm9-184,Pikachu & Zekrom GX,184,Secret Rare,,,Team Up,2026-07-30T08:03:05.071Z,USD,2026-07-30T08:03:05.968Z,EUR,369109.0,129.99,20.0,172.24,149.99,124.99,132.99,,,122.11,75.0,128.43,57.22,183806.0,233.0,250.29,499.95,236.55,,,,,,,,,,,,,,,,,,,,,,,,,
swsh4-188,Pikachu VMAX,188,Secret Rare,,,Vivid Voltage,2026-07-30T08:03:05.172Z,USD,2026-07-30T08:03:05.968Z,EUR,512650.0,151.29,59.99,123.28,100.0,130.34,155.34,,,299.11,265.0,304.37,294.87,226434.0,159.77,214.0,1222.8,198.65,215.93,,,,,,,,,,,,,,,,,,,,,,,,
svp-190,Pikachu,190,Promo,,,SVP Black Star Promos,,,2026-07-30T08:03:05.968Z,EUR,784938.0,64.95,63.95,88.97,64.95,101.39,71.52,,,0.0,,,,,,,,,,,,,,,,,,,,,,,,,,,,,,,,,
svp-214,Pikachu,214,Promo,,,SVP Black Star Promos,,,2026-07-30T08:03:05.968Z,EUR,810398.0,30.63,19.0,21.74,16.0,19.95,29.58,,,0.0,,,,,,,,,,,,,,,,,,,,,,,,,,,,,,,,,
sv08-219,Pikachu ex,219,Ultra Rare,,,Surging Sparks,2026-07-30T08:03:05.904Z,USD,2026-07-30T08:03:05.968Z,EUR,794592.0,38.7,13.0,25.19,21.97,25.86,26.02,,,0.0,,,,590026.0,25.0,33.3,202.4,30.3,35.19,,,,,,,,,,,,,,,,,,,,,,,,
svp-225,Pikachu,225,Promo,,,SVP Black Star Promos,,,,,,,,,,,,,,,,,,,,,,,,,,,,,,,,,,,,,,,,,,,,,,,
sv08-238,Pikachu ex,238,Special illustration rare,,,Surging Sparks,2026-07-30T08:03:05.904Z,USD,2026-07-30T08:03:05.968Z,EUR,794611.0,371.73,175.0,347.3,599.0,286.78,342.52,,,0.0,,,,590027.0,289.0,358.83,2935.89,326.21,294.16,,,,,,,,,,,,,,,,,,,,,,,,
sm12-241,Pikachu,241,Secret Rare,,,Cosmic Eclipse,2026-07-30T08:03:05.115Z,USD,2026-07-30T08:03:05.968Z,EUR,398534.0,140.71,25.0,148.59,205.0,164.77,151.02,,,39.13,35.0,34.14,47.11,201352.0,148.0,224.87,1446.39,220.44,191.74,,,,,,,,,,,,,,,,,,,,,,,,
sv08-247,Pikachu ex,247,Hyper rare,,,Surging Sparks,2026-07-30T08:03:05.904Z,USD,2026-07-30T08:03:05.968Z,EUR,794621.0,74.26,45.99,66.26,74.22,76.46,70.93,,,0.0,,,,593169.0,81.69,96.0,741.51,93.66,93.66,,,,,,,,,,,,,,,,,,,,,,,,
A1-259,Pikachu ex,259,Two Star,,,Genetic Apex,,,,,,,,,,,,,,,,,,,,,,,,,,,,,,,,,,,,,,,,,,,,,,,
me02.5-276,Pikachu ex,276,Special illustration rare,,,Ascended Heroes,2026-07-30T08:03:06.007Z,USD,2026-07-30T08:03:05.968Z,EUR,869888.0,1039.28,475.0,951.31,1825.0,1027.8,1028.73,,,0.0,,,,676088.0,958.74,1250.0,5000.0,1163.57,1181.12,,,,,,,,,,,,,,,,,,,,,,,,
me02.5-277,Pikachu ex,277,Special illustration rare,,,Ascended Heroes,2026-07-30T08:03:06.007Z,USD,2026-07-30T08:03:05.968Z,EUR,869887.0,369.07,170.0,294.37,240.0,279.71,324.62,,,0.0,,,,676089.0,370.0,408.18,750.0,388.74,,,,,,,,,,,,,,,,,,,,,,,,,
A1-281,Pikachu ex,281,Three Star,,,Genetic Apex,,,,,,,,,,,,,,,,,,,,,,,,,,,,,,,,,,,,,,,,,,,,,,,
A1-285,Pikachu ex,285,Crown,,,Genetic Apex,,,,,,,,,,,,,,,,,,,,,,,,,,,,,,,,,,,,,,,,,,,,,,,
B1-321,Pikachu ex,321,Two Shiny,,,Mega Rising,,,,,,,,,,,,,,,,,,,,,,,,,,,,,,,,,,,,,,,,,,,,,,,
bwp-BW54,Pikachu,BW54,Common,,,BW Black Star Promos,,,,,,,,,,,,,,,,,,,,,,,,,,,,,,,,,,,,,,,,,,,,,,,
bwp-BW77,Pikachu,BW77,Common,,,BW Black Star Promos,,,,,,,,,,,,,,,,,,,,,,,,,,,,,,,,,,,,,,,,,,,,,,,
cel25cc-CC008,_____'s Pikachu,CC008,Classic Collection,,,Celebrations Classic Collection,,,2026-07-30T08:03:05.968Z,EUR,576778.0,42.34,19.99,24.58,29.48,38.78,38.3,,,0.0,,,,,,,,,,,,,,,,,,,,,,,,,,,,,,,,,
dpp-DP16,Pikachu,DP16,Common,,,DP Black Star Promos,,,,,,,,,,,,,,,,,,,,,,,,,,,,,,,,,,,,,,,,,,,,,,,
swsh12.5gg-GG30,Pikachu,GG30,Rare,,,Crown Zenith Galarian Gallery,,,2026-07-30T08:03:05.968Z,EUR,691909.0,59.4,30.0,45.54,47.7,48.18,59.2,,,0.0,,,,,,,,,,,,,,,,,,,,,,,,,,,,,,,,,
hgssp-HGSS03,Pikachu,HGSS03,Common,,,HGSS Black Star Promos,,,,,,,,,,,,,,,,,,,,,,,,,,,,,,,,,,,,,,,,,,,,,,,
g1-RC29,Pikachu,RC29,Ultra Rare,,,Generations,,,2026-07-30T08:03:05.968Z,EUR,288464.0,3.57,0.5,3.63,2.0,3.88,3.57,12.98,2.5,16.91,10.0,11.43,13.83,,,,,,,,,,,,,,,,,,,,,,,,,,,,,,
bw11-RC7,Pikachu,RC7,Uncommon,,,Legendary Treasures,,,2026-07-30T08:03:05.968Z,EUR,281142.0,41.25,28.0,55.77,10.0,78.0,54.61,68.73,30.0,62.51,80.0,63.61,45.72,,,,,,,,,,,,,,,,,,,,,,,,,,,,,,
smp-SM04,Pikachu,SM04,Promo,,,SM Black Star Promos,,,,,,,,,,,,,,,,,,,,,,,,,,,,,,,,,,,,,,,,,,,,,,,
smp-SM108,Ash's Pikachu,SM108,Promo,,,SM Black Star Promos,,,,,,,,,,,,,,,,,,,,,,,,,,,,,,,,,,,,,,,,,,,,,,,
smp-SM109,Ash's Pikachu,SM109,Promo,,,SM Black Star Promos,,,,,,,,,,,,,,,,,,,,,,,,,,,,,,,,,,,,,,,,,,,,,,,
smp-SM110,Ash's Pikachu,SM110,Promo,,,SM Black Star Promos,,,,,,,,,,,,,,,,,,,,,,,,,,,,,,,,,,,,,,,,,,,,,,,
smp-SM111,Ash's Pikachu,SM111,Promo,,,SM Black Star Promos,,,,,,,,,,,,,,,,,,,,,,,,,,,,,,,,,,,,,,,,,,,,,,,
smp-SM112,Ash's Pikachu,SM112,Promo,,,SM Black Star Promos,,,,,,,,,,,,,,,,,,,,,,,,,,,,,,,,,,,,,,,,,,,,,,,
smp-SM113,Ash's Pikachu,SM113,Promo,,,SM Black Star Promos,,,,,,,,,,,,,,,,,,,,,,,,,,,,,,,,,,,,,,,,,,,,,,,
smp-SM114,Ash's Pikachu,SM114,Promo,,,SM Black Star Promos,,,,,,,,,,,,,,,,,,,,,,,,,,,,,,,,,,,,,,,,,,,,,,,
smp-SM157,Pikachu,SM157,Promo,,,SM Black Star Promos,,,,,,,,,,,,,,,,,,,,,,,,,,,,,,,,,,,,,,,,,,,,,,,
smp-SM162,Pikachu,SM162,Promo,,,SM Black Star Promos,,,,,,,,,,,,,,,,,,,,,,,,,,,,,,,,,,,,,,,,,,,,,,,
smp-SM168,Pikachu & Zekrom GX,SM168,Promo,,,SM Black Star Promos,,,,,,,,,,,,,,,,,,,,,,,,,,,,,,,,,,,,,,,,,,,,,,,
smp-SM170,Detective Pikachu,SM170,Promo,,,SM Black Star Promos,,,,,,,,,,,,,,,,,,,,,,,,,,,,,,,,,,,,,,,,,,,,,,,
smp-SM183,Pikachu,SM183,Promo,,,SM Black Star Promos,,,,,,,,,,,,,,,,,,,,,,,,,,,,,,,,,,,,,,,,,,,,,,,
smp-SM190,Detective Pikachu,SM190,Promo,,,SM Black Star Promos,,,,,,,,,,,,,,,,,,,,,,,,,,,,,,,,,,,,,,,,,,,,,,,
smp-SM194,Detective Pikachu,SM194,Promo,,,SM Black Star Promos,,,,,,,,,,,,,,,,,,,,,,,,,,,,,,,,,,,,,,,,,,,,,,,
smp-SM206,Pikachu,SM206,Promo,,,SM Black Star Promos,,,,,,,,,,,,,,,,,,,,,,,,,,,,,,,,,,,,,,,,,,,,,,,
smp-SM227,Pikachu,SM227,Promo,,,SM Black Star Promos,,,,,,,,,,,,,,,,,,,,,,,,,,,,,,,,,,,,,,,,,,,,,,,
smp-SM232,Pikachu GX,SM232,Promo,,,SM Black Star Promos,,,,,,,,,,,,,,,,,,,,,,,,,,,,,,,,,,,,,,,,,,,,,,,
smp-SM234,Pikachu,SM234,Promo,,,SM Black Star Promos,,,,,,,,,,,,,,,,,,,,,,,,,,,,,,,,,,,,,,,,,,,,,,,
smp-SM248,Pikachu & Zekrom GX,SM248,Promo,,,SM Black Star Promos,2026-07-30T08:03:04.765Z,USD,,,,,,,,,,,,,,,,253397.0,35.0,42.99,5000.0,38.85,36.04,,,,,,,,,,,,,,,,,,,,,,,,
smp-SM76,Pikachu,SM76,Promo,,,SM Black Star Promos,,,,,,,,,,,,,,,,,,,,,,,,,,,,,,,,,,,,,,,,,,,,,,,
smp-SM81,Pikachu,SM81,Promo,,,SM Black Star Promos,,,,,,,,,,,,,,,,,,,,,,,,,,,,,,,,,,,,,,,,,,,,,,,
smp-SM86,Pikachu,SM86,Promo,,,SM Black Star Promos,,,,,,,,,,,,,,,,,,,,,,,,,,,,,,,,,,,,,,,,,,,,,,,
smp-SM98,Pikachu,SM98,Promo,,,SM Black Star Promos,,,,,,,,,,,,,,,,,,,,,,,,,,,,,,,,,,,,,,,,,,,,,,,
swshp-SWSH020,Pikachu,SWSH020,Promo,,,SWSH Black Star Promos,,,2026-07-30T08:03:05.968Z,EUR,461594.0,134.83,25.0,99.88,53.25,63.69,89.51,,,29.71,33.95,30.91,37.19,,,,,,,,,,,,,,,,,,,,,,,,,,,,,,
swshp-SWSH039,Pikachu,SWSH039,Promo,,,SWSH Black Star Promos,,,2026-07-30T08:03:05.968Z,EUR,461594.0,134.83,25.0,99.88,53.25,63.69,89.51,,,29.71,33.95,30.91,37.19,,,,,,,,,,,,,,,,,,,,,,,,,,,,,,
swshp-SWSH061,Pikachu V,SWSH061,Promo,,,SWSH Black Star Promos,2026-07-30T08:03:05.119Z,USD,2026-07-30T08:03:05.968Z,EUR,496545.0,8.78,3.49,9.56,8.47,10.27,8.02,,,5.72,5.99,5.68,6.67,232434.0,1.19,2.46,20.07,2.23,1.21,,,,,,,,,,,,,,,,,,,,,,,,
swshp-SWSH062,Pikachu VMAX,SWSH062,Promo,,,SWSH Black Star Promos,,,2026-07-30T08:03:05.968Z,EUR,576730.0,24.98,6.99,18.91,13.7,18.53,25.65,,,0.0,,,,,,,,,,,,,,,,,,,,,,,,,,,,,,,,,
swshp-SWSH063,Pikachu V,SWSH063,Promo,,,SWSH Black Star Promos,,,2026-07-30T08:03:05.968Z,EUR,461594.0,134.83,25.0,99.88,53.25,63.69,89.51,,,29.71,33.95,30.91,37.19,,,,,,,,,,,,,,,,,,,,,,,,,,,,,,
swshp-SWSH074,Special Delivery Pikachu,SWSH074,Promo,,,SWSH Black Star Promos,,,2026-07-30T08:03:05.968Z,EUR,516369.0,2189.5,495.0,1344.67,560.0,1361.69,660.66,,,478.31,295.0,377.32,240.69,,,,,,,,,,,,,,,,,,,,,,,,,,,,,,
swshp-SWSH139,Pikachu V-UNION,SWSH139,Promo,,,SWSH Black Star Promos,,,2026-07-30T08:03:05.968Z,EUR,576738.0,9.96,5.49,9.39,7.46,8.5,9.36,,,0.0,,,,,,,,,,,,,,,,,,,,,,,,,,,,,,,,,
swshp-SWSH140,Pikachu V-UNION,SWSH140,Promo,,,SWSH Black Star Promos,,,2026-07-30T08:03:05.968Z,EUR,576738.0,9.96,5.49,9.39,7.46,8.5,9.36,,,0.0,,,,,,,,,,,,,,,,,,,,,,,,,,,,,,,,,
swshp-SWSH141,Pikachu V-UNION,SWSH141,Promo,,,SWSH Black Star Promos,,,2026-07-30T08:03:05.732Z,EUR,576738.0,9.96,5.49,9.39,7.46,8.5,9.36,,,0.0,,,,,,,,,,,,,,,,,,,,,,,,,,,,,,,,,
swshp-SWSH142,Pikachu V-UNION,SWSH142,Promo,,,SWSH Black Star Promos,,,2026-07-30T08:03:05.732Z,EUR,576738.0,9.96,5.49,9.39,7.46,8.5,9.36,,,0.0,,,,,,,,,,,,,,,,,,,,,,,,,,,,,,,,,
swshp-SWSH143,Pikachu V,SWSH143,Promo,,,SWSH Black Star Promos,,,2026-07-30T08:03:05.953Z,EUR,461594.0,134.83,25.0,99.88,53.25,63.69,89.51,,,29.71,33.95,30.91,37.19,,,,,,,,,,,,,,,,,,,,,,,,,,,,,,
swshp-SWSH145,Pikachu V,SWSH145,Promo,,,SWSH Black Star Promos,,,2026-07-30T08:03:05.732Z,EUR,461594.0,134.83,25.0,99.88,53.25,63.69,89.51,,,29.71,33.95,30.91,37.19,,,,,,,,,,,,,,,,,,,,,,,,,,,,,,
swshp-SWSH153,Pikachu,SWSH153,Promo,,,SWSH Black Star Promos,,,2026-07-30T08:03:05.953Z,EUR,461594.0,134.83,25.0,99.88,53.25,63.69,89.51,,,29.71,33.95,30.91,37.19,,,,,,,,,,,,,,,,,,,,,,,,,,,,,,
swshp-SWSH198,Pikachu V,SWSH198,Promo,,,SWSH Black Star Promos,,,2026-07-30T08:03:05.968Z,EUR,461594.0,134.83,25.0,99.88,53.25,63.69,89.51,,,29.71,33.95,30.91,37.19,,,,,,,,,,,,,,,,,,,,,,,,,,,,,,
swshp-SWSH234,Pikachu,SWSH234,Promo,,,SWSH Black Star Promos,2026-07-30T08:03:05.119Z,USD,2026-07-30T08:03:05.968Z,EUR,461594.0,134.83,25.0,99.88,53.25,63.69,89.51,,,29.71,33.95,30.91,37.19,277039.0,3.49,8.51,39.99,8.24,5.97,,,,,,,,,,,,,,,,,,,,,,,,
swshp-SWSH285,Pikachu V,SWSH285,Promo,,,SWSH Black Star Promos,2026-07-30T08:03:05.119Z,USD,2026-07-30T08:03:05.968Z,EUR,461594.0,134.83,25.0,99.88,53.25,63.69,89.51,,,29.71,33.95,30.91,37.19,478423.0,1.99,5.45,50.0,4.74,4.81,,,,,,,,,,,,,,,,,,,,,,,,
swshp-SWSH286,Pikachu VMAX,SWSH286,Promo,,,SWSH Black Star Promos,2026-07-30T08:03:05.119Z,USD,2026-07-30T08:03:05.953Z,EUR,461594.0,134.83,25.0,99.88,53.25,63.69,89.51,,,29.71,33.95,30.91,37.19,478424.0,4.48,8.58,29.99,7.63,8.0,,,,,,,,,,,,,,,,,,,,,,,,
swsh11.5tg-TG05,Pikachu,TG05,Rare,,,Lost Origin Trainer Gallery,,,2026-07-30T08:03:05.968Z,EUR,674225.0,36.42,14.99,36.24,36.66,34.8,35.73,,,0.0,,,,,,,,,,,,,,,,,,,,,,,,,,,,,,,,,
swsh11.5tg-TG16,Pikachu V,TG16,Ultra Rare,,,Lost Origin Trainer Gallery,,,2026-07-30T08:03:05.968Z,EUR,674234.0,151.11,40.0,129.19,111.0,130.72,150.14,,,0.0,,,,,,,,,,,,,,,,,,,,,,,,,,,,,,,,,
swsh11.5tg-TG17,Pikachu VMAX,TG17,Ultra Rare,,,Lost Origin Trainer Gallery,,,2026-07-30T08:03:05.968Z,EUR,674235.0,110.33,25.0,94.5,72.0,106.08,113.85,,,0.0,,,,,,,,,,,,,,,,,,,,,,,,,,,,,,,,,
swsh11.5tg-TG29,Pikachu VMAX,TG29,Secret Rare,,,Lost Origin Trainer Gallery,,,2026-07-30T08:03:05.968Z,EUR,674244.0,17.44,4.5,15.1,15.35,14.51,16.69,,,0.0,,,,,,,,,,,,,,,,,,,,,,,,,,,,,,,,,
xyp-XY124,Pikachu EX,XY124,Promo,,,XY Black Star Promos,,,2026-07-30T08:03:05.968Z,EUR,554190.0,,,,,,,,,,,,,,,,,,,,,,,,,,,,,,,,,,,,,,,,,,
xyp-XY174,Pikachu-EX,XY174,Promo,,,XY Black Star Promos,,,,,,,,,,,,,,,,,,,,,,,,,,,,,,,,,,,,,,,,,,,,,,,
xyp-XY202,Pikachu,XY202,Promo,,,XY Black Star Promos,,,2026-07-30T08:03:05.953Z,EUR,289809.0,113.45,3.0,94.76,62.99,132.12,70.71,,,23.68,9.66,22.36,16.44,,,,,,,,,,,,,,,,,,,,,,,,,,,,,,
xyp-XY84,Pikachu EX,XY84,Promo,,,XY Black Star Promos,,,2026-07-30T08:03:05.968Z,EUR,554190.0,,,,,,,,,,,,,,,,,,,,,,,,,,,,,,,,,,,,,,,,,,
xyp-XY89,Pikachu,XY89,Promo,,,XY Black Star Promos,,,2026-07-30T08:03:05.732Z,EUR,554190.0,,,,,,,,,,,,,,,,,,,,,,,,,,,,,,,,,,,,,,,,,,
xyp-XY95,Pikachu,XY95,Promo,,,XY Black Star Promos,,,2026-07-30T08:03:05.968Z,EUR,289809.0,113.45,3.0,94.76,62.99,132.12,70.71,,,23.68,9.66,22.36,16.44,,,,,,,,,,,,,,,,,,,,,,,,,,,,,,
