id,name,localId,rarity,supertype,cm_updated,cm_unit,cm_idProduct,cm_avg,cm_low,cm_trend,cm_avg1,cm_avg7,cm_avg30,cm_avg_holo,cm_low_holo,cm_trend_holo,cm_avg1_holo,cm_avg7_holo,cm_avg30_holo,tp_updated,tp_unit,tp_normal_productId,tp_normal_lowPrice,tp_normal_midPrice,tp_normal_highPrice,tp_normal_marketPrice,tp_normal_directLowPrice,tp_reverse_productId,tp_reverse_lowPrice,tp_reverse_midPrice,tp_reverse_highPrice,tp_reverse_marketPrice,tp_reverse_directLowPrice
swsh3-1,Butterfree V,1,Holo Rare V,,2026-07-06T18:05:01.132Z,EUR,482879,1.73,0.9,1.71,2.0,1.76,1.71,,,1.92,1.5,1.87,2.0,2026-07-06T18:05:00.769Z,USD,,,,,,,,,,,,
swsh3-2,Butterfree VMAX,2,Holo Rare VMAX,,2026-07-06T18:05:01.132Z,EUR,482884,4.96,2.5,5.5,5.0,5.45,5.18,,,5.65,4.0,5.41,7.31,2026-07-06T18:05:00.769Z,USD,,,,,,,,,,,,
swsh3-3,Paras,3,Common,,2026-07-06T18:05:01.145Z,EUR,482889,0.04,0.02,0.04,0.06,0.05,0.03,0.28,0.02,0.27,0.5,0.31,0.24,2026-07-06T18:05:00.769Z,USD,219061.0,0.01,0.15,25.04,0.04,0.02,219061.0,0.04,0.25,2.0,0.21,0.12
swsh3-4,Parasect,4,Uncommon,,2026-07-06T18:05:01.145Z,EUR,482894,0.06,0.02,0.04,0.02,0.04,0.06,0.34,0.05,0.33,0.16,0.31,0.31,2026-07-06T18:05:00.769Z,USD,219068.0,0.01,0.19,25.07,0.06,,219068.0,0.07,0.28,18.66,0.28,0.14
swsh3-5,Carnivine,5,Uncommon,,2026-07-06T18:05:01.145Z,EUR,482899,0.07,0.02,0.07,0.04,0.1,0.07,0.26,0.05,0.24,0.1,0.23,0.29,2026-07-06T18:05:00.769Z,USD,219069.0,0.03,0.15,25.1,0.1,0.06,219069.0,0.02,0.25,19.98,0.18,0.15
swsh3-6,Pansage,6,Common,,2026-07-06T18:05:01.132Z,EUR,482904,0.04,0.02,0.04,0.02,0.04,0.03,0.31,0.03,0.31,0.28,0.28,0.24,2026-07-06T18:05:00.769Z,USD,219074.0,0.01,0.15,25.04,0.04,0.01,219074.0,0.08,0.25,19.98,0.24,0.18
swsh3-7,Simisage,7,Uncommon,,2026-07-06T18:05:01.132Z,EUR,482909,0.06,0.02,0.07,0.05,0.06,0.05,0.19,0.04,0.14,0.1,0.13,0.21,2026-07-06T18:05:00.769Z,USD,219075.0,0.01,0.15,25.07,0.06,0.06,219075.0,0.02,0.25,19.98,0.23,0.13
swsh3-8,Karrablast,8,Common,,2026-07-06T18:05:01.132Z,EUR,482914,0.04,0.02,0.06,0.02,0.06,0.03,0.22,0.04,0.21,0.1,0.16,0.21,2026-07-06T18:05:00.769Z,USD,219080.0,0.01,0.15,25.05,0.03,0.02,219080.0,0.07,0.25,2.99,0.21,0.07
swsh3-9,Shelmet,9,Common,,2026-07-06T18:05:01.132Z,EUR,482919,0.03,0.02,0.02,0.02,0.03,0.03,0.29,0.02,0.27,0.09,0.24,0.25,2026-07-06T18:05:00.769Z,USD,219081.0,0.01,0.15,25.04,0.04,0.04,219081.0,0.05,0.25,19.98,0.22,0.16
swsh3-10,Accelgor,10,Rare,,2026-07-06T18:05:01.145Z,EUR,482924,0.09,0.02,0.12,0.15,0.1,0.14,0.41,0.05,0.46,0.15,0.35,0.51,2026-07-06T18:05:00.769Z,USD,219087.0,0.04,0.23,19.98,0.12,0.13,219087.0,0.19,0.38,19.98,0.38,
swsh3-11,Rowlet,11,Common,,2026-07-06T18:05:01.132Z,EUR,482929,0.06,0.02,0.08,0.02,0.07,0.05,0.29,0.03,0.22,0.18,0.22,0.26,2026-07-06T18:05:00.769Z,USD,219090.0,0.01,0.15,25.05,0.04,0.02,219090.0,0.02,0.26,19.98,0.28,
swsh3-12,Dartrix,12,Uncommon,,2026-07-06T18:05:01.132Z,EUR,482934,0.07,0.02,0.06,0.02,0.06,0.05,0.21,0.02,0.22,0.5,0.23,0.29,2026-07-06T18:05:00.769Z,USD,219092.0,0.01,0.16,25.04,0.04,0.04,219092.0,0.03,0.25,19.98,0.22,0.17
swsh3-13,Decidueye,13,Holo Rare,,2026-07-06T18:05:01.132Z,EUR,482939,0.32,0.02,0.36,0.8,0.34,0.39,0.94,0.08,0.94,1.0,0.93,0.86,2026-07-06T18:05:00.769Z,USD,,,,,,,219226.0,0.15,0.44,19.98,0.44,
swsh3-14,Bounsweet,14,Common,,2026-07-06T18:05:01.145Z,EUR,482944,0.09,0.02,0.1,0.2,0.05,0.07,0.34,0.05,0.28,0.15,0.25,0.32,2026-07-06T18:05:00.769Z,USD,219227.0,0.04,0.24,25.2,0.2,,219227.0,0.1,0.47,19.98,0.5,0.4
swsh3-15,Steenee,15,Uncommon,,2026-07-06T18:05:01.145Z,EUR,482949,0.05,0.02,0.05,0.1,0.05,0.04,0.23,0.05,0.21,0.1,0.16,0.25,2026-07-06T18:05:00.769Z,USD,219228.0,0.01,0.17,25.02,0.08,0.06,219228.0,0.07,0.26,19.98,0.26,
swsh3-16,Tsareena,16,Rare,,2026-07-06T18:05:01.132Z,EUR,482954,0.15,0.02,0.27,0.25,0.23,0.22,0.77,0.15,0.88,0.3,0.81,0.65,2026-07-06T18:05:00.769Z,USD,219229.0,0.1,0.24,19.7,0.19,0.13,219229.0,0.14,0.35,19.98,0.21,
swsh3-17,Wimpod,17,Common,,2026-07-06T18:05:01.145Z,EUR,482959,0.07,0.02,0.07,0.15,0.05,0.04,0.4,0.05,0.28,0.05,0.27,0.22,2026-07-06T18:05:00.769Z,USD,219230.0,0.01,0.15,25.05,0.03,0.02,219230.0,0.1,0.25,25.24,0.25,
swsh3-18,Golisopod,18,Holo Rare,,2026-07-06T18:05:01.132Z,EUR,482964,0.46,0.02,0.39,0.02,0.29,0.39,0.81,0.15,0.84,0.48,0.94,0.77,2026-07-06T18:05:00.769Z,USD,,,,,,,219231.0,0.23,0.43,19.98,0.38,0.41
swsh3-19,Charizard V,19,Holo Rare V,,2026-07-06T18:05:01.132Z,EUR,482969,9.68,1.5,6.52,6.49,7.91,9.31,,,12.36,11.47,12.29,12.73,2026-07-06T18:05:00.769Z,USD,,,,,,,,,,,,
swsh3-20,Charizard VMAX,20,Holo Rare VMAX,,2026-07-06T18:05:01.132Z,EUR,482974,40.75,17.0,70.69,48.0,67.36,46.21,,,82.76,84.99,85.31,83.91,2026-07-06T18:05:00.769Z,USD,,,,,,,,,,,,
swsh3-21,Houndoom V,21,Holo Rare V,,2026-07-06T18:05:01.132Z,EUR,482979,1.95,0.4,1.7,1.81,1.9,1.98,,,1.81,1.92,1.85,2.27,2026-07-06T18:05:00.769Z,USD,,,,,,,,,,,,
swsh3-22,Torchic,22,Common,,2026-07-06T18:05:01.132Z,EUR,482984,0.08,0.02,0.08,0.13,0.06,0.07,0.28,0.04,0.28,0.25,0.29,0.29,2026-07-06T18:05:00.769Z,USD,219235.0,0.04,0.25,25.21,0.21,0.17,219235.0,0.15,0.52,2.0,0.48,0.68
swsh3-23,Combusken,23,Uncommon,,2026-07-06T18:05:01.132Z,EUR,482989,0.06,0.02,0.07,0.1,0.05,0.05,0.39,0.05,0.42,0.85,0.32,0.37,2026-07-06T18:05:00.769Z,USD,219236.0,0.02,0.2,25.06,0.05,0.05,219236.0,0.11,0.36,18.8,0.35,0.23
swsh3-24,Blaziken,24,Holo Rare,,2026-07-06T18:05:01.145Z,EUR,482994,0.86,0.02,0.38,0.5,0.51,0.85,1.32,0.02,0.95,0.6,0.74,1.23,2026-07-06T18:05:00.769Z,USD,,,,,,,219237.0,0.5,1.0,6.89,1.03,
swsh3-25,Heatran,25,Holo Rare,,2026-07-06T18:05:01.132Z,EUR,482999,0.58,0.09,0.43,0.29,0.5,0.53,0.61,0.09,0.73,0.49,0.57,0.66,2026-07-06T18:05:00.769Z,USD,,,,,,,219238.0,0.2,0.4,19.98,0.4,0.39
swsh3-26,Pansear,26,Common,,2026-07-06T18:05:01.132Z,EUR,483004,0.04,0.02,0.06,0.1,0.06,0.04,0.21,0.03,0.17,0.09,0.17,0.23,2026-07-06T18:05:00.769Z,USD,219239.0,0.01,0.15,25.05,0.05,0.01,219239.0,0.05,0.25,19.98,0.19,0.1
swsh3-27,Simisear,27,Uncommon,,2026-07-06T18:05:01.145Z,EUR,483009,0.05,0.02,0.06,0.1,0.06,0.05,0.29,0.03,0.29,0.27,0.29,0.23,2026-07-06T18:05:00.769Z,USD,219240.0,0.01,0.16,25.13,0.05,0.02,219240.0,0.08,0.25,19.98,0.23,
swsh3-28,Galarian Darmanitan,28,Rare,,2026-07-06T18:05:01.132Z,EUR,483014,0.4,0.02,0.43,0.29,0.44,0.32,0.97,0.15,0.86,0.75,0.64,0.84,2026-07-06T18:05:00.769Z,USD,219241.0,0.14,0.3,19.98,0.3,0.22,219241.0,0.25,0.56,19.98,0.56,
swsh3-29,Larvesta,29,Common,,2026-07-06T18:05:01.500Z,EUR,483019,0.04,0.02,0.05,0.1,0.05,0.04,0.23,0.02,0.22,0.09,0.21,0.23,2026-07-06T18:05:00.769Z,USD,219242.0,0.01,0.16,25.06,0.07,,219242.0,0.09,0.26,19.98,0.26,
swsh3-30,Volcarona,30,Rare,,2026-07-06T18:05:01.132Z,EUR,483024,0.16,0.02,0.16,0.13,0.13,0.2,0.53,0.1,0.51,0.15,0.48,0.54,2026-07-06T18:05:00.769Z,USD,219244.0,0.04,0.2,19.98,0.15,,219244.0,0.2,0.39,19.98,0.38,
swsh3-31,Fletchinder,31,Uncommon,,2026-07-06T18:05:01.145Z,EUR,483029,0.04,0.02,0.05,0.02,0.05,0.03,0.37,0.02,0.37,0.5,0.32,0.31,2026-07-06T18:05:00.769Z,USD,219245.0,0.01,0.15,25.04,0.04,0.02,219245.0,0.07,0.25,25.25,0.24,0.13
swsh3-32,Talonflame,32,Rare,,2026-07-06T18:05:01.145Z,EUR,483034,0.2,0.02,0.23,0.03,0.18,0.19,0.92,0.05,0.94,1.0,0.74,0.75,2026-07-06T18:05:00.769Z,USD,219246.0,0.01,0.2,19.98,0.05,,219246.0,0.23,0.4,19.98,0.38,
swsh3-33,Centiskorch V,33,Holo Rare V,,2026-07-06T18:05:01.132Z,EUR,483039,1.08,0.3,0.86,0.2,0.98,1.07,,,1.83,1.38,2.11,2.35,2026-07-06T18:05:00.769Z,USD,,,,,,,,,,,,
swsh3-34,Centiskorch VMAX,34,Holo Rare VMAX,,2026-07-06T18:05:01.145Z,EUR,483044,2.09,0.39,1.88,1.72,1.96,2.02,,,6.84,6.99,7.0,7.6,2026-07-06T18:05:00.769Z,USD,,,,,,,,,,,,
swsh3-35,Galarian Mr. Mime,35,Common,,2026-07-06T18:05:01.132Z,EUR,483049,0.04,0.02,0.03,0.02,0.04,0.03,0.27,0.03,0.24,0.05,0.3,0.31,2026-07-06T18:05:00.769Z,USD,219260.0,0.01,0.15,25.04,0.05,0.01,219260.0,0.04,0.28,19.48,0.28,0.1
swsh3-36,Galarian Mr. Rime,36,Rare,,2026-07-06T18:05:01.132Z,EUR,483054,0.28,0.02,0.23,0.49,0.22,0.37,1.21,0.15,1.24,1.0,1.11,0.86,2026-07-06T18:05:00.769Z,USD,219267.0,0.1,0.33,19.98,0.31,0.24,219267.0,0.2,0.53,19.98,0.5,0.49
swsh3-37,Suicune,37,Holo Rare,,2026-07-06T18:05:01.500Z,EUR,483059,1.42,0.09,1.66,1.7,1.41,1.26,2.08,0.2,1.89,1.8,1.99,1.67,2026-07-06T18:05:00.769Z,USD,,,,,,,219271.0,0.67,1.15,19.98,1.21,
swsh3-38,Feebas,38,Common,,2026-07-06T18:05:01.132Z,EUR,483064,0.05,0.02,0.07,0.17,0.07,0.04,0.41,0.02,0.34,0.39,0.27,0.28,2026-07-06T18:05:00.769Z,USD,219275.0,0.01,0.17,25.07,0.08,0.05,219275.0,0.09,0.35,19.98,0.34,0.24
swsh3-39,Milotic,39,Holo Rare,,2026-07-06T18:05:01.145Z,EUR,483069,0.83,0.1,0.73,0.4,0.52,0.84,1.16,0.2,1.34,0.88,1.32,1.04,2026-07-06T18:05:00.769Z,USD,,,,,,,219303.0,0.09,0.71,2.69,0.71,0.75
swsh3-40,Relicanth,40,Uncommon,,2026-07-06T18:05:01.132Z,EUR,483079,0.07,0.02,0.07,0.1,0.06,0.06,0.33,0.04,0.33,0.05,0.29,0.27,2026-07-06T18:05:00.769Z,USD,219322.0,0.01,0.18,25.05,0.03,,219322.0,0.05,0.25,19.98,0.23,
swsh3-41,Panpour,41,Common,,2026-07-06T18:05:01.132Z,EUR,483084,0.06,0.02,0.1,0.2,0.08,0.05,0.29,0.03,0.3,0.19,0.26,0.24,2026-07-06T18:05:00.769Z,USD,219324.0,0.01,0.18,25.08,0.08,0.06,219324.0,0.05,0.27,25.21,0.21,
swsh3-42,Simipour,42,Uncommon,,2026-07-06T18:05:01.132Z,EUR,483089,0.05,0.02,0.09,0.1,0.08,0.05,0.34,0.03,0.32,0.28,0.24,0.24,2026-07-06T18:05:00.769Z,USD,219338.0,0.01,0.16,25.06,0.05,0.01,219338.0,0.04,0.33,2.31,0.32,0.11
swsh3-43,Galarian Darumaka,43,Common,,2026-07-06T18:05:01.500Z,EUR,483094,0.05,0.02,0.04,0.02,0.04,0.03,0.24,0.02,0.2,0.11,0.15,0.25,2026-07-06T18:05:00.769Z,USD,219339.0,0.01,0.15,25.06,0.07,0.05,219339.0,0.05,0.26,17.66,0.26,0.12
swsh3-44,Galarian Darmanitan,44,Rare,,2026-07-06T18:05:01.145Z,EUR,483099,0.31,0.02,0.28,0.4,0.33,0.27,0.86,0.08,0.8,0.5,0.68,0.63,2026-07-06T18:05:00.769Z,USD,219345.0,0.15,0.3,4.0,0.31,0.2,219345.0,0.18,0.43,19.56,0.4,0.48
swsh3-45,Vanillite,45,Common,,2026-07-06T18:05:01.132Z,EUR,483104,0.08,0.02,0.06,0.02,0.04,0.05,0.3,0.05,0.27,0.19,0.23,0.24,2026-07-06T18:05:00.769Z,USD,219348.0,0.01,0.16,25.08,0.08,,219348.0,0.07,0.25,19.58,0.24,0.11
swsh3-46,Vanillish,46,Uncommon,,2026-07-06T18:05:01.132Z,EUR,483109,0.08,0.02,0.08,0.05,0.09,0.06,0.29,0.02,0.27,0.1,0.26,0.26,2026-07-06T18:05:00.769Z,USD,219349.0,0.02,0.18,25.12,0.1,0.1,219349.0,0.01,0.29,2.99,0.29,0.21
swsh3-47,Vanilluxe,47,Rare,,2026-07-06T18:05:01.500Z,EUR,483114,0.15,0.02,0.19,0.02,0.14,0.18,0.56,0.05,0.58,0.28,0.51,0.5,2026-07-06T18:05:00.769Z,USD,219351.0,0.05,0.2,19.98,0.11,0.1,219351.0,0.2,0.33,19.98,0.31,
swsh3-48,Cubchoo,48,Common,,2026-07-06T18:05:01.132Z,EUR,483074,0.05,0.02,0.05,0.02,0.05,0.05,0.32,0.02,0.27,0.2,0.24,0.23,2026-07-06T18:05:00.769Z,USD,219358.0,0.01,0.15,25.06,0.03,0.01,219358.0,0.05,0.3,19.98,0.3,0.29
swsh3-49,Beartic,49,Rare,,2026-07-06T18:05:01.132Z,EUR,483119,0.16,0.02,0.17,0.05,0.12,0.15,0.83,0.1,0.76,0.75,0.82,0.52,2026-07-06T18:05:00.769Z,USD,219361.0,0.05,0.21,19.98,0.1,0.11,219361.0,0.19,0.35,19.98,0.33,0.34
swsh3-50,Wishiwashi,50,Common,,2026-07-06T18:05:01.145Z,EUR,483124,0.05,0.02,0.04,0.02,0.05,0.04,0.25,0.02,0.23,0.25,0.21,0.27,2026-07-06T18:05:00.769Z,USD,219375.0,0.01,0.15,25.05,0.06,0.05,219375.0,0.07,0.29,2.99,0.28,0.22
swsh3-51,Mareanie,51,Common,,2026-07-06T18:05:01.132Z,EUR,483129,0.11,0.02,0.07,0.05,0.07,0.1,0.3,0.09,0.35,0.5,0.38,0.32,2026-07-06T18:05:00.769Z,USD,219377.0,0.01,0.2,25.06,0.07,0.06,219377.0,0.1,0.37,2.0,0.37,0.39
swsh3-52,Toxapex,52,Uncommon,,2026-07-06T18:05:01.145Z,EUR,483134,0.08,0.02,0.14,0.25,0.13,0.09,0.24,0.02,0.37,1.0,0.35,0.31,2026-07-06T18:05:00.769Z,USD,219379.0,0.01,0.2,25.06,0.07,0.01,219379.0,0.03,0.25,19.98,0.22,
swsh3-53,Dracovish,53,Holo Rare,,2026-07-06T18:05:01.132Z,EUR,483139,2.1,0.48,2.49,1.9,2.73,2.03,4.56,0.55,3.46,3.0,3.07,3.47,2026-07-06T18:05:00.769Z,USD,,,,,,,219382.0,0.4,1.36,19.98,1.36,
swsh3-54,Arctovish,54,Rare,,2026-07-06T18:05:01.132Z,EUR,483144,0.87,0.09,0.94,0.5,0.82,0.7,4.08,0.3,3.73,0.98,3.7,1.62,2026-07-06T18:05:00.769Z,USD,219384.0,0.18,0.43,19.98,0.42,,219384.0,0.3,0.8,3.38,0.87,
swsh3-55,Mareep,55,Common,,2026-07-06T18:05:01.132Z,EUR,483149,0.09,0.02,0.05,0.08,0.07,0.09,0.31,0.09,0.38,0.5,0.42,0.38,2026-07-06T18:05:00.769Z,USD,219387.0,0.01,0.17,25.09,0.09,0.09,219387.0,0.05,0.35,2.99,0.35,0.23
swsh3-56,Flaaffy,56,Uncommon,,2026-07-06T18:05:01.132Z,EUR,483154,0.11,0.02,0.08,0.11,0.1,0.11,0.41,0.05,0.39,0.2,0.35,0.36,2026-07-06T18:05:00.769Z,USD,219394.0,0.04,0.23,25.14,0.15,,219394.0,0.15,0.39,19.98,0.4,
swsh3-57,Ampharos,57,Rare,,2026-07-06T18:05:01.132Z,EUR,483159,0.27,0.02,0.33,0.75,0.26,0.28,1.25,0.05,1.1,0.99,1.15,0.9,2026-07-06T18:05:00.769Z,USD,219403.0,0.11,0.28,19.98,0.26,,219403.0,0.27,0.57,19.98,0.57,
swsh3-58,Electrike,58,Common,,2026-07-06T18:05:01.145Z,EUR,483164,0.07,0.02,0.07,0.04,0.04,0.04,0.25,0.02,0.25,0.2,0.18,0.24,2026-07-06T18:05:00.769Z,USD,219407.0,0.01,0.15,25.05,0.05,0.01,219407.0,0.08,0.26,19.98,0.27,0.1
swsh3-59,Manectric,59,Rare,,2026-07-06T18:05:01.132Z,EUR,483169,0.17,0.02,0.2,0.15,0.18,0.18,0.79,0.1,0.81,0.43,0.62,0.65,2026-07-06T18:05:00.769Z,USD,219408.0,0.04,0.25,19.98,0.26,0.11,219408.0,0.15,0.35,19.98,0.34,0.39
swsh3-60,Vikavolt V,60,Holo Rare V,,2026-07-06T18:05:01.145Z,EUR,483174,0.89,0.45,0.84,1.0,0.8,0.96,,,1.64,2.49,1.98,2.12,2026-07-06T18:05:00.769Z,USD,,,,,,,,,,,,
swsh3-61,Tapu Koko,61,Holo Rare,,2026-07-06T18:05:01.132Z,EUR,483179,0.55,0.02,0.6,1.15,0.42,0.49,0.86,0.15,0.81,0.35,0.84,0.82,2026-07-06T18:05:00.769Z,USD,,,,,,,219413.0,0.22,0.4,19.48,0.39,0.27
swsh3-62,Toxel,62,Common,,2026-07-06T18:05:01.132Z,EUR,483189,0.06,0.02,0.08,0.1,0.06,0.04,0.35,0.02,0.29,0.05,0.22,0.26,2026-07-06T18:05:00.769Z,USD,219416.0,0.01,0.15,25.08,0.08,,219416.0,0.08,0.27,19.98,0.26,
swsh3-63,Toxtricity,63,Holo Rare,,2026-07-06T18:05:01.132Z,EUR,483194,0.49,0.02,0.42,0.14,0.38,0.47,0.59,0.1,0.58,0.2,0.32,0.51,2026-07-06T18:05:00.769Z,USD,,,,,,,219419.0,0.18,0.45,19.86,0.45,
swsh3-64,Pincurchin,64,Holo Rare,,2026-07-06T18:05:01.145Z,EUR,483199,0.51,0.08,0.4,0.47,0.54,0.42,0.63,0.1,0.7,0.3,0.53,0.55,2026-07-06T18:05:00.769Z,USD,,,,,,,219421.0,0.19,0.4,19.48,0.4,0.25
swsh3-65,Dracozolt,65,Rare,,2026-07-06T18:05:01.145Z,EUR,483204,0.45,0.02,0.57,0.2,0.72,0.46,2.81,0.2,2.27,0.79,1.52,2.01,2026-07-06T18:05:00.769Z,USD,219432.0,0.19,0.36,19.98,0.31,,219432.0,0.2,0.73,19.98,0.72,
swsh3-66,Arctozolt,66,Holo Rare,,2026-07-06T18:05:01.132Z,EUR,483209,5.3,1.99,5.19,6.99,5.52,5.97,8.3,2.5,9.2,8.99,7.5,7.08,2026-07-06T18:05:00.769Z,USD,,,,,,,219434.0,1.11,2.71,26.4,2.32,
swsh3-67,Jigglypuff,67,Common,,2026-07-06T18:05:01.145Z,EUR,483214,0.06,0.02,0.08,0.19,0.05,0.07,0.35,0.05,0.28,0.39,0.26,0.32,2026-07-06T18:05:00.769Z,USD,219441.0,0.01,0.2,25.11,0.11,0.1,219441.0,0.01,0.45,19.84,0.46,0.45
swsh3-68,Wigglytuff,68,Rare,,2026-07-06T18:05:01.132Z,EUR,483219,0.3,0.02,0.25,0.02,0.37,0.31,1.45,0.28,1.18,0.2,0.66,0.92,2026-07-06T18:05:00.769Z,USD,219442.0,0.06,0.28,2.99,0.31,0.21,219442.0,0.25,0.56,19.98,0.57,
swsh3-69,Mew V,69,Holo Rare V,,2026-07-06T18:05:01.145Z,EUR,483224,4.13,0.99,4.72,4.45,4.28,4.3,,,2.77,3.07,2.78,3.23,2026-07-06T18:05:00.769Z,USD,,,,,,,,,,,,
swsh3-70,Snubbull,70,Common,,2026-07-06T18:05:01.145Z,EUR,483229,0.04,0.02,0.05,0.09,0.05,0.04,0.25,0.05,0.2,0.2,0.19,0.21,2026-07-06T18:05:00.769Z,USD,219445.0,0.01,0.15,25.07,0.06,0.05,219445.0,0.09,0.27,40.0,0.27,0.17
swsh3-71,Granbull,71,Rare,,2026-07-06T18:05:01.132Z,EUR,483234,0.14,0.02,0.15,0.15,0.14,0.14,0.89,0.14,0.95,1.22,0.93,0.59,2026-07-06T18:05:00.769Z,USD,219446.0,0.01,0.23,49.0,0.21,0.1,219446.0,0.1,0.44,19.48,0.47,0.21
swsh3-72,Lunatone,72,Uncommon,,2026-07-06T18:05:01.132Z,EUR,483239,0.07,0.02,0.07,0.02,0.1,0.04,0.25,0.02,0.21,0.13,0.26,0.25,2026-07-06T18:05:00.769Z,USD,219447.0,0.01,0.15,25.06,0.05,0.02,219447.0,0.03,0.25,19.98,0.11,
swsh3-73,Gothita,73,Common,,2026-07-06T18:05:01.132Z,EUR,483244,0.06,0.02,0.06,0.03,0.04,0.06,0.25,0.05,0.33,0.99,0.27,0.24,2026-07-06T18:05:00.769Z,USD,219449.0,0.01,0.18,25.05,0.04,0.04,219449.0,0.1,0.29,19.98,0.29,0.3
swsh3-74,Gothorita,74,Uncommon,,2026-07-06T18:05:01.132Z,EUR,483249,0.08,0.02,0.07,0.2,0.08,0.08,0.26,0.02,0.29,0.6,0.28,0.28,2026-07-06T18:05:00.769Z,USD,219451.0,0.02,0.2,25.06,0.08,0.09,219451.0,0.05,0.32,19.48,0.31,0.23
swsh3-75,Gothitelle,75,Rare,,2026-07-06T18:05:01.132Z,EUR,483254,0.19,0.02,0.23,0.35,0.2,0.22,0.8,0.1,0.8,0.5,0.9,0.67,2026-07-06T18:05:00.769Z,USD,219454.0,0.01,0.25,19.98,0.06,,219454.0,0.21,0.45,19.98,0.46,
swsh3-76,Golett,76,Common,,2026-07-06T18:05:01.132Z,EUR,483259,0.03,0.02,0.04,0.02,0.03,0.03,0.28,0.02,0.22,0.25,0.21,0.27,2026-07-06T18:05:00.769Z,USD,219456.0,0.01,0.15,25.05,0.09,0.05,219456.0,0.06,0.28,19.98,0.29,0.1
swsh3-77,Golurk,77,Rare,,2026-07-06T18:05:01.132Z,EUR,483264,0.13,0.02,0.16,0.08,0.13,0.18,0.56,0.18,0.54,0.5,0.61,0.56,2026-07-06T18:05:00.769Z,USD,219459.0,0.05,0.2,2.99,0.09,0.1,219459.0,0.15,0.44,19.52,0.44,0.4
swsh3-78,Dedenne,78,Uncommon,,2026-07-06T18:05:01.145Z,EUR,483269,0.18,0.02,0.14,0.07,0.15,0.18,0.39,0.02,0.44,0.6,0.42,0.36,2026-07-06T18:05:00.769Z,USD,219462.0,0.01,0.3,19.98,0.26,,219462.0,0.1,0.58,19.98,0.6,
swsh3-79,Morelull,79,Common,,2026-07-06T18:05:01.145Z,EUR,483274,0.06,0.02,0.05,0.04,0.03,0.04,0.29,0.03,0.29,0.13,0.25,0.24,2026-07-06T18:05:00.769Z,USD,219464.0,0.01,0.15,25.07,0.05,,219464.0,0.04,0.25,5.1,0.17,0.14
swsh3-80,Shiinotic,80,Uncommon,,2026-07-06T18:05:01.132Z,EUR,483279,0.06,0.02,0.07,0.05,0.06,0.05,0.32,0.02,0.3,0.2,0.29,0.29,2026-07-06T18:05:00.769Z,USD,219465.0,0.01,0.18,25.04,0.04,,219465.0,0.1,0.31,19.98,0.31,
swsh3-81,Mimikyu,81,Rare,,2026-07-06T18:05:01.132Z,EUR,483284,0.38,0.05,0.22,0.26,0.13,0.2,1.93,0.1,2.35,0.5,1.52,1.47,2026-07-06T18:05:00.769Z,USD,219467.0,0.1,0.4,19.98,0.32,,219467.0,0.31,1.24,19.98,1.23,
swsh3-82,Sinistea,82,Common,,2026-07-06T18:05:01.132Z,EUR,483289,0.07,0.02,0.08,0.04,0.06,0.07,0.31,0.02,0.3,0.1,0.31,0.28,2026-07-06T18:05:00.769Z,USD,219468.0,0.01,0.16,17.28,0.06,0.1,219468.0,0.09,0.3,19.98,0.31,0.15
swsh3-83,Polteageist,83,Uncommon,,2026-07-06T18:05:01.145Z,EUR,483294,0.15,0.02,0.15,0.25,0.11,0.13,0.42,0.03,0.3,0.19,0.36,0.37,2026-07-06T18:05:00.769Z,USD,219470.0,0.02,0.2,19.98,0.07,0.06,219470.0,0.1,0.27,19.98,0.23,
swsh3-84,Diglett,84,Common,,2026-07-06T18:05:01.132Z,EUR,483299,0.06,0.02,0.07,0.03,0.06,0.04,0.24,0.02,0.15,0.1,0.2,0.27,2026-07-06T18:05:00.769Z,USD,219471.0,0.01,0.2,25.1,0.07,0.06,219471.0,0.1,0.37,19.98,0.38,
swsh3-85,Dugtrio,85,Uncommon,,2026-07-06T18:05:01.132Z,EUR,483304,0.07,0.02,0.05,0.11,0.06,0.08,0.29,0.02,0.19,0.1,0.2,0.3,2026-07-06T18:05:00.769Z,USD,219473.0,0.03,0.19,25.1,0.09,0.1,219473.0,0.1,0.31,2.0,0.32,0.19
swsh3-86,Larvitar,86,Common,,2026-07-06T18:05:01.132Z,EUR,483309,0.07,0.02,0.07,0.1,0.05,0.06,0.27,0.05,0.27,0.22,0.28,0.23,2026-07-06T18:05:00.769Z,USD,219474.0,0.01,0.15,25.05,0.06,0.06,219474.0,0.08,0.31,19.98,0.32,
swsh3-87,Pupitar,87,Uncommon,,2026-07-06T18:05:01.145Z,EUR,483314,0.08,0.02,0.05,0.02,0.04,0.05,0.26,0.04,0.23,0.25,0.2,0.25,2026-07-06T18:05:00.769Z,USD,219476.0,0.01,0.17,25.08,0.08,0.06,219476.0,0.06,0.25,2.37,0.24,0.12
swsh3-88,Tyranitar,88,Holo Rare,,2026-07-06T18:05:01.145Z,EUR,483319,0.88,0.07,0.67,0.48,0.76,0.78,1.21,0.1,1.33,1.49,1.28,1.29,2026-07-06T18:05:00.769Z,USD,,,,,,,219477.0,0.25,0.79,1.98,0.78,1.02
swsh3-89,Trapinch,89,Common,,2026-07-06T18:05:01.145Z,EUR,483324,0.1,0.02,0.11,0.28,0.1,0.1,0.32,0.02,0.23,0.35,0.36,0.36,2026-07-06T18:05:00.769Z,USD,219479.0,0.09,0.28,25.28,0.25,,219479.0,0.1,0.54,19.98,0.53,
swsh3-90,Vibrava,90,Uncommon,,2026-07-06T18:05:01.145Z,EUR,483329,0.07,0.02,0.08,0.06,0.08,0.06,0.36,0.02,0.26,0.05,0.26,0.28,2026-07-06T18:05:00.769Z,USD,219481.0,0.01,0.17,25.06,0.05,,219481.0,0.01,0.25,19.98,0.21,
swsh3-91,Flygon,91,Rare,,2026-07-06T18:05:01.132Z,EUR,483334,0.22,0.02,0.23,0.28,0.27,0.24,0.98,0.12,1.03,0.95,0.96,0.91,2026-07-06T18:05:00.769Z,USD,219482.0,0.04,0.25,19.96,0.16,0.15,219482.0,0.15,0.54,19.98,0.54,
swsh3-92,Solrock,92,Uncommon,,2026-07-06T18:05:01.145Z,EUR,483339,0.06,0.02,0.09,0.08,0.06,0.04,0.27,0.05,0.24,0.1,0.24,0.21,2026-07-06T18:05:00.769Z,USD,219484.0,0.01,0.16,25.08,0.07,0.01,219484.0,0.04,0.25,19.98,0.07,0.08
swsh3-93,Hippopotas,93,Common,,2026-07-06T18:05:01.132Z,EUR,483344,0.05,0.02,0.04,0.03,0.05,0.04,0.28,0.02,0.28,0.14,0.32,0.23,2026-07-06T18:05:00.769Z,USD,219485.0,0.01,0.15,25.03,0.03,0.03,219485.0,0.03,0.24,19.98,0.18,
swsh3-94,Hippowdon,94,Rare,,2026-07-06T18:05:01.132Z,EUR,483349,0.13,0.02,0.13,0.05,0.13,0.17,0.64,0.1,0.66,0.4,0.57,0.57,2026-07-06T18:05:00.769Z,USD,219487.0,0.07,0.2,19.36,0.16,0.1,219487.0,0.16,0.41,1.69,0.41,0.2
swsh3-95,Rhyperior V,95,Holo Rare V,,2026-07-06T18:05:01.145Z,EUR,483354,1.1,0.2,1.4,1.25,1.23,1.11,,,1.81,1.5,2.08,1.82,2026-07-06T18:05:00.769Z,USD,,,,,,,,,,,,
swsh3-96,Diggersby,96,Rare,,2026-07-06T18:05:01.132Z,EUR,483359,0.12,0.02,0.07,0.1,0.1,0.17,0.65,0.06,0.72,0.3,0.69,0.61,2026-07-06T18:05:00.769Z,USD,219491.0,0.04,0.22,19.98,0.2,0.1,219491.0,0.12,0.33,21.0,0.28,
swsh3-97,Passimian,97,Common,,2026-07-06T18:05:01.132Z,EUR,483364,0.04,0.02,0.04,0.03,0.04,0.03,0.21,0.03,0.23,0.24,0.14,0.2,2026-07-06T18:05:00.769Z,USD,219493.0,0.01,0.15,25.05,0.05,0.05,219493.0,0.01,0.25,19.98,0.05,0.05
swsh3-98,Galarian Sirfetch'd,98,Rare,,2026-07-06T18:05:01.132Z,EUR,483369,0.4,0.02,0.57,0.55,0.48,0.44,0.96,0.25,0.92,1.0,0.9,0.87,2026-07-06T18:05:00.769Z,USD,219495.0,0.11,0.28,19.98,0.27,,219495.0,0.25,0.61,19.98,0.63,0.74
swsh3-99,Galarian Slowbro V,99,Holo Rare V,,2026-07-06T18:05:01.132Z,EUR,483374,1.01,0.25,1.06,0.93,1.13,1.0,,,1.05,1.03,1.14,1.16,2026-07-06T18:05:00.769Z,USD,,,,,,,,,,,,
swsh3-100,Grimer,100,Common,,2026-07-06T18:05:01.132Z,EUR,483379,0.05,0.02,0.04,0.03,0.03,0.04,0.19,0.02,0.19,0.15,0.2,0.19,2026-07-06T18:05:00.769Z,USD,219401.0,0.01,0.15,25.05,0.07,0.05,219401.0,0.1,0.29,2.99,0.29,0.16
swsh3-101,Muk,101,Rare,,2026-07-06T18:05:01.132Z,EUR,483384,0.18,0.02,0.18,0.2,0.19,0.18,0.7,0.15,0.7,1.0,0.57,0.6,2026-07-06T18:05:00.769Z,USD,219402.0,0.05,0.22,19.92,0.09,,219402.0,0.2,0.5,19.98,0.51,
swsh3-102,Spinarak,102,Common,,2026-07-06T18:05:01.145Z,EUR,483389,0.04,0.02,0.05,0.06,0.05,0.03,0.32,0.02,0.31,0.25,0.23,0.22,2026-07-06T18:05:00.769Z,USD,219404.0,0.01,0.15,25.04,0.03,0.01,219404.0,0.05,0.25,19.98,0.21,0.13
swsh3-103,Ariados,103,Uncommon,,2026-07-06T18:05:01.145Z,EUR,483394,0.06,0.02,0.05,0.02,0.05,0.05,0.19,0.02,0.22,0.25,0.14,0.21,2026-07-06T18:05:00.769Z,USD,219405.0,0.01,0.16,25.06,0.06,0.06,219405.0,0.06,0.25,19.98,0.21,0.1
swsh3-104,Crobat V,104,Holo Rare V,,2026-07-06T18:05:01.132Z,EUR,483399,1.23,0.29,1.22,1.22,1.33,1.2,,,4.74,5.0,5.94,5.77,2026-07-06T18:05:00.769Z,USD,,,,,,,,,,,,
swsh3-105,Darkrai,105,Holo Rare,,2026-07-06T18:05:01.132Z,EUR,483404,1.19,0.1,1.29,2.29,1.58,1.27,1.22,0.4,1.16,1.65,1.22,1.34,2026-07-06T18:05:00.769Z,USD,,,,,,,219409.0,0.2,0.6,19.98,0.6,0.6
swsh3-106,Purrloin,106,Common,,2026-07-06T18:05:01.132Z,EUR,483409,0.05,0.02,0.06,0.04,0.05,0.05,0.33,0.02,0.35,0.24,0.34,0.26,2026-07-06T18:05:00.769Z,USD,219412.0,0.01,0.15,25.06,0.07,0.06,219412.0,0.04,0.35,18.48,0.38,0.19
swsh3-107,Liepard,107,Rare,,2026-07-06T18:05:01.132Z,EUR,483414,0.16,0.02,0.14,0.25,0.17,0.16,0.86,0.05,0.78,0.95,0.81,0.68,2026-07-06T18:05:00.769Z,USD,219414.0,0.05,0.23,19.98,0.17,0.18,219414.0,0.2,0.39,19.98,0.37,
swsh3-108,Deino,108,Common,,2026-07-06T18:05:01.132Z,EUR,483419,0.05,0.02,0.05,0.02,0.05,0.03,0.28,0.02,0.26,0.4,0.34,0.28,2026-07-06T18:05:00.769Z,USD,219420.0,0.01,0.15,19.98,0.06,0.01,219420.0,0.05,0.25,19.98,0.09,0.2
swsh3-109,Zweilous,109,Uncommon,,2026-07-06T18:05:01.145Z,EUR,483424,0.06,0.02,0.06,0.09,0.05,0.04,0.34,0.02,0.36,0.4,0.37,0.28,2026-07-06T18:05:00.769Z,USD,219422.0,0.01,0.16,19.98,0.05,0.02,219422.0,0.08,0.25,19.98,0.2,0.15
swsh3-110,Hydreigon,110,Rare,,2026-07-06T18:05:01.132Z,EUR,483429,0.24,0.02,0.23,0.02,0.2,0.21,1.2,0.09,0.94,0.95,0.84,0.81,2026-07-06T18:05:00.769Z,USD,219423.0,0.06,0.25,5.09,0.13,0.14,219423.0,0.25,0.46,9.99,0.43,0.48
swsh3-111,Hoopa,111,Holo Rare,,2026-07-06T18:05:01.132Z,EUR,483434,0.48,0.02,0.46,0.15,0.42,0.44,1.13,0.05,0.96,0.15,0.89,1.04,2026-07-06T18:05:00.769Z,USD,,,,,,,219424.0,0.13,0.41,19.98,0.45,
swsh3-112,Nickit,112,Common,,2026-07-06T18:05:01.132Z,EUR,483439,0.05,0.02,0.04,0.02,0.04,0.04,0.27,0.03,0.29,0.1,0.29,0.27,2026-07-06T18:05:00.769Z,USD,219426.0,0.01,0.15,25.04,0.05,0.04,219426.0,0.08,0.29,19.98,0.29,0.1
swsh3-113,Thievul,113,Rare,,2026-07-06T18:05:01.132Z,EUR,483444,0.16,0.02,0.13,0.05,0.08,0.16,0.66,0.1,0.64,0.1,0.52,0.64,2026-07-06T18:05:00.769Z,USD,219427.0,0.05,0.24,19.98,0.22,0.1,219427.0,0.05,0.37,19.48,0.35,0.05
swsh3-114,Grimmsnarl V,114,Holo Rare V,,2026-07-06T18:05:01.132Z,EUR,483449,1.18,0.25,1.14,0.99,1.19,1.16,,,1.21,0.67,1.15,1.67,2026-07-06T18:05:00.769Z,USD,,,,,,,,,,,,
swsh3-115,Grimmsnarl VMAX,115,Holo Rare VMAX,,2026-07-06T18:05:01.145Z,EUR,483454,2.23,1.0,2.0,2.39,2.21,2.25,,,5.96,5.0,7.49,6.89,2026-07-06T18:05:00.769Z,USD,,,,,,,,,,,,
swsh3-116,Eternatus V,116,Holo Rare V,,2026-07-06T18:05:01.132Z,EUR,483459,1.86,0.3,1.5,2.0,1.41,1.75,,,2.72,2.86,2.7,2.95,2026-07-06T18:05:00.769Z,USD,,,,,,,,,,,,
swsh3-117,Eternatus VMAX,117,Holo Rare VMAX,,2026-07-06T18:05:01.132Z,EUR,483464,3.4,0.2,3.81,6.0,3.4,3.42,,,7.25,8.98,8.43,8.9,2026-07-06T18:05:00.769Z,USD,,,,,,,,,,,,
swsh3-118,Scizor V,118,Holo Rare V,,2026-07-06T18:05:01.132Z,EUR,483469,2.04,0.45,1.86,1.73,1.82,1.96,,,2.02,3.42,2.02,2.25,2026-07-06T18:05:00.769Z,USD,,,,,,,,,,,,
swsh3-119,Scizor VMAX,119,Holo Rare VMAX,,2026-07-06T18:05:01.132Z,EUR,483474,3.88,1.0,3.85,4.26,3.77,3.78,,,6.96,6.0,7.04,7.73,2026-07-06T18:05:00.769Z,USD,,,,,,,,,,,,
swsh3-120,Skarmory,120,Common,,2026-07-06T18:05:01.132Z,EUR,483479,0.06,0.02,0.05,0.1,0.04,0.04,0.24,0.02,0.25,0.1,0.3,0.25,2026-07-06T18:05:00.769Z,USD,219376.0,0.01,0.15,25.04,0.02,0.01,219376.0,0.07,0.32,17.2,0.33,0.1
swsh3-121,Aron,121,Common,,2026-07-06T18:05:01.145Z,EUR,483484,0.06,0.02,0.05,0.06,0.04,0.04,0.26,0.02,0.26,0.19,0.21,0.27,2026-07-06T18:05:00.769Z,USD,219378.0,0.01,0.17,25.1,0.08,0.08,219378.0,0.09,0.29,19.98,0.28,
swsh3-122,Lairon,122,Uncommon,,2026-07-06T18:05:01.145Z,EUR,483489,0.06,0.02,0.05,0.06,0.04,0.05,0.3,0.02,0.36,0.28,0.31,0.27,2026-07-06T18:05:00.769Z,USD,219380.0,0.01,0.17,25.12,0.08,0.06,219380.0,0.06,0.29,19.98,0.29,
swsh3-123,Aggron,123,Holo Rare,,2026-07-06T18:05:01.132Z,EUR,483494,0.55,0.05,0.5,0.95,0.47,0.54,1.28,0.1,1.15,0.49,1.12,0.97,2026-07-06T18:05:00.769Z,USD,,,,,,,219381.0,0.22,0.6,19.84,0.57,0.75
swsh3-124,Escavalier,124,Rare,,2026-07-06T18:05:01.145Z,EUR,483499,0.15,0.02,0.15,0.09,0.1,0.19,0.7,0.05,0.7,0.94,0.61,0.55,2026-07-06T18:05:00.769Z,USD,219383.0,0.01,0.2,19.98,0.02,,219383.0,0.06,0.36,19.98,0.36,0.23
swsh3-125,Klink,125,Common,,2026-07-06T18:05:01.145Z,EUR,483504,0.03,0.02,0.03,0.02,0.04,0.03,0.23,0.02,0.21,0.14,0.2,0.21,2026-07-06T18:05:00.769Z,USD,219385.0,0.01,0.15,25.06,0.05,0.01,219385.0,0.03,0.24,19.98,0.07,
swsh3-126,Klang,126,Uncommon,,2026-07-06T18:05:01.132Z,EUR,483509,0.03,0.02,0.03,0.02,0.04,0.03,0.42,0.03,0.36,0.13,0.34,0.26,2026-07-06T18:05:00.769Z,USD,219386.0,0.01,0.15,25.03,0.03,,219386.0,0.06,0.26,19.98,0.26,
swsh3-127,Klinklang,127,Rare,,2026-07-06T18:05:01.145Z,EUR,483514,0.28,0.02,0.27,0.1,0.19,0.22,0.82,0.15,0.68,0.45,0.69,0.55,2026-07-06T18:05:00.769Z,USD,219388.0,0.05,0.21,19.98,0.15,0.05,219388.0,0.17,0.36,19.98,0.34,
swsh3-128,Galarian Stunfisk V,128,Holo Rare V,,2026-07-06T18:05:01.145Z,EUR,483519,0.95,0.3,0.92,1.25,1.09,0.98,,,1.24,1.16,1.34,1.37,2026-07-06T18:05:00.769Z,USD,,,,,,,,,,,,
swsh3-129,Meltan,129,Common,,2026-07-06T18:05:01.145Z,EUR,483524,0.05,0.02,0.04,0.03,0.03,0.03,0.27,0.02,0.28,0.19,0.31,0.23,2026-07-06T18:05:00.769Z,USD,219391.0,0.01,0.15,25.08,0.09,,219391.0,0.06,0.25,19.98,0.25,
swsh3-130,Melmetal,130,Rare,,2026-07-06T18:05:01.132Z,EUR,483529,0.19,0.02,0.22,0.05,0.14,0.17,0.81,0.15,0.66,0.05,0.81,0.66,2026-07-06T18:05:00.769Z,USD,219392.0,0.05,0.22,19.98,0.13,,219392.0,0.2,0.4,19.98,0.39,
swsh3-131,Cufant,131,Common,,2026-07-06T18:05:01.132Z,EUR,483534,0.05,0.02,0.06,0.03,0.05,0.04,0.39,0.03,0.38,0.25,0.34,0.27,2026-07-06T18:05:00.769Z,USD,219395.0,0.01,0.15,25.05,0.03,0.01,219395.0,0.1,0.25,2.99,0.22,0.1
swsh3-132,Copperajah,132,Holo Rare,,2026-07-06T18:05:01.132Z,EUR,483539,0.44,0.05,0.48,0.67,0.62,0.47,0.76,0.19,0.65,0.2,0.73,0.58,2026-07-06T18:05:00.769Z,USD,,,,,,,219396.0,0.19,0.43,28.0,0.42,0.41
swsh3-133,Kangaskhan,133,Holo Rare,,2026-07-06T18:05:01.132Z,EUR,483544,0.52,0.02,9.39,65.0,6.35,1.95,1.16,0.1,0.86,0.35,0.86,0.93,2026-07-06T18:05:00.769Z,USD,,,,,,,219328.0,0.34,0.64,19.98,0.65,0.64
swsh3-134,Tauros,134,Common,,2026-07-06T18:05:01.132Z,EUR,483549,0.07,0.02,0.05,0.06,0.04,0.05,0.29,0.02,0.31,0.2,0.28,0.23,2026-07-06T18:05:00.769Z,USD,219329.0,0.01,0.15,25.1,0.09,0.06,219329.0,0.07,0.25,17.34,0.24,0.17
swsh3-135,Sentret,135,Common,,2026-07-06T18:05:01.145Z,EUR,483554,0.07,0.02,0.15,0.62,0.35,0.15,0.32,0.06,0.25,0.2,0.26,0.3,2026-07-06T18:05:00.769Z,USD,219331.0,0.01,0.18,25.04,0.08,0.09,219331.0,0.08,0.3,19.4,0.31,
swsh3-136,Furret,136,Uncommon,,2026-07-06T18:05:01.145Z,EUR,483559,0.12,0.02,0.1,0.1,0.1,0.1,0.43,0.04,0.34,0.17,0.37,0.33,2026-07-06T18:05:00.769Z,USD,219333.0,0.04,0.2,25.07,0.08,,219333.0,0.15,0.36,19.98,0.35,
swsh3-137,Dunsparce,137,Common,,2026-07-06T18:05:01.132Z,EUR,483564,0.06,0.02,0.04,0.02,0.05,0.04,0.3,0.05,0.33,0.15,0.35,0.23,2026-07-06T18:05:00.769Z,USD,219334.0,0.01,0.18,25.19,0.19,0.08,219334.0,0.05,0.25,2.99,0.24,0.12
swsh3-138,Teddiursa,138,Common,,2026-07-06T18:05:01.132Z,EUR,483569,0.09,0.02,0.08,0.2,0.07,0.1,0.27,0.02,0.26,0.65,0.26,0.25,2026-07-06T18:05:00.769Z,USD,219336.0,0.01,0.18,25.07,0.07,0.08,219336.0,0.03,0.34,2.0,0.34,0.26
swsh3-139,Ursaring,139,Uncommon,,2026-07-06T18:05:01.132Z,EUR,483574,0.07,0.02,0.11,0.25,0.12,0.06,0.25,0.02,0.29,0.39,0.26,0.24,2026-07-06T18:05:00.769Z,USD,219337.0,0.01,0.18,25.1,0.1,0.02,219337.0,0.05,0.25,19.98,0.23,
swsh3-140,Lugia,140,Rare,,2026-07-06T18:05:01.132Z,EUR,483579,0.72,0.05,0.63,0.73,1.0,0.81,4.14,0.58,5.67,9.9,5.7,4.27,2026-07-06T18:05:00.769Z,USD,219340.0,0.08,0.58,100.0,0.65,,219340.0,0.5,2.12,96.95,2.18,
swsh3-141,Skitty,141,Common,,2026-07-06T18:05:01.132Z,EUR,483584,0.06,0.02,0.08,0.04,0.06,0.07,0.24,0.02,0.23,0.65,0.3,0.28,2026-07-06T18:05:00.769Z,USD,219341.0,0.03,0.25,25.26,0.28,,219341.0,0.1,0.5,25.0,0.54,0.4
swsh3-142,Delcatty,142,Rare,,2026-07-06T18:05:01.145Z,EUR,483589,0.33,0.05,0.48,0.39,0.38,0.34,2.05,0.2,2.29,0.4,2.85,1.5,2026-07-06T18:05:00.769Z,USD,219342.0,0.1,0.38,2.99,0.38,0.35,219342.0,0.25,0.75,19.98,0.67,
swsh3-143,Salamence V,143,Holo Rare V,,2026-07-06T18:05:01.132Z,EUR,483594,1.55,0.4,1.75,1.5,1.76,1.58,,,2.04,1.33,1.86,2.41,2026-07-06T18:05:00.769Z,USD,,,,,,,,,,,,
swsh3-144,Salamence VMAX,144,Holo Rare VMAX,,2026-07-06T18:05:01.132Z,EUR,483599,3.84,1.99,3.85,3.5,3.73,3.73,,,7.57,6.5,7.56,8.33,2026-07-06T18:05:00.769Z,USD,,,,,,,,,,,,
swsh3-145,Starly,145,Common,,2026-07-06T18:05:01.132Z,EUR,483604,0.04,0.02,0.05,0.04,0.04,0.04,0.26,0.03,0.2,0.09,0.2,0.19,2026-07-06T18:05:00.769Z,USD,219352.0,0.02,0.15,25.05,0.05,0.04,219352.0,0.08,0.25,19.98,0.22,
swsh3-146,Staravia,146,Uncommon,,2026-07-06T18:05:01.132Z,EUR,483609,0.07,0.02,0.07,0.1,0.06,0.05,0.23,0.05,0.26,0.25,0.18,0.22,2026-07-06T18:05:00.769Z,USD,219354.0,0.01,0.17,25.04,0.02,0.02,219354.0,0.07,0.25,25.22,0.22,0.14
swsh3-147,Staraptor,147,Rare,,2026-07-06T18:05:01.145Z,EUR,483614,0.32,0.05,0.22,0.1,0.31,0.33,0.96,0.1,0.92,0.15,1.02,0.69,2026-07-06T18:05:00.769Z,USD,219355.0,0.09,0.25,19.98,0.16,,219355.0,0.19,0.48,19.98,0.48,
swsh3-148,Ducklett,148,Common,,2026-07-06T18:05:01.132Z,EUR,483619,0.04,0.02,0.05,0.06,0.05,0.04,0.32,0.02,0.37,0.5,0.37,0.22,2026-07-06T18:05:00.769Z,USD,219357.0,0.01,0.15,25.06,0.08,0.05,219357.0,0.06,0.3,19.98,0.32,0.21
swsh3-149,Swanna,149,Rare,,2026-07-06T18:05:01.145Z,EUR,483624,0.16,0.02,0.2,0.3,0.22,0.17,0.49,0.1,0.43,0.73,0.5,0.54,2026-07-06T18:05:00.769Z,USD,219360.0,0.05,0.23,19.36,0.06,0.15,219360.0,0.12,0.4,19.98,0.36,
swsh3-150,Bunnelby,150,Common,,2026-07-06T18:05:01.132Z,EUR,483629,0.08,0.02,0.08,0.1,0.07,0.08,0.32,0.07,0.31,0.13,0.35,0.34,2026-07-06T18:05:00.769Z,USD,219362.0,0.01,0.19,5.01,0.1,0.1,219362.0,0.1,0.39,2.5,0.39,
swsh3-151,Fletchling,151,Common,,2026-07-06T18:05:01.145Z,EUR,483634,0.04,0.02,0.03,0.03,0.03,0.03,0.29,0.02,0.24,0.05,0.23,0.23,2026-07-06T18:05:00.769Z,USD,219364.0,0.01,0.15,25.04,0.05,0.02,219364.0,0.03,0.26,2.99,0.26,0.1
swsh3-152,Skwovet,152,Common,,2026-07-06T18:05:01.145Z,EUR,483639,0.06,0.02,0.05,0.02,0.06,0.05,0.31,0.03,0.28,0.3,0.29,0.29,2026-07-06T18:05:00.769Z,USD,219365.0,0.01,0.18,25.06,0.08,0.07,219365.0,0.1,0.3,19.98,0.31,
swsh3-153,Greedent,153,Rare,,2026-07-06T18:05:01.132Z,EUR,483644,0.23,0.02,0.26,0.1,0.17,0.19,0.8,0.1,0.79,0.24,0.63,0.65,2026-07-06T18:05:00.769Z,USD,219367.0,0.04,0.24,19.98,0.12,0.14,219367.0,0.18,0.47,2.0,0.49,
swsh3-154,Rookidee,154,Common,,2026-07-06T18:05:01.132Z,EUR,483649,0.04,0.02,0.04,0.04,0.03,0.04,0.28,0.04,0.24,0.19,0.19,0.22,2026-07-06T18:05:00.769Z,USD,219368.0,0.01,0.15,25.04,0.04,0.01,219368.0,0.07,0.26,19.98,0.25,0.1
swsh3-155,Corvisquire,155,Uncommon,,2026-07-06T18:05:01.132Z,EUR,483654,0.06,0.02,0.05,0.05,0.04,0.04,0.5,0.02,0.4,0.2,0.38,0.29,2026-07-06T18:05:00.769Z,USD,219370.0,0.01,0.16,25.08,0.07,0.01,219370.0,0.04,0.25,2.99,0.14,0.15
swsh3-156,Corviknight,156,Holo Rare,,2026-07-06T18:05:01.145Z,EUR,483659,0.42,0.08,0.47,0.62,0.46,0.41,0.72,0.08,0.46,0.2,0.32,0.58,2026-07-06T18:05:00.769Z,USD,,,,,,,219371.0,0.06,0.5,19.98,0.51,
swsh3-157,Big Parasol,157,Uncommon,,2026-07-06T18:05:01.132Z,EUR,483664,0.08,0.02,0.03,0.02,0.04,0.09,0.42,0.07,0.35,0.1,0.29,0.38,2026-07-06T18:05:00.769Z,USD,219265.0,0.01,0.18,19.92,0.1,0.1,219265.0,0.13,0.35,19.98,0.35,
swsh3-158,Billowing Smoke,158,Uncommon,,2026-07-06T18:05:01.132Z,EUR,483669,0.04,0.02,0.03,0.03,0.03,0.04,0.41,0.05,0.43,0.36,0.41,0.34,2026-07-06T18:05:00.769Z,USD,219268.0,0.01,0.15,19.98,0.08,0.06,219268.0,0.1,0.26,19.98,0.24,
swsh3-159,Bird Keeper,159,Uncommon,,2026-07-06T18:05:01.145Z,EUR,483674,0.12,0.02,0.1,0.07,0.06,0.1,0.47,0.03,0.42,0.38,0.36,0.35,2026-07-06T18:05:00.769Z,USD,219269.0,0.01,0.2,19.98,0.18,,219269.0,0.09,0.3,19.98,0.29,
swsh3-160,Cape of Toughness,160,Uncommon,,2026-07-06T18:05:01.145Z,EUR,483679,0.1,0.02,0.06,0.04,0.07,0.12,0.62,0.08,0.45,0.39,0.47,0.47,2026-07-06T18:05:00.769Z,USD,219272.0,0.02,0.2,19.98,0.12,,219272.0,0.2,0.43,19.98,0.43,
swsh3-161,Familiar Bell,161,Uncommon,,2026-07-06T18:05:01.145Z,EUR,483684,0.05,0.02,0.06,0.02,0.11,0.07,0.53,0.04,0.47,0.05,0.47,0.37,2026-07-06T18:05:00.769Z,USD,219273.0,0.01,0.16,19.98,0.06,0.04,219273.0,0.1,0.28,19.98,0.25,
swsh3-162,Glimwood Tangle,162,Uncommon,,2026-07-06T18:05:01.145Z,EUR,483689,0.12,0.02,0.09,0.1,0.1,0.13,0.41,0.1,0.4,0.15,0.37,0.41,2026-07-06T18:05:00.769Z,USD,219276.0,0.01,0.2,19.98,0.09,,219276.0,0.2,0.42,19.98,0.42,
swsh3-163,Kabu,163,Uncommon,,2026-07-06T18:05:01.132Z,EUR,483694,0.07,0.02,0.04,0.02,0.04,0.05,0.56,0.03,0.47,0.3,0.49,0.38,2026-07-06T18:05:00.769Z,USD,219277.0,0.01,0.15,25.11,0.11,0.05,219277.0,0.15,0.3,2.0,0.29,
swsh3-164,Old PC,164,Uncommon,,2026-07-06T18:05:01.145Z,EUR,483699,0.06,0.02,0.05,0.05,0.06,0.06,0.39,0.02,0.43,0.25,0.39,0.41,2026-07-06T18:05:00.769Z,USD,219278.0,0.01,0.15,25.07,0.06,0.05,219278.0,0.12,0.26,19.98,0.25,
swsh3-165,Piers,165,Uncommon,,2026-07-06T18:05:01.145Z,EUR,483704,0.11,0.02,0.04,0.02,0.05,0.1,0.74,0.02,0.62,0.23,0.54,0.44,2026-07-06T18:05:00.769Z,USD,219280.0,0.02,0.2,19.98,0.14,0.13,219280.0,0.06,0.3,19.98,0.28,0.22
swsh3-166,Pokémon Breeder's Nurturing,166,Uncommon,,2026-07-06T18:05:01.145Z,EUR,483709,0.1,0.02,0.09,0.02,0.06,0.09,0.69,0.1,0.73,0.96,0.56,0.42,2026-07-06T18:05:00.769Z,USD,219281.0,0.05,0.22,19.92,0.21,,219281.0,0.25,0.5,19.98,0.49,
swsh3-167,Rare Fossil,167,Uncommon,,2026-07-06T18:05:01.145Z,EUR,483714,0.1,0.02,0.07,0.03,0.07,0.07,0.61,0.03,0.51,0.3,0.55,0.41,2026-07-06T18:05:00.769Z,USD,219282.0,0.01,0.2,19.98,0.13,0.08,219282.0,0.24,0.49,19.98,0.49,0.5
swsh3-168,Rose,168,Uncommon,,2026-07-06T18:05:01.132Z,EUR,483719,0.07,0.02,0.05,0.05,0.05,0.08,0.49,0.05,0.34,0.38,0.34,0.36,2026-07-06T18:05:00.769Z,USD,219284.0,0.01,0.16,19.98,0.08,0.05,219284.0,0.1,0.3,19.98,0.29,0.22
swsh3-169,Rose Tower,169,Uncommon,,2026-07-06T18:05:01.145Z,EUR,483724,0.06,0.02,0.04,0.05,0.04,0.06,0.16,0.05,0.18,0.14,0.14,0.17,2026-07-06T18:05:00.769Z,USD,219285.0,0.01,0.19,2.99,0.12,0.06,219285.0,0.05,0.25,19.98,0.23,0.16
swsh3-170,Spikemuth,170,Uncommon,,2026-07-06T18:05:01.145Z,EUR,483729,0.08,0.02,0.13,0.02,0.11,0.08,0.36,0.02,0.29,0.09,0.25,0.34,2026-07-06T18:05:00.769Z,USD,219286.0,0.01,0.18,19.98,0.04,0.02,219286.0,0.01,0.35,18.86,0.33,0.3
swsh3-171,Struggle Gloves,171,Uncommon,,2026-07-06T18:05:01.132Z,EUR,483734,0.05,0.02,0.04,0.04,0.04,0.04,0.51,0.02,0.48,0.39,0.49,0.43,2026-07-06T18:05:00.769Z,USD,219287.0,0.01,0.15,19.36,0.05,0.05,219287.0,0.01,0.3,2.0,0.3,0.33
swsh3-172,Turbo Patch,172,Uncommon,,2026-07-06T18:05:01.145Z,EUR,483739,0.13,0.02,0.1,0.04,0.08,0.04,0.56,0.1,0.08,0.2,0.54,0.99,2026-07-06T18:05:00.769Z,USD,219289.0,0.01,0.15,19.36,0.05,0.05,219289.0,0.09,0.29,19.98,0.28,
swsh3-173,Yell Horn,173,Uncommon,,2026-07-06T18:05:01.145Z,EUR,483744,0.06,0.02,0.05,0.05,0.06,0.06,0.26,0.02,0.24,0.05,0.24,0.25,2026-07-06T18:05:00.769Z,USD,219290.0,0.01,0.2,25.1,0.1,0.09,219290.0,0.09,0.27,19.98,0.28,0.19
swsh3-174,Heat Fire Energy,174,Uncommon,,2026-07-06T18:05:01.132Z,EUR,483749,0.15,0.02,0.04,0.02,0.03,0.14,1.01,0.02,1.05,1.5,0.95,0.8,2026-07-06T18:05:00.769Z,USD,219291.0,0.03,0.22,19.36,0.17,0.1,219291.0,0.09,0.57,19.98,0.57,
swsh3-175,Hiding Darkness Energy,175,Uncommon,,2026-07-06T18:05:01.145Z,EUR,483754,0.18,0.02,0.17,0.25,0.16,0.17,0.91,0.1,0.88,0.5,0.84,0.86,2026-07-06T18:05:00.769Z,USD,219293.0,0.05,0.29,19.92,0.28,0.24,219293.0,0.25,0.85,19.98,0.89,
swsh3-176,Powerful Colorless Energy,176,Uncommon,,2026-07-06T18:05:01.145Z,EUR,483759,0.24,0.02,0.16,0.03,0.15,0.23,0.74,0.09,0.66,0.26,0.35,0.54,2026-07-06T18:05:00.769Z,USD,219294.0,0.02,0.28,19.98,0.29,0.17,219294.0,0.1,0.39,19.98,0.39,
swsh3-177,Butterfree V,177,Ultra Rare,,2026-07-06T18:05:01.132Z,EUR,483774,4.71,1.7,4.78,4.99,4.78,4.63,,,7.81,6.99,7.77,7.53,2026-07-06T18:05:00.769Z,USD,,,,,,,,,,,,
swsh3-178,Houndoom V,178,Ultra Rare,,2026-07-06T18:05:01.132Z,EUR,483779,5.59,2.0,5.61,12.99,5.29,5.47,,,9.84,7.5,8.54,9.03,2026-07-06T18:05:00.769Z,USD,,,,,,,,,,,,
swsh3-179,Centiskorch V,179,Ultra Rare,,2026-07-06T18:05:01.145Z,EUR,483784,2.29,1.0,2.03,2.24,2.42,2.44,,,6.94,7.0,6.85,7.11,2026-07-06T18:05:00.769Z,USD,,,,,,,,,,,,
swsh3-180,Vikavolt V,180,Ultra Rare,,2026-07-06T18:05:01.132Z,EUR,483789,2.6,1.0,3.26,2.4,2.47,2.54,,,6.92,8.0,7.22,6.55,2026-07-06T18:05:00.769Z,USD,,,,,,,,,,,,
swsh3-181,Rhyperior V,181,Ultra Rare,,2026-07-06T18:05:01.145Z,EUR,483794,3.7,1.0,3.78,3.74,3.51,3.65,,,6.08,5.99,6.39,6.28,2026-07-06T18:05:00.769Z,USD,,,,,,,,,,,,
swsh3-182,Crobat V,182,Ultra Rare,,2026-07-06T18:05:01.132Z,EUR,483799,2.86,1.49,3.05,2.95,3.65,3.12,,,14.44,20.0,13.56,15.21,2026-07-06T18:05:00.769Z,USD,,,,,,,,,,,,
swsh3-183,Scizor V,183,Ultra Rare,,2026-07-06T18:05:01.132Z,EUR,483804,4.43,1.45,4.05,4.99,4.19,4.49,,,8.76,8.7,9.03,8.6,2026-07-06T18:05:00.769Z,USD,,,,,,,,,,,,
swsh3-184,Galarian Stunfisk V,184,Ultra Rare,,2026-07-06T18:05:01.132Z,EUR,483809,2.47,0.8,2.82,5.0,2.71,2.53,,,7.86,10.0,7.56,8.19,2026-07-06T18:05:00.769Z,USD,,,,,,,,,,,,
swsh3-185,Salamence V,185,Ultra Rare,,2026-07-06T18:05:01.145Z,EUR,483814,5.99,2.0,5.93,9.84,5.83,5.97,,,6.45,5.97,6.62,7.05,2026-07-06T18:05:00.769Z,USD,,,,,,,,,,,,
swsh3-186,Kabu,186,Ultra Rare,,2026-07-06T18:05:01.132Z,EUR,483819,2.19,0.7,2.09,1.5,2.11,2.16,,,6.12,6.0,6.69,6.77,2026-07-06T18:05:00.769Z,USD,,,,,,,,,,,,
swsh3-187,Piers,187,Ultra Rare,,2026-07-06T18:05:01.132Z,EUR,483824,3.39,0.9,2.98,3.75,3.46,3.39,,,9.86,10.0,9.42,9.21,2026-07-06T18:05:00.769Z,USD,,,,,,,,,,,,
swsh3-188,Pokémon Breeder's Nurturing,188,Ultra Rare,,2026-07-06T18:05:01.132Z,EUR,483829,3.5,1.8,3.75,4.1,3.63,3.6,,,6.18,4.99,6.92,6.75,2026-07-06T18:05:00.769Z,USD,,,,,,,,,,,,
swsh3-189,Rose,189,Ultra Rare,,2026-07-06T18:05:01.132Z,EUR,483834,1.93,0.5,1.97,1.49,2.3,2.12,,,5.4,5.5,5.82,6.41,2026-07-06T18:05:00.769Z,USD,,,,,,,,,,,,
swsh3-190,Butterfree VMAX,190,Secret Rare,,2026-07-06T18:05:01.145Z,EUR,483839,17.71,7.75,19.0,17.0,18.78,16.89,,,24.0,27.0,24.26,25.53,2026-07-06T18:05:00.769Z,USD,,,,,,,,,,,,
swsh3-191,Centiskorch VMAX,191,Secret Rare,,2026-07-06T18:05:01.145Z,EUR,483844,6.1,3.0,5.78,4.8,4.83,5.83,,,17.76,19.0,19.44,18.46,2026-07-06T18:05:00.769Z,USD,,,,,,,,,,,,
swsh3-192,Eternatus VMAX,192,Secret Rare,,2026-07-06T18:05:01.132Z,EUR,489259,9.78,5.75,11.19,14.75,11.35,10.31,,,30.11,29.95,31.05,28.11,2026-07-06T18:05:00.769Z,USD,,,,,,,,,,,,
swsh3-193,Scizor VMAX,193,Secret Rare,,2026-07-06T18:05:01.132Z,EUR,483849,14.95,6.0,20.03,14.0,19.54,13.69,,,22.17,26.0,21.87,24.73,2026-07-06T18:05:00.769Z,USD,,,,,,,,,,,,
swsh3-194,Salamence VMAX,194,Secret Rare,,2026-07-06T18:05:01.132Z,EUR,483854,19.36,3.5,15.72,12.33,14.73,16.79,,,37.28,35.99,33.35,37.35,2026-07-06T18:05:00.769Z,USD,,,,,,,,,,,,
swsh3-195,Pokémon Breeder's Nurturing,195,Secret Rare,,2026-07-06T18:05:01.132Z,EUR,483869,5.46,1.9,7.57,4.77,8.87,6.11,,,14.85,21.5,13.26,13.93,2026-07-06T18:05:00.769Z,USD,,,,,,,,,,,,
swsh3-196,Rose,196,Secret Rare,,2026-07-06T18:05:01.145Z,EUR,489254,4.29,1.98,4.23,3.32,4.24,4.07,,,14.63,14.95,13.88,15.4,2026-07-06T18:05:00.769Z,USD,,,,,,,,,,,,
swsh3-197,Rillaboom,197,Secret Rare,,2026-07-06T18:05:01.132Z,EUR,483874,9.03,3.0,10.35,8.95,8.72,9.25,,,35.8,39.5,35.79,34.19,2026-07-06T18:05:00.769Z,USD,,,,,,,,,,,,
swsh3-198,Coalossal,198,Secret Rare,,2026-07-06T18:05:01.132Z,EUR,483879,7.0,4.35,7.66,13.5,7.79,7.09,,,28.25,31.0,30.67,31.6,2026-07-06T18:05:00.769Z,USD,,,,,,,,,,,,
swsh3-199,Big Parasol,199,Secret Rare,,2026-07-06T18:05:01.132Z,EUR,483884,3.93,1.99,3.81,2.97,4.08,3.83,,,10.47,11.99,12.75,12.7,2026-07-06T18:05:00.769Z,USD,,,,,,,,,,,,
swsh3-200,Turbo Patch,200,Secret Rare,,2026-07-06T18:05:01.132Z,EUR,483889,4.54,2.0,5.62,4.2,4.98,4.13,,,11.53,6.0,12.76,12.82,2026-07-06T18:05:00.769Z,USD,,,,,,,,,,,,
swsh3-201,Capture Energy,201,Secret Rare,,2026-07-06T18:05:01.132Z,EUR,483894,3.7,1.0,3.83,4.0,4.27,3.99,,,12.26,19.99,12.74,13.16,2026-07-06T18:05:00.769Z,USD,,,,,,,,,,,,
